Timestamp,Strategy,Ticker,Live_Price,Buy_Floor,Exit_Ceiling,Move_Pct,Zone_Start,Zone_End
2026-07-02 02:42:10,V20_Range_Breakout,LT.NS,4092.6,3928.9,4829.27,22.50%,2026-01-01,2026-01-15
2026-07-02 02:42:10,V20_Range_Breakout,RELIANCE.NS,1308.0,1255.68,1543.44,22.50%,2026-01-01,2026-01-15
2026-07-02 02:42:10,V20_Range_Breakout,SBIN.NS,1047.4,1005.5,1235.93,22.50%,2026-01-01,2026-01-15
2026-07-02 02:42:10,V20_Range_Breakout,HDFCBANK.NS,796.15,764.3,939.46,22.50%,2026-01-01,2026-01-15
2026-07-02 02:42:10,V20_Range_Breakout,ICICIBANK.NS,1379.8,1324.61,1628.16,22.50%,2026-01-01,2026-01-15
2026-07-02 02:42:10,V20_Range_Breakout,AXISBANK.NS,1368.7,1313.95,1615.07,22.50%,2026-01-01,2026-01-15
2026-07-02 02:42:10,V20_Range_Breakout,KOTAKBANK.NS,400.45,384.43,472.53,22.50%,2026-01-01,2026-01-15
2026-07-02 02:42:10,V20_Range_Breakout,HCLTECH.NS,1034.2,992.83,1220.36,22.50%,2026-01-01,2026-01-15
2026-07-02 02:42:10,V20_Range_Breakout,INFY.NS,985.3,945.89,1162.65,22.50%,2026-01-01,2026-01-15
2026-07-02 02:42:10,V20_Range_Breakout,TCS.NS,1982.6,1903.3,2339.47,22.50%,2026-01-01,2026-01-15
2026-07-02 02:42:10,V20_Range_Breakout,HDFCAMC.NS,2745.8,2635.97,3240.04,22.50%,2026-01-01,2026-01-15
2026-07-02 02:42:10,V20_Range_Breakout,NAM-INDIA.NS,1196.4,304.5,369.14,21.23%,2023-10-09,2023-10-13
2026-07-02 02:42:10,V20_Range_Breakout,HDFCLIFE.NS,569.95,547.15,672.54,22.50%,2026-01-01,2026-01-15
2026-07-02 02:42:10,V20_Range_Breakout,ICICIPRULI.NS,492.95,473.23,581.68,22.50%,2026-01-01,2026-01-15
2026-07-02 02:42:10,V20_Range_Breakout,ICICIGI.NS,1757.6,1687.3,2073.97,22.50%,2026-01-01,2026-01-15
2026-07-02 02:42:10,V20_Range_Breakout,BAJAJFINSV.NS,1797.6,1725.7,2121.17,22.50%,2026-01-01,2026-01-15
2026-07-02 02:42:10,V20_Range_Breakout,BAJFINANCE.NS,1014.9,974.3,1197.58,22.50%,2026-01-01,2026-01-15
2026-07-02 02:42:10,V20_Range_Breakout,BAJAJ-AUTO.NS,9842.0,9448.32,11613.56,22.50%,2026-01-01,2026-01-15
2026-07-02 02:42:10,V20_Range_Breakout,MARUTI.NS,14395.0,13819.2,16986.1,22.50%,2026-01-01,2026-01-15
2026-07-02 02:42:10,V20_Range_Breakout,HINDUNILVR.NS,2182.0,2094.72,2574.76,22.50%,2026-01-01,2026-01-15
2026-07-02 02:42:10,V20_Range_Breakout,NESTLEIND.NS,1453.8,1395.65,1715.48,22.50%,2026-01-01,2026-01-15
2026-07-02 02:42:10,V20_Range_Breakout,PGHH.NS,8958.5,8600.16,10571.03,22.50%,2026-01-01,2026-01-15
2026-07-02 02:42:10,V20_Range_Breakout,PIDILITIND.NS,1581.9,1518.62,1866.64,22.50%,2026-01-01,2026-01-15
2026-07-02 02:42:10,V20_Range_Breakout,COLPAL.NS,2071.9,1989.02,2444.84,22.50%,2026-01-01,2026-01-15
2026-07-02 02:42:10,V20_Range_Breakout,DABUR.NS,444.75,426.96,524.8,22.50%,2026-01-01,2026-01-15
2026-07-02 02:42:10,V20_Range_Breakout,GILLETTE.NS,7649.5,7265.28,8796.35,21.07%,2025-02-18,2025-02-20
2026-07-02 02:42:10,V20_Range_Breakout,MARICO.NS,851.0,816.96,1004.18,22.50%,2026-01-01,2026-01-15
2026-07-02 02:42:10,V20_Range_Breakout,ITC.NS,290.3,278.69,342.55,22.50%,2026-01-01,2026-01-15
2026-07-02 02:42:10,V20_Range_Breakout,TITAN.NS,4398.6,4222.66,5190.35,22.50%,2026-01-01,2026-01-15
2026-07-02 02:42:10,V20_Range_Breakout,PAGEIND.NS,43610.0,41865.6,51459.8,22.50%,2026-01-01,2026-01-15
2026-07-02 02:42:10,V20_Range_Breakout,BATAINDIA.NS,682.1,654.82,804.88,22.50%,2026-01-01,2026-01-15
2026-07-02 02:42:10,V20_Range_Breakout,HAVELLS.NS,1188.8,1373.11,1654.06,20.46%,2025-04-07,2025-04-22
2026-07-02 02:42:10,V20_Range_Breakout,VOLTAS.NS,1281.1,1125.16,1394.41,23.93%,2025-02-01,2025-02-03
2026-07-02 02:42:10,V20_Range_Breakout,GLAXO.NS,2464.7,1894.45,2642.36,39.48%,2025-02-14,2025-02-20
2026-07-02 02:42:10,V20_Range_Breakout,ABBOTINDIA.NS,25550.0,24528.0,30149.0,22.50%,2026-01-01,2026-01-15
2026-07-02 02:42:10,V20_Range_Breakout,PFIZER.NS,4473.6,4280.78,5692.32,32.97%,2025-05-19,2025-06-05
2026-07-02 02:42:10,V20_Range_Breakout,SANOFI.NS,3460.4,5620.1,10037.9,78.61%,2024-06-07,2024-06-13
2026-07-02 02:42:10,V20_Range_Breakout,ASIANPAINT.NS,2716.4,2607.74,3205.35,22.50%,2026-01-01,2026-01-15
2026-07-02 02:42:10,V20_Range_Breakout,CDSL.NS,1332.4,1279.1,1572.23,22.50%,2026-01-01,2026-01-15
2026-07-02 02:42:10,V20_Range_Breakout,BSE.NS,3944.1,2391.0,2918.0,22.04%,2025-05-29,2025-06-05
2026-07-02 02:42:10,V20_Range_Breakout,JIOFIN.NS,240.01,271.48,346.46,27.62%,2024-02-19,2024-02-23
2026-07-02 02:42:10,V20_Range_Breakout,ANGELONE.NS,340.4,228.45,284.2,24.40%,2026-04-01,2026-04-09
2026-07-02 02:42:10,V20_Range_Breakout,CAMS.NS,792.2,874.48,1049.83,20.05%,2024-11-25,2024-12-05
2026-07-02 02:42:10,V20_Range_Breakout,MCX.NS,2962.0,903.55,1187.07,31.38%,2025-04-07,2025-04-21
2026-07-02 02:42:10,V20_Range_Breakout,ULTRACEMCO.NS,11456.0,10997.76,13518.08,22.50%,2026-01-01,2026-01-15
2026-07-02 02:42:10,V20_Range_Breakout,ACC.NS,1332.2,1278.91,1572.0,22.50%,2026-01-01,2026-01-15
2026-07-02 02:42:10,V20_Range_Breakout,TEAMLEASE.NS,1450.4,2854.65,3478.0,21.84%,2024-07-23,2024-07-29
2026-07-02 02:42:10,V20_Range_Breakout,QUESS.NS,273.4,256.73,582.7,126.97%,2025-04-11,2025-04-15
2026-07-02 02:42:10,V20_Range_Breakout,ASTRAZEN.NS,8176.5,7793.36,9998.82,28.30%,2025-05-29,2025-06-05
2026-07-02 02:42:10,V20_Range_Breakout,CIPLA.NS,1456.7,1398.43,1718.91,22.50%,2026-01-01,2026-01-15
2026-07-02 02:42:10,V20_Range_Breakout,ERIS.NS,1446.4,1091.34,1389.64,27.33%,2025-04-07,2025-04-11
2026-07-02 02:42:10,V20_Range_Breakout,LALPATHLAB.NS,1623.1,1558.18,1915.26,22.50%,2026-01-01,2026-01-15
2026-07-02 02:42:10,V20_Range_Breakout,APOLLOHOSP.NS,8618.5,8273.76,10169.83,22.50%,2026-01-01,2026-01-15
2026-07-02 02:42:10,V20_Range_Breakout,MEDANTA.NS,1328.0,1009.64,1259.55,24.75%,2025-04-07,2025-04-08
2026-07-02 02:42:10,V20_Range_Breakout,FORTIS.NS,949.05,911.09,1119.88,22.50%,2026-01-01,2026-01-15
2026-07-02 02:42:10,V20_Range_Breakout,ADANIPORTS.NS,1848.2,1774.27,2180.88,22.50%,2026-01-01,2026-01-15
2026-07-02 02:42:10,V20_Range_Breakout,JSWINFRA.NS,330.45,317.23,389.93,22.50%,2026-01-01,2026-01-15
2026-07-02 02:42:10,V20_Range_Breakout,AWL.NS,184.2,176.83,217.36,22.50%,2026-01-01,2026-01-15
2026-07-02 02:42:10,V20_Range_Breakout,GODREJCP.NS,1043.6,1001.86,1231.45,22.50%,2026-01-01,2026-01-15
2026-07-02 02:42:10,V20_Range_Breakout,DIXON.NS,11956.0,12749.33,16820.51,31.93%,2025-04-09,2025-04-22
2026-07-02 02:42:10,V20_Range_Breakout,KAJARIACER.NS,1203.6,945.5,1178.0,24.59%,2026-04-01,2026-04-15
2026-07-02 02:42:10,V20_Range_Breakout,HONAUT.NS,39655.0,28540.0,36550.0,28.07%,2026-05-19,2026-05-22
2026-07-02 02:42:10,V20_Range_Breakout,DMART.NS,4328.6,3685.1,4562.6,23.81%,2026-03-24,2026-04-06
2026-07-02 02:42:10,V20_Range_Breakout,RELAXO.NS,410.0,393.6,483.8,22.50%,2026-01-01,2026-01-15
2026-07-02 02:42:10,V20_Range_Breakout,BLUESTARCO.NS,1606.4,1581.5,1921.0,21.47%,2026-04-08,2026-04-20
2026-07-02 02:42:10,V20_Range_Breakout,BOSCHLTD.NS,40785.0,29120.0,37670.0,29.36%,2026-04-01,2026-04-10
2026-07-02 02:42:10,V20_Range_Breakout,EICHERMOT.NS,7139.0,6853.44,8424.02,22.50%,2026-01-01,2026-01-15
2026-07-02 02:42:10,V20_Range_Breakout,MRF.NS,129430.0,124252.8,152727.4,22.50%,2026-01-01,2026-01-15
2026-07-02 02:42:10,V20_Range_Breakout,M&M.NS,3097.0,2973.12,3654.46,22.50%,2026-01-01,2026-01-15
2026-07-02 02:42:10,V20_Range_Breakout,HYUNDAI.NS,1918.3,1841.57,2263.59,22.50%,2026-01-01,2026-01-15
2026-07-02 02:42:10,V20_Range_Breakout,INDHOTEL.NS,718.75,690.0,848.12,22.50%,2026-01-01,2026-01-15
2026-07-02 02:42:10,V20_Range_Breakout,UNITDSPR.NS,1352.4,1298.3,1595.83,22.50%,2026-01-01,2026-01-15
2026-07-02 02:42:10,V20_Range_Breakout,RADICO.NS,3952.6,2710.0,3365.0,24.17%,2026-04-10,2026-04-20
2026-07-02 02:42:10,V20_Range_Breakout,UBL.NS,1359.3,1304.93,1603.97,22.50%,2026-01-01,2026-01-15
2026-07-02 02:42:10,V20_Range_Breakout,VBL.NS,515.7,394.43,474.75,20.36%,2026-04-07,2026-04-17
2026-07-02 02:58:34,V20_Range_Breakout,LT.NS,4092.6,3928.9,4829.27,22.50%,2026-01-01,2026-01-15
2026-07-02 02:58:34,V20_Range_Breakout,RELIANCE.NS,1308.0,1255.68,1543.44,22.50%,2026-01-01,2026-01-15
2026-07-02 02:58:34,V20_Range_Breakout,SBIN.NS,1047.4,1005.5,1235.93,22.50%,2026-01-01,2026-01-15
2026-07-02 02:58:34,V20_Range_Breakout,HDFCBANK.NS,796.15,764.3,939.46,22.50%,2026-01-01,2026-01-15
2026-07-02 02:58:34,V20_Range_Breakout,ICICIBANK.NS,1379.8,1324.61,1628.16,22.50%,2026-01-01,2026-01-15
2026-07-02 02:58:34,V20_Range_Breakout,AXISBANK.NS,1368.7,1313.95,1615.07,22.50%,2026-01-01,2026-01-15
2026-07-02 02:58:34,V20_Range_Breakout,KOTAKBANK.NS,400.45,384.43,472.53,22.50%,2026-01-01,2026-01-15
2026-07-02 02:58:34,V20_Range_Breakout,HCLTECH.NS,1034.2,992.83,1220.36,22.50%,2026-01-01,2026-01-15
2026-07-02 02:58:34,V20_Range_Breakout,INFY.NS,985.3,945.89,1162.65,22.50%,2026-01-01,2026-01-15
2026-07-02 02:58:34,V20_Range_Breakout,TCS.NS,1982.6,1903.3,2339.47,22.50%,2026-01-01,2026-01-15
2026-07-02 02:58:34,V20_Range_Breakout,HDFCAMC.NS,2745.8,2635.97,3240.04,22.50%,2026-01-01,2026-01-15
2026-07-02 02:58:34,V20_Range_Breakout,NAM-INDIA.NS,1196.4,304.5,369.14,21.23%,2023-10-09,2023-10-13
2026-07-02 02:58:34,V20_Range_Breakout,HDFCLIFE.NS,569.95,547.15,672.54,22.50%,2026-01-01,2026-01-15
2026-07-02 02:58:34,V20_Range_Breakout,ICICIPRULI.NS,492.95,473.23,581.68,22.50%,2026-01-01,2026-01-15
2026-07-02 02:58:34,V20_Range_Breakout,ICICIGI.NS,1757.6,1687.3,2073.97,22.50%,2026-01-01,2026-01-15
2026-07-02 02:58:34,V20_Range_Breakout,BAJAJFINSV.NS,1797.6,1725.7,2121.17,22.50%,2026-01-01,2026-01-15
2026-07-02 02:58:34,V20_Range_Breakout,BAJFINANCE.NS,1014.9,974.3,1197.58,22.50%,2026-01-01,2026-01-15
2026-07-02 02:58:34,V20_Range_Breakout,BAJAJ-AUTO.NS,9842.0,9448.32,11613.56,22.50%,2026-01-01,2026-01-15
2026-07-02 02:58:34,V20_Range_Breakout,MARUTI.NS,14395.0,13819.2,16986.1,22.50%,2026-01-01,2026-01-15
2026-07-02 02:58:34,V20_Range_Breakout,HINDUNILVR.NS,2182.0,2094.72,2574.76,22.50%,2026-01-01,2026-01-15
2026-07-02 02:58:34,V20_Range_Breakout,NESTLEIND.NS,1453.8,1395.65,1715.48,22.50%,2026-01-01,2026-01-15
2026-07-02 02:58:34,V20_Range_Breakout,PGHH.NS,8958.5,8600.16,10571.03,22.50%,2026-01-01,2026-01-15
2026-07-02 02:58:34,V20_Range_Breakout,PIDILITIND.NS,1581.9,1518.62,1866.64,22.50%,2026-01-01,2026-01-15
2026-07-02 02:58:34,V20_Range_Breakout,COLPAL.NS,2071.9,1989.02,2444.84,22.50%,2026-01-01,2026-01-15
2026-07-02 02:58:34,V20_Range_Breakout,DABUR.NS,444.75,426.96,524.8,22.50%,2026-01-01,2026-01-15
2026-07-02 02:58:34,V20_Range_Breakout,GILLETTE.NS,7649.5,7265.28,8796.35,21.07%,2025-02-18,2025-02-20
2026-07-02 02:58:34,V20_Range_Breakout,MARICO.NS,851.0,816.96,1004.18,22.50%,2026-01-01,2026-01-15
2026-07-02 02:58:34,V20_Range_Breakout,ITC.NS,290.3,278.69,342.55,22.50%,2026-01-01,2026-01-15
2026-07-02 02:58:34,V20_Range_Breakout,TITAN.NS,4398.6,4222.66,5190.35,22.50%,2026-01-01,2026-01-15
2026-07-02 02:58:34,V20_Range_Breakout,PAGEIND.NS,43610.0,41865.6,51459.8,22.50%,2026-01-01,2026-01-15
2026-07-02 02:58:34,V20_Range_Breakout,BATAINDIA.NS,682.1,654.82,804.88,22.50%,2026-01-01,2026-01-15
2026-07-02 02:58:34,V20_Range_Breakout,HAVELLS.NS,1188.8,1373.11,1654.06,20.46%,2025-04-07,2025-04-22
2026-07-02 02:58:34,V20_Range_Breakout,VOLTAS.NS,1281.1,1125.16,1394.41,23.93%,2025-02-01,2025-02-03
2026-07-02 02:58:34,V20_Range_Breakout,GLAXO.NS,2464.7,1894.45,2642.36,39.48%,2025-02-14,2025-02-20
2026-07-02 02:58:34,V20_Range_Breakout,ABBOTINDIA.NS,25550.0,24528.0,30149.0,22.50%,2026-01-01,2026-01-15
2026-07-02 02:58:34,V20_Range_Breakout,PFIZER.NS,4473.6,4280.78,5692.32,32.97%,2025-05-19,2025-06-05
2026-07-02 02:58:34,V20_Range_Breakout,SANOFI.NS,3460.4,5620.1,10037.9,78.61%,2024-06-07,2024-06-13
2026-07-02 02:58:34,V20_Range_Breakout,ASIANPAINT.NS,2716.4,2607.74,3205.35,22.50%,2026-01-01,2026-01-15
2026-07-02 02:58:34,V20_Range_Breakout,CDSL.NS,1332.4,1279.1,1572.23,22.50%,2026-01-01,2026-01-15
2026-07-02 02:58:34,V20_Range_Breakout,BSE.NS,3944.1,2391.0,2918.0,22.04%,2025-05-29,2025-06-05
2026-07-02 02:58:34,V20_Range_Breakout,JIOFIN.NS,240.01,271.48,346.46,27.62%,2024-02-19,2024-02-23
2026-07-02 02:58:34,V20_Range_Breakout,ANGELONE.NS,340.4,228.45,284.2,24.40%,2026-04-01,2026-04-09
2026-07-02 02:58:34,V20_Range_Breakout,CAMS.NS,792.2,874.48,1049.83,20.05%,2024-11-25,2024-12-05
2026-07-02 02:58:34,V20_Range_Breakout,MCX.NS,2962.0,903.55,1187.07,31.38%,2025-04-07,2025-04-21
2026-07-02 02:58:34,V20_Range_Breakout,ULTRACEMCO.NS,11456.0,10997.76,13518.08,22.50%,2026-01-01,2026-01-15
2026-07-02 02:58:34,V20_Range_Breakout,ACC.NS,1332.2,1278.91,1572.0,22.50%,2026-01-01,2026-01-15
2026-07-02 02:58:34,V20_Range_Breakout,TEAMLEASE.NS,1450.4,2854.65,3478.0,21.84%,2024-07-23,2024-07-29
2026-07-02 02:58:34,V20_Range_Breakout,QUESS.NS,273.4,256.73,582.7,126.97%,2025-04-11,2025-04-15
2026-07-02 02:58:34,V20_Range_Breakout,ASTRAZEN.NS,8176.5,7793.36,9998.82,28.30%,2025-05-29,2025-06-05
2026-07-02 02:58:34,V20_Range_Breakout,CIPLA.NS,1456.7,1398.43,1718.91,22.50%,2026-01-01,2026-01-15
2026-07-02 02:58:34,V20_Range_Breakout,ERIS.NS,1446.4,1091.34,1389.64,27.33%,2025-04-07,2025-04-11
2026-07-02 02:58:34,V20_Range_Breakout,LALPATHLAB.NS,1623.1,1558.18,1915.26,22.50%,2026-01-01,2026-01-15
2026-07-02 02:58:34,V20_Range_Breakout,APOLLOHOSP.NS,8618.5,8273.76,10169.83,22.50%,2026-01-01,2026-01-15
2026-07-02 02:58:34,V20_Range_Breakout,MEDANTA.NS,1328.0,1009.64,1259.55,24.75%,2025-04-07,2025-04-08
2026-07-02 02:58:34,V20_Range_Breakout,FORTIS.NS,949.05,911.09,1119.88,22.50%,2026-01-01,2026-01-15
2026-07-02 02:58:34,V20_Range_Breakout,ADANIPORTS.NS,1848.2,1774.27,2180.88,22.50%,2026-01-01,2026-01-15
2026-07-02 02:58:34,V20_Range_Breakout,JSWINFRA.NS,330.45,317.23,389.93,22.50%,2026-01-01,2026-01-15
2026-07-02 02:58:34,V20_Range_Breakout,AWL.NS,184.2,176.83,217.36,22.50%,2026-01-01,2026-01-15
2026-07-02 02:58:34,V20_Range_Breakout,GODREJCP.NS,1043.6,1001.86,1231.45,22.50%,2026-01-01,2026-01-15
2026-07-02 02:58:34,V20_Range_Breakout,DIXON.NS,11956.0,12749.33,16820.51,31.93%,2025-04-09,2025-04-22
2026-07-02 02:58:34,V20_Range_Breakout,KAJARIACER.NS,1203.6,945.5,1178.0,24.59%,2026-04-01,2026-04-15
2026-07-02 02:58:34,V20_Range_Breakout,HONAUT.NS,39655.0,28540.0,36550.0,28.07%,2026-05-19,2026-05-22
2026-07-02 02:58:34,V20_Range_Breakout,DMART.NS,4328.6,3685.1,4562.6,23.81%,2026-03-24,2026-04-06
2026-07-02 02:58:34,V20_Range_Breakout,RELAXO.NS,410.0,393.6,483.8,22.50%,2026-01-01,2026-01-15
2026-07-02 02:58:34,V20_Range_Breakout,BLUESTARCO.NS,1606.4,1581.5,1921.0,21.47%,2026-04-08,2026-04-20
2026-07-02 02:58:34,V20_Range_Breakout,BOSCHLTD.NS,40785.0,29120.0,37670.0,29.36%,2026-04-01,2026-04-10
2026-07-02 02:58:34,V20_Range_Breakout,EICHERMOT.NS,7139.0,6853.44,8424.02,22.50%,2026-01-01,2026-01-15
2026-07-02 02:58:34,V20_Range_Breakout,MRF.NS,129430.0,124252.8,152727.4,22.50%,2026-01-01,2026-01-15
2026-07-02 02:58:34,V20_Range_Breakout,M&M.NS,3097.0,2973.12,3654.46,22.50%,2026-01-01,2026-01-15
2026-07-02 02:58:34,V20_Range_Breakout,HYUNDAI.NS,1918.3,1841.57,2263.59,22.50%,2026-01-01,2026-01-15
2026-07-02 02:58:34,V20_Range_Breakout,INDHOTEL.NS,718.75,690.0,848.12,22.50%,2026-01-01,2026-01-15
2026-07-02 02:58:34,V20_Range_Breakout,UNITDSPR.NS,1352.4,1298.3,1595.83,22.50%,2026-01-01,2026-01-15
2026-07-02 02:58:34,V20_Range_Breakout,RADICO.NS,3952.6,2710.0,3365.0,24.17%,2026-04-10,2026-04-20
2026-07-02 02:58:34,V20_Range_Breakout,UBL.NS,1359.3,1304.93,1603.97,22.50%,2026-01-01,2026-01-15
2026-07-02 02:58:34,V20_Range_Breakout,VBL.NS,515.7,394.43,474.75,20.36%,2026-04-07,2026-04-17
2026-07-03 10:50:56,V20_Range_Breakout,EICHERMOT.NS,7339.5,7045.92,8660.61,22.50%,2026-01-01,2026-01-15
2026-07-03 10:50:56,V20_Range_Breakout,M&M.NS,3136.9,3011.42,3701.54,22.50%,2026-01-01,2026-01-15
2026-07-03 10:50:56,V20_Range_Breakout,RADICO.NS,3892.3,2710.0,3365.0,24.17%,2026-04-10,2026-04-20
2026-07-03 10:50:56,V20_Range_Breakout,ULTRACEMCO.NS,11723.0,11254.08,13833.14,22.50%,2026-01-01,2026-01-15
2026-07-03 10:50:56,V20_Range_Breakout,ACC.NS,1393.8,1338.05,1644.68,22.50%,2026-01-01,2026-01-15
2026-07-03 10:50:56,V20_Range_Breakout,DABUR.NS,444.35,426.58,524.33,22.50%,2026-01-01,2026-01-15
2026-07-03 10:50:56,V20_Range_Breakout,BOSCHLTD.NS,41895.0,29120.0,37670.0,29.36%,2026-04-01,2026-04-10
2026-07-03 10:50:56,V20_Range_Breakout,LT.NS,4026.6,3865.54,4751.39,22.50%,2026-01-01,2026-01-15
2026-07-03 10:50:56,V20_Range_Breakout,INFY.NS,1047.2,1005.31,1235.7,22.50%,2026-01-01,2026-01-15
2026-07-03 10:50:56,V20_Range_Breakout,DMART.NS,3994.4,3685.1,4562.6,23.81%,2026-03-24,2026-04-06
2026-07-03 10:50:56,V20_Range_Breakout,ADANIPORTS.NS,1874.2,1799.23,2211.56,22.50%,2026-01-01,2026-01-15
2026-07-03 10:50:56,V20_Range_Breakout,BAJAJ-AUTO.NS,9785.5,9394.08,11546.89,22.50%,2026-01-01,2026-01-15
2026-07-03 10:50:56,V20_Range_Breakout,ITC.NS,289.95,278.35,342.14,22.50%,2026-01-01,2026-01-15
2026-07-03 10:50:56,V20_Range_Breakout,VOLTAS.NS,1280.2,1125.16,1394.41,23.93%,2025-02-01,2025-02-03
2026-07-03 10:50:56,V20_Range_Breakout,NESTLEIND.NS,1459.8,1401.41,1722.56,22.50%,2026-01-01,2026-01-15
2026-07-03 10:50:56,V20_Range_Breakout,PFIZER.NS,4568.6,4280.78,5692.32,32.97%,2025-05-19,2025-06-05
2026-07-03 10:50:56,V20_Range_Breakout,CDSL.NS,1350.6,1296.58,1593.71,22.50%,2026-01-01,2026-01-15
2026-07-03 10:50:56,V20_Range_Breakout,BLUESTARCO.NS,1583.2,1581.5,1921.0,21.47%,2026-04-08,2026-04-20
2026-07-03 10:50:56,V20_Range_Breakout,COLPAL.NS,2047.0,1965.12,2415.46,22.50%,2026-01-01,2026-01-15
2026-07-03 10:50:56,V20_Range_Breakout,MARICO.NS,838.55,805.01,989.49,22.50%,2026-01-01,2026-01-15
2026-07-03 10:50:56,V20_Range_Breakout,BAJFINANCE.NS,1031.4,990.14,1217.05,22.50%,2026-01-01,2026-01-15
2026-07-03 10:50:56,V20_Range_Breakout,KOTAKBANK.NS,396.75,380.88,468.16,22.50%,2026-01-01,2026-01-15
2026-07-03 10:50:56,V20_Range_Breakout,HDFCAMC.NS,2800.2,2688.19,3304.24,22.50%,2026-01-01,2026-01-15
2026-07-03 10:50:56,V20_Range_Breakout,HONAUT.NS,39515.0,28540.0,36550.0,28.07%,2026-05-19,2026-05-22
2026-07-03 10:50:56,V20_Range_Breakout,SBIN.NS,1040.0,998.4,1227.2,22.50%,2026-01-01,2026-01-15
2026-07-03 10:50:56,V20_Range_Breakout,GODREJCP.NS,1076.9,1033.82,1270.74,22.50%,2026-01-01,2026-01-15
2026-07-03 10:50:56,V20_Range_Breakout,TEAMLEASE.NS,1421.3,2854.65,3478.0,21.84%,2024-07-23,2024-07-29
2026-07-03 10:50:56,V20_Range_Breakout,HCLTECH.NS,1139.0,1093.44,1344.02,22.50%,2026-01-01,2026-01-15
2026-07-03 10:50:56,V20_Range_Breakout,ICICIGI.NS,1772.8,1701.89,2091.9,22.50%,2026-01-01,2026-01-15
2026-07-03 10:50:56,V20_Range_Breakout,AWL.NS,191.11,183.47,225.51,22.50%,2026-01-01,2026-01-15
2026-07-03 10:50:56,V20_Range_Breakout,MRF.NS,134655.0,129268.8,158892.9,22.50%,2026-01-01,2026-01-15
2026-07-03 10:50:56,V20_Range_Breakout,TCS.NS,2093.5,2009.76,2470.33,22.50%,2026-01-01,2026-01-15
2026-07-03 10:50:56,V20_Range_Breakout,MCX.NS,2814.0,903.55,1187.07,31.38%,2025-04-07,2025-04-21
2026-07-03 10:50:56,V20_Range_Breakout,HDFCLIFE.NS,567.7,544.99,669.89,22.50%,2026-01-01,2026-01-15
2026-07-03 10:50:56,V20_Range_Breakout,HYUNDAI.NS,1993.4,1913.66,2352.21,22.50%,2026-01-01,2026-01-15
2026-07-03 10:50:56,V20_Range_Breakout,ERIS.NS,1431.1,1091.34,1389.64,27.33%,2025-04-07,2025-04-11
2026-07-03 10:50:56,V20_Range_Breakout,LALPATHLAB.NS,1645.7,1579.87,1941.93,22.50%,2026-01-01,2026-01-15
2026-07-03 10:50:56,V20_Range_Breakout,HDFCBANK.NS,801.05,769.01,945.24,22.50%,2026-01-01,2026-01-15
2026-07-03 10:50:56,V20_Range_Breakout,PIDILITIND.NS,1598.0,1534.08,1885.64,22.50%,2026-01-01,2026-01-15
2026-07-03 10:50:56,V20_Range_Breakout,QUESS.NS,290.85,240.59,294.0,22.20%,2026-06-30,2026-07-03
2026-07-03 10:50:56,V20_Range_Breakout,CIPLA.NS,1458.2,1399.87,1720.68,22.50%,2026-01-01,2026-01-15
2026-07-03 10:50:56,V20_Range_Breakout,GILLETTE.NS,7610.5,7265.28,8796.35,21.07%,2025-02-18,2025-02-20
2026-07-03 10:50:56,V20_Range_Breakout,ABBOTINDIA.NS,25895.0,24859.2,30556.1,22.50%,2026-01-01,2026-01-15
2026-07-03 10:50:56,V20_Range_Breakout,ICICIBANK.NS,1411.4,1354.94,1665.45,22.50%,2026-01-01,2026-01-15
2026-07-03 10:50:56,V20_Range_Breakout,ASTRAZEN.NS,8310.5,7793.36,9998.82,28.30%,2025-05-29,2025-06-05
2026-07-03 10:50:56,V20_Range_Breakout,NAM-INDIA.NS,1218.2,304.5,369.14,21.23%,2023-10-09,2023-10-13
2026-07-03 10:50:56,V20_Range_Breakout,HINDUNILVR.NS,2201.2,2113.15,2597.42,22.50%,2026-01-01,2026-01-15
2026-07-03 10:50:56,V20_Range_Breakout,GLAXO.NS,2395.5,1894.45,2642.36,39.48%,2025-02-14,2025-02-20
2026-07-03 10:50:56,V20_Range_Breakout,ASIANPAINT.NS,2737.8,2628.29,3230.6,22.50%,2026-01-01,2026-01-15
2026-07-03 10:50:56,V20_Range_Breakout,PAGEIND.NS,42800.0,41088.0,50504.0,22.50%,2026-01-01,2026-01-15
2026-07-03 10:50:56,V20_Range_Breakout,ICICIPRULI.NS,485.25,465.84,572.59,22.50%,2026-01-01,2026-01-15
2026-07-03 10:50:56,V20_Range_Breakout,MEDANTA.NS,1350.7,1009.64,1259.55,24.75%,2025-04-07,2025-04-08
2026-07-03 10:50:56,V20_Range_Breakout,BAJAJFINSV.NS,1895.6,1819.78,2236.81,22.50%,2026-01-01,2026-01-15
2026-07-03 10:50:56,V20_Range_Breakout,AXISBANK.NS,1342.1,1288.42,1583.68,22.50%,2026-01-01,2026-01-15
2026-07-03 10:50:56,V20_Range_Breakout,SANOFI.NS,3425.0,5620.1,10037.9,78.61%,2024-06-07,2024-06-13
2026-07-03 10:50:56,V20_Range_Breakout,DIXON.NS,12456.0,12749.33,16820.51,31.93%,2025-04-09,2025-04-22
2026-07-03 10:50:56,V20_Range_Breakout,PGHH.NS,8902.0,8545.92,10504.36,22.50%,2026-01-01,2026-01-15
2026-07-03 10:50:56,V20_Range_Breakout,UNITDSPR.NS,1393.3,1337.57,1644.09,22.50%,2026-01-01,2026-01-15
2026-07-03 10:50:56,V20_Range_Breakout,CAMS.NS,798.35,874.48,1049.83,20.05%,2024-11-25,2024-12-05
2026-07-03 10:50:56,V20_Range_Breakout,INDHOTEL.NS,728.6,699.46,859.75,22.50%,2026-01-01,2026-01-15
2026-07-03 10:50:56,V20_Range_Breakout,TITAN.NS,4461.1,4282.66,5264.1,22.50%,2026-01-01,2026-01-15
2026-07-03 10:50:56,V20_Range_Breakout,JIOFIN.NS,239.35,271.48,346.46,27.62%,2024-02-19,2024-02-23
2026-07-03 10:50:56,V20_Range_Breakout,RELIANCE.NS,1304.0,1251.84,1538.72,22.50%,2026-01-01,2026-01-15
2026-07-03 10:50:56,V20_Range_Breakout,BSE.NS,3816.6,2391.0,2918.0,22.04%,2025-05-29,2025-06-05
2026-07-03 10:50:56,V20_Range_Breakout,RELAXO.NS,397.15,381.26,468.64,22.50%,2026-01-01,2026-01-15
2026-07-03 10:50:56,V20_Range_Breakout,APOLLOHOSP.NS,8893.5,8537.76,10494.33,22.50%,2026-01-01,2026-01-15
2026-07-03 10:50:56,V20_Range_Breakout,JSWINFRA.NS,326.05,313.01,384.74,22.50%,2026-01-01,2026-01-15
2026-07-03 10:50:56,V20_Range_Breakout,HAVELLS.NS,1181.1,1373.11,1654.06,20.46%,2025-04-07,2025-04-22
2026-07-03 10:50:56,V20_Range_Breakout,MARUTI.NS,14366.0,13791.36,16951.88,22.50%,2026-01-01,2026-01-15
2026-07-03 10:50:56,V20_Range_Breakout,FORTIS.NS,974.6,935.62,1150.03,22.50%,2026-01-01,2026-01-15
2026-07-03 10:50:56,V20_Range_Breakout,KAJARIACER.NS,1202.3,945.5,1178.0,24.59%,2026-04-01,2026-04-15
2026-07-03 10:50:56,V20_Range_Breakout,UBL.NS,1345.0,1291.2,1587.1,22.50%,2026-01-01,2026-01-15
2026-07-03 10:50:56,V20_Range_Breakout,VBL.NS,515.8,394.43,474.75,20.36%,2026-04-07,2026-04-17
2026-07-03 10:50:56,V20_Range_Breakout,ANGELONE.NS,352.25,228.45,284.2,24.40%,2026-04-01,2026-04-09
2026-07-03 10:50:56,V20_Range_Breakout,BATAINDIA.NS,696.6,668.74,821.99,22.50%,2026-01-01,2026-01-15
2026-07-03 11:06:27,V20_Range_Breakout,QUESS.NS,290.85,240.59,294.0,22.20%,2026-06-30,2026-07-03
2026-07-03 11:06:27,V20_Range_Breakout,ULTRACEMCO.NS,11723.0,11254.08,13833.14,22.50%,2026-01-01,2026-01-15
2026-07-03 11:06:27,V20_Range_Breakout,KAJARIACER.NS,1202.3,945.5,1178.0,24.59%,2026-04-01,2026-04-15
2026-07-03 11:06:27,V20_Range_Breakout,TITAN.NS,4461.1,4282.66,5264.1,22.50%,2026-01-01,2026-01-15
2026-07-03 11:06:27,V20_Range_Breakout,HAVELLS.NS,1181.1,1373.11,1654.06,20.46%,2025-04-07,2025-04-22
2026-07-03 11:06:27,V20_Range_Breakout,DIXON.NS,12456.0,12749.33,16820.51,31.93%,2025-04-09,2025-04-22
2026-07-03 11:06:27,V20_Range_Breakout,GODREJCP.NS,1076.9,1033.82,1270.74,22.50%,2026-01-01,2026-01-15
2026-07-03 11:06:27,V20_Range_Breakout,COLPAL.NS,2047.0,1965.12,2415.46,22.50%,2026-01-01,2026-01-15
2026-07-03 11:06:27,V20_Range_Breakout,BAJFINANCE.NS,1031.4,990.14,1217.05,22.50%,2026-01-01,2026-01-15
2026-07-03 11:06:27,V20_Range_Breakout,AWL.NS,191.11,183.47,225.51,22.50%,2026-01-01,2026-01-15
2026-07-03 11:06:27,V20_Range_Breakout,ICICIPRULI.NS,485.25,465.84,572.59,22.50%,2026-01-01,2026-01-15
2026-07-03 11:06:27,V20_Range_Breakout,SANOFI.NS,3425.0,5620.1,10037.9,78.61%,2024-06-07,2024-06-13
2026-07-03 11:06:27,V20_Range_Breakout,JIOFIN.NS,239.35,271.48,346.46,27.62%,2024-02-19,2024-02-23
2026-07-03 11:06:27,V20_Range_Breakout,CIPLA.NS,1458.2,1399.87,1720.68,22.50%,2026-01-01,2026-01-15
2026-07-03 11:06:27,V20_Range_Breakout,LT.NS,4026.6,3865.54,4751.39,22.50%,2026-01-01,2026-01-15
2026-07-03 11:06:27,V20_Range_Breakout,RELIANCE.NS,1304.0,1251.84,1538.72,22.50%,2026-01-01,2026-01-15
2026-07-03 11:06:27,V20_Range_Breakout,HDFCBANK.NS,801.05,769.01,945.24,22.50%,2026-01-01,2026-01-15
2026-07-03 11:06:27,V20_Range_Breakout,TEAMLEASE.NS,1421.3,2854.65,3478.0,21.84%,2024-07-23,2024-07-29
2026-07-03 11:06:27,V20_Range_Breakout,PFIZER.NS,4568.6,4280.78,5692.32,32.97%,2025-05-19,2025-06-05
2026-07-03 11:06:27,V20_Range_Breakout,RELAXO.NS,397.15,381.26,468.64,22.50%,2026-01-01,2026-01-15
2026-07-03 11:06:27,V20_Range_Breakout,VOLTAS.NS,1280.2,1125.16,1394.41,23.93%,2025-02-01,2025-02-03
2026-07-03 11:06:27,V20_Range_Breakout,ABBOTINDIA.NS,25895.0,24859.2,30556.1,22.50%,2026-01-01,2026-01-15
2026-07-03 11:06:27,V20_Range_Breakout,AXISBANK.NS,1342.1,1288.42,1583.68,22.50%,2026-01-01,2026-01-15
2026-07-03 11:06:27,V20_Range_Breakout,UNITDSPR.NS,1393.3,1337.57,1644.09,22.50%,2026-01-01,2026-01-15
2026-07-03 11:06:27,V20_Range_Breakout,BAJAJFINSV.NS,1895.6,1819.78,2236.81,22.50%,2026-01-01,2026-01-15
2026-07-03 11:06:27,V20_Range_Breakout,ASIANPAINT.NS,2737.8,2628.29,3230.6,22.50%,2026-01-01,2026-01-15
2026-07-03 11:06:27,V20_Range_Breakout,INDHOTEL.NS,728.6,699.46,859.75,22.50%,2026-01-01,2026-01-15
2026-07-03 11:06:27,V20_Range_Breakout,APOLLOHOSP.NS,8893.5,8537.76,10494.33,22.50%,2026-01-01,2026-01-15
2026-07-03 11:06:27,V20_Range_Breakout,RADICO.NS,3892.3,2710.0,3365.0,24.17%,2026-04-10,2026-04-20
2026-07-03 11:06:27,V20_Range_Breakout,KOTAKBANK.NS,396.75,380.88,468.16,22.50%,2026-01-01,2026-01-15
2026-07-03 11:06:27,V20_Range_Breakout,BATAINDIA.NS,696.6,668.74,821.99,22.50%,2026-01-01,2026-01-15
2026-07-03 11:06:27,V20_Range_Breakout,MARICO.NS,838.55,805.01,989.49,22.50%,2026-01-01,2026-01-15
2026-07-03 11:06:27,V20_Range_Breakout,BLUESTARCO.NS,1583.2,1581.5,1921.0,21.47%,2026-04-08,2026-04-20
2026-07-03 11:06:27,V20_Range_Breakout,ICICIBANK.NS,1411.4,1354.94,1665.45,22.50%,2026-01-01,2026-01-15
2026-07-03 11:06:27,V20_Range_Breakout,BSE.NS,3816.6,2391.0,2918.0,22.04%,2025-05-29,2025-06-05
2026-07-03 11:06:27,V20_Range_Breakout,JSWINFRA.NS,326.05,313.01,384.74,22.50%,2026-01-01,2026-01-15
2026-07-03 11:06:27,V20_Range_Breakout,DABUR.NS,444.35,426.58,524.33,22.50%,2026-01-01,2026-01-15
2026-07-03 11:06:27,V20_Range_Breakout,INFY.NS,1047.2,1005.31,1235.7,22.50%,2026-01-01,2026-01-15
2026-07-03 11:06:27,V20_Range_Breakout,GLAXO.NS,2395.5,1894.45,2642.36,39.48%,2025-02-14,2025-02-20
2026-07-03 11:06:27,V20_Range_Breakout,GILLETTE.NS,7610.5,7265.28,8796.35,21.07%,2025-02-18,2025-02-20
2026-07-03 11:06:27,V20_Range_Breakout,ERIS.NS,1431.1,1091.34,1389.64,27.33%,2025-04-07,2025-04-11
2026-07-03 11:06:27,V20_Range_Breakout,HYUNDAI.NS,1993.4,1913.66,2352.21,22.50%,2026-01-01,2026-01-15
2026-07-03 11:06:27,V20_Range_Breakout,ADANIPORTS.NS,1874.2,1799.23,2211.56,22.50%,2026-01-01,2026-01-15
2026-07-03 11:06:27,V20_Range_Breakout,CDSL.NS,1350.6,1296.58,1593.71,22.50%,2026-01-01,2026-01-15
2026-07-03 11:06:27,V20_Range_Breakout,HINDUNILVR.NS,2201.2,2113.15,2597.42,22.50%,2026-01-01,2026-01-15
2026-07-03 11:06:27,V20_Range_Breakout,HDFCLIFE.NS,567.7,544.99,669.89,22.50%,2026-01-01,2026-01-15
2026-07-03 11:06:27,V20_Range_Breakout,HDFCAMC.NS,2800.2,2688.19,3304.24,22.50%,2026-01-01,2026-01-15
2026-07-03 11:06:27,V20_Range_Breakout,BOSCHLTD.NS,41895.0,29120.0,37670.0,29.36%,2026-04-01,2026-04-10
2026-07-03 11:06:27,V20_Range_Breakout,FORTIS.NS,974.6,935.62,1150.03,22.50%,2026-01-01,2026-01-15
2026-07-03 11:06:27,V20_Range_Breakout,MEDANTA.NS,1350.7,1009.64,1259.55,24.75%,2025-04-07,2025-04-08
2026-07-03 11:06:27,V20_Range_Breakout,NAM-INDIA.NS,1218.2,304.5,369.14,21.23%,2023-10-09,2023-10-13
2026-07-03 11:06:27,V20_Range_Breakout,SBIN.NS,1040.0,998.4,1227.2,22.50%,2026-01-01,2026-01-15
2026-07-03 11:06:27,V20_Range_Breakout,HCLTECH.NS,1139.0,1093.44,1344.02,22.50%,2026-01-01,2026-01-15
2026-07-03 11:06:27,V20_Range_Breakout,ICICIGI.NS,1772.8,1701.89,2091.9,22.50%,2026-01-01,2026-01-15
2026-07-03 11:06:27,V20_Range_Breakout,EICHERMOT.NS,7339.5,7045.92,8660.61,22.50%,2026-01-01,2026-01-15
2026-07-03 11:06:27,V20_Range_Breakout,ANGELONE.NS,352.25,228.45,284.2,24.40%,2026-04-01,2026-04-09
2026-07-03 11:06:27,V20_Range_Breakout,ACC.NS,1393.8,1338.05,1644.68,22.50%,2026-01-01,2026-01-15
2026-07-03 11:06:27,V20_Range_Breakout,PIDILITIND.NS,1598.0,1534.08,1885.64,22.50%,2026-01-01,2026-01-15
2026-07-03 11:06:27,V20_Range_Breakout,TCS.NS,2093.5,2009.76,2470.33,22.50%,2026-01-01,2026-01-15
2026-07-03 11:06:27,V20_Range_Breakout,CAMS.NS,798.35,874.48,1049.83,20.05%,2024-11-25,2024-12-05
2026-07-03 11:06:27,V20_Range_Breakout,NESTLEIND.NS,1459.8,1401.41,1722.56,22.50%,2026-01-01,2026-01-15
2026-07-03 11:06:27,V20_Range_Breakout,PGHH.NS,8902.0,8545.92,10504.36,22.50%,2026-01-01,2026-01-15
2026-07-03 11:06:27,V20_Range_Breakout,MCX.NS,2814.0,903.55,1187.07,31.38%,2025-04-07,2025-04-21
2026-07-03 11:06:27,V20_Range_Breakout,ASTRAZEN.NS,8310.5,7793.36,9998.82,28.30%,2025-05-29,2025-06-05
2026-07-03 11:06:27,V20_Range_Breakout,HONAUT.NS,39515.0,28540.0,36550.0,28.07%,2026-05-19,2026-05-22
2026-07-03 11:06:27,V20_Range_Breakout,MARUTI.NS,14366.0,13791.36,16951.88,22.50%,2026-01-01,2026-01-15
2026-07-03 11:06:27,V20_Range_Breakout,DMART.NS,3994.4,3685.1,4562.6,23.81%,2026-03-24,2026-04-06
2026-07-03 11:06:27,V20_Range_Breakout,ITC.NS,289.95,278.35,342.14,22.50%,2026-01-01,2026-01-15
2026-07-03 11:06:27,V20_Range_Breakout,MRF.NS,134655.0,129268.8,158892.9,22.50%,2026-01-01,2026-01-15
2026-07-03 11:06:27,V20_Range_Breakout,LALPATHLAB.NS,1645.7,1579.87,1941.93,22.50%,2026-01-01,2026-01-15
2026-07-03 11:06:27,V20_Range_Breakout,UBL.NS,1345.0,1291.2,1587.1,22.50%,2026-01-01,2026-01-15
2026-07-03 11:06:27,V20_Range_Breakout,VBL.NS,515.8,394.43,474.75,20.36%,2026-04-07,2026-04-17
2026-07-03 11:06:27,V20_Range_Breakout,PAGEIND.NS,42800.0,41088.0,50504.0,22.50%,2026-01-01,2026-01-15
2026-07-03 11:06:27,V20_Range_Breakout,M&M.NS,3136.9,3011.42,3701.54,22.50%,2026-01-01,2026-01-15
2026-07-03 11:06:27,V20_Range_Breakout,BAJAJ-AUTO.NS,9785.5,9394.08,11546.89,22.50%,2026-01-01,2026-01-15
2026-07-03 12:08:01,V20_Range_Breakout,DABUR.NS,444.35,426.58,524.33,22.50%,2026-01-01,2026-01-15
2026-07-03 12:08:01,V20_Range_Breakout,MARICO.NS,838.55,805.01,989.49,22.50%,2026-01-01,2026-01-15
2026-07-03 12:08:01,V20_Range_Breakout,JSWINFRA.NS,326.05,313.01,384.74,22.50%,2026-01-01,2026-01-15
2026-07-03 12:08:01,V20_Range_Breakout,ULTRACEMCO.NS,11723.0,11254.08,13833.14,22.50%,2026-01-01,2026-01-15
2026-07-03 12:08:01,V20_Range_Breakout,TCS.NS,2093.5,2009.76,2470.33,22.50%,2026-01-01,2026-01-15
2026-07-03 12:08:01,V20_Range_Breakout,ERIS.NS,1431.1,1091.34,1389.64,27.33%,2025-04-07,2025-04-11
2026-07-03 12:08:01,V20_Range_Breakout,RADICO.NS,3892.3,2710.0,3365.0,24.17%,2026-04-10,2026-04-20
2026-07-03 12:08:01,V20_Range_Breakout,ICICIPRULI.NS,485.25,465.84,572.59,22.50%,2026-01-01,2026-01-15
2026-07-03 12:08:01,V20_Range_Breakout,NAM-INDIA.NS,1218.2,304.5,369.14,21.23%,2023-10-09,2023-10-13
2026-07-03 12:08:01,V20_Range_Breakout,RELIANCE.NS,1304.0,1251.84,1538.72,22.50%,2026-01-01,2026-01-15
2026-07-03 12:08:01,V20_Range_Breakout,BAJFINANCE.NS,1031.4,990.14,1217.05,22.50%,2026-01-01,2026-01-15
2026-07-03 12:08:01,V20_Range_Breakout,KOTAKBANK.NS,396.75,380.88,468.16,22.50%,2026-01-01,2026-01-15
2026-07-03 12:08:01,V20_Range_Breakout,DIXON.NS,12456.0,12749.33,16820.51,31.93%,2025-04-09,2025-04-22
2026-07-03 12:08:01,V20_Range_Breakout,BSE.NS,3816.6,2391.0,2918.0,22.04%,2025-05-29,2025-06-05
2026-07-03 12:08:01,V20_Range_Breakout,VOLTAS.NS,1280.2,1125.16,1394.41,23.93%,2025-02-01,2025-02-03
2026-07-03 12:08:01,V20_Range_Breakout,ACC.NS,1393.8,1338.05,1644.68,22.50%,2026-01-01,2026-01-15
2026-07-03 12:08:01,V20_Range_Breakout,GLAXO.NS,2395.5,1894.45,2642.36,39.48%,2025-02-14,2025-02-20
2026-07-03 12:08:01,V20_Range_Breakout,BLUESTARCO.NS,1583.2,1581.5,1921.0,21.47%,2026-04-08,2026-04-20
2026-07-03 12:08:01,V20_Range_Breakout,HDFCLIFE.NS,567.7,544.99,669.89,22.50%,2026-01-01,2026-01-15
2026-07-03 12:08:01,V20_Range_Breakout,MCX.NS,2814.0,903.55,1187.07,31.38%,2025-04-07,2025-04-21
2026-07-03 12:08:01,V20_Range_Breakout,KAJARIACER.NS,1202.3,945.5,1178.0,24.59%,2026-04-01,2026-04-15
2026-07-03 12:08:01,V20_Range_Breakout,GILLETTE.NS,7610.5,7265.28,8796.35,21.07%,2025-02-18,2025-02-20
2026-07-03 12:08:01,V20_Range_Breakout,ASIANPAINT.NS,2737.8,2628.29,3230.6,22.50%,2026-01-01,2026-01-15
2026-07-03 12:08:01,V20_Range_Breakout,PAGEIND.NS,42800.0,41088.0,50504.0,22.50%,2026-01-01,2026-01-15
2026-07-03 12:08:01,V20_Range_Breakout,HONAUT.NS,39515.0,28540.0,36550.0,28.07%,2026-05-19,2026-05-22
2026-07-03 12:08:01,V20_Range_Breakout,HINDUNILVR.NS,2201.2,2113.15,2597.42,22.50%,2026-01-01,2026-01-15
2026-07-03 12:08:01,V20_Range_Breakout,HYUNDAI.NS,1993.4,1913.66,2352.21,22.50%,2026-01-01,2026-01-15
2026-07-03 12:08:01,V20_Range_Breakout,VBL.NS,515.8,394.43,474.75,20.36%,2026-04-07,2026-04-17
2026-07-03 12:08:01,V20_Range_Breakout,ANGELONE.NS,352.25,228.45,284.2,24.40%,2026-04-01,2026-04-09
2026-07-03 12:08:01,V20_Range_Breakout,BOSCHLTD.NS,41895.0,29120.0,37670.0,29.36%,2026-04-01,2026-04-10
2026-07-03 12:08:01,V20_Range_Breakout,ASTRAZEN.NS,8310.5,7793.36,9998.82,28.30%,2025-05-29,2025-06-05
2026-07-03 12:08:01,V20_Range_Breakout,APOLLOHOSP.NS,8893.5,8537.76,10494.33,22.50%,2026-01-01,2026-01-15
2026-07-03 12:08:01,V20_Range_Breakout,INDHOTEL.NS,728.6,699.46,859.75,22.50%,2026-01-01,2026-01-15
2026-07-03 12:08:01,V20_Range_Breakout,ABBOTINDIA.NS,25895.0,24859.2,30556.1,22.50%,2026-01-01,2026-01-15
2026-07-03 12:08:01,V20_Range_Breakout,FORTIS.NS,974.6,935.62,1150.03,22.50%,2026-01-01,2026-01-15
2026-07-03 12:08:01,V20_Range_Breakout,CIPLA.NS,1458.2,1399.87,1720.68,22.50%,2026-01-01,2026-01-15
2026-07-03 12:08:01,V20_Range_Breakout,GODREJCP.NS,1076.9,1033.82,1270.74,22.50%,2026-01-01,2026-01-15
2026-07-03 12:08:01,V20_Range_Breakout,PFIZER.NS,4568.6,4280.78,5692.32,32.97%,2025-05-19,2025-06-05
2026-07-03 12:08:01,V20_Range_Breakout,PGHH.NS,8902.0,8545.92,10504.36,22.50%,2026-01-01,2026-01-15
2026-07-03 12:08:01,V20_Range_Breakout,MEDANTA.NS,1350.7,1009.64,1259.55,24.75%,2025-04-07,2025-04-08
2026-07-03 12:08:01,V20_Range_Breakout,EICHERMOT.NS,7339.5,7045.92,8660.61,22.50%,2026-01-01,2026-01-15
2026-07-03 12:08:01,V20_Range_Breakout,ICICIGI.NS,1772.8,1701.89,2091.9,22.50%,2026-01-01,2026-01-15
2026-07-03 12:08:01,V20_Range_Breakout,DMART.NS,3994.4,3685.1,4562.6,23.81%,2026-03-24,2026-04-06
2026-07-03 12:08:01,V20_Range_Breakout,QUESS.NS,290.85,240.59,294.0,22.20%,2026-06-30,2026-07-03
2026-07-03 12:08:01,V20_Range_Breakout,CDSL.NS,1350.6,1296.58,1593.71,22.50%,2026-01-01,2026-01-15
2026-07-03 12:08:01,V20_Range_Breakout,NESTLEIND.NS,1459.8,1401.41,1722.56,22.50%,2026-01-01,2026-01-15
2026-07-03 12:08:01,V20_Range_Breakout,UBL.NS,1345.0,1291.2,1587.1,22.50%,2026-01-01,2026-01-15
2026-07-03 12:08:01,V20_Range_Breakout,BAJAJFINSV.NS,1895.6,1819.78,2236.81,22.50%,2026-01-01,2026-01-15
2026-07-03 12:08:01,V20_Range_Breakout,ADANIPORTS.NS,1874.2,1799.23,2211.56,22.50%,2026-01-01,2026-01-15
2026-07-03 12:08:01,V20_Range_Breakout,M&M.NS,3136.9,3011.42,3701.54,22.50%,2026-01-01,2026-01-15
2026-07-03 12:08:01,V20_Range_Breakout,ICICIBANK.NS,1411.4,1354.94,1665.45,22.50%,2026-01-01,2026-01-15
2026-07-03 12:08:01,V20_Range_Breakout,HDFCAMC.NS,2800.2,2688.19,3304.24,22.50%,2026-01-01,2026-01-15
2026-07-03 12:08:01,V20_Range_Breakout,BATAINDIA.NS,696.6,668.74,821.99,22.50%,2026-01-01,2026-01-15
2026-07-03 12:08:01,V20_Range_Breakout,BAJAJ-AUTO.NS,9785.5,9394.08,11546.89,22.50%,2026-01-01,2026-01-15
2026-07-03 12:08:01,V20_Range_Breakout,UNITDSPR.NS,1393.3,1337.57,1644.09,22.50%,2026-01-01,2026-01-15
2026-07-03 12:08:01,V20_Range_Breakout,TEAMLEASE.NS,1421.3,2854.65,3478.0,21.84%,2024-07-23,2024-07-29
2026-07-03 12:08:01,V20_Range_Breakout,COLPAL.NS,2047.0,1965.12,2415.46,22.50%,2026-01-01,2026-01-15
2026-07-03 12:08:01,V20_Range_Breakout,CAMS.NS,798.35,874.48,1049.83,20.05%,2024-11-25,2024-12-05
2026-07-03 12:08:01,V20_Range_Breakout,AWL.NS,191.11,183.47,225.51,22.50%,2026-01-01,2026-01-15
2026-07-03 12:08:01,V20_Range_Breakout,PIDILITIND.NS,1598.0,1534.08,1885.64,22.50%,2026-01-01,2026-01-15
2026-07-03 12:08:01,V20_Range_Breakout,TITAN.NS,4461.1,4282.66,5264.1,22.50%,2026-01-01,2026-01-15
2026-07-03 12:08:01,V20_Range_Breakout,SANOFI.NS,3425.0,5620.1,10037.9,78.61%,2024-06-07,2024-06-13
2026-07-03 12:08:01,V20_Range_Breakout,MARUTI.NS,14366.0,13791.36,16951.88,22.50%,2026-01-01,2026-01-15
2026-07-03 12:08:01,V20_Range_Breakout,INFY.NS,1047.2,1005.31,1235.7,22.50%,2026-01-01,2026-01-15
2026-07-03 12:08:01,V20_Range_Breakout,HCLTECH.NS,1139.0,1093.44,1344.02,22.50%,2026-01-01,2026-01-15
2026-07-03 12:08:01,V20_Range_Breakout,AXISBANK.NS,1342.1,1288.42,1583.68,22.50%,2026-01-01,2026-01-15
2026-07-03 12:08:01,V20_Range_Breakout,JIOFIN.NS,239.35,271.48,346.46,27.62%,2024-02-19,2024-02-23
2026-07-03 12:08:01,V20_Range_Breakout,LALPATHLAB.NS,1645.7,1579.87,1941.93,22.50%,2026-01-01,2026-01-15
2026-07-03 12:08:01,V20_Range_Breakout,MRF.NS,134655.0,129268.8,158892.9,22.50%,2026-01-01,2026-01-15
2026-07-03 12:08:01,V20_Range_Breakout,SBIN.NS,1040.0,998.4,1227.2,22.50%,2026-01-01,2026-01-15
2026-07-03 12:08:01,V20_Range_Breakout,HDFCBANK.NS,801.05,769.01,945.24,22.50%,2026-01-01,2026-01-15
2026-07-03 12:08:01,V20_Range_Breakout,RELAXO.NS,397.15,381.26,468.64,22.50%,2026-01-01,2026-01-15
2026-07-03 12:08:01,V20_Range_Breakout,LT.NS,4026.6,3865.54,4751.39,22.50%,2026-01-01,2026-01-15
2026-07-03 12:08:01,V20_Range_Breakout,ITC.NS,289.95,278.35,342.14,22.50%,2026-01-01,2026-01-15
2026-07-03 12:08:01,V20_Range_Breakout,HAVELLS.NS,1181.1,1373.11,1654.06,20.46%,2025-04-07,2025-04-22
2026-07-04 02:57:06,V20_Range_Breakout,ICICIGI.NS,1772.8,1701.89,2091.9,22.50%,2026-01-01,2026-01-15
2026-07-04 02:57:06,V20_Range_Breakout,FORTIS.NS,974.6,935.62,1150.03,22.50%,2026-01-01,2026-01-15
2026-07-04 02:57:06,V20_Range_Breakout,HDFCBANK.NS,801.05,769.01,945.24,22.50%,2026-01-01,2026-01-15
2026-07-04 02:57:06,V20_Range_Breakout,INFY.NS,1047.2,1005.31,1235.7,22.50%,2026-01-01,2026-01-15
2026-07-04 02:57:06,V20_Range_Breakout,PAGEIND.NS,42800.0,41088.0,50504.0,22.50%,2026-01-01,2026-01-15
2026-07-04 02:57:06,V20_Range_Breakout,ASIANPAINT.NS,2737.8,2628.29,3230.6,22.50%,2026-01-01,2026-01-15
2026-07-04 02:57:06,V20_Range_Breakout,MEDANTA.NS,1350.7,1009.64,1259.55,24.75%,2025-04-07,2025-04-08
2026-07-04 02:57:06,V20_Range_Breakout,MARICO.NS,838.55,805.01,989.49,22.50%,2026-01-01,2026-01-15
2026-07-04 02:57:06,V20_Range_Breakout,HDFCAMC.NS,2800.2,2688.19,3304.24,22.50%,2026-01-01,2026-01-15
2026-07-04 02:57:06,V20_Range_Breakout,RELAXO.NS,397.15,381.26,468.64,22.50%,2026-01-01,2026-01-15
2026-07-04 02:57:06,V20_Range_Breakout,BSE.NS,3816.6,2391.0,2918.0,22.04%,2025-05-29,2025-06-05
2026-07-04 02:57:06,V20_Range_Breakout,HONAUT.NS,39515.0,28540.0,36550.0,28.07%,2026-05-19,2026-05-22
2026-07-04 02:57:06,V20_Range_Breakout,BAJFINANCE.NS,1031.4,990.14,1217.05,22.50%,2026-01-01,2026-01-15
2026-07-04 02:57:06,V20_Range_Breakout,CIPLA.NS,1458.2,1399.87,1720.68,22.50%,2026-01-01,2026-01-15
2026-07-04 02:57:06,V20_Range_Breakout,TITAN.NS,4461.1,4282.66,5264.1,22.50%,2026-01-01,2026-01-15
2026-07-04 02:57:06,V20_Range_Breakout,AXISBANK.NS,1342.1,1288.42,1583.68,22.50%,2026-01-01,2026-01-15
2026-07-04 02:57:06,V20_Range_Breakout,EICHERMOT.NS,7339.5,7045.92,8660.61,22.50%,2026-01-01,2026-01-15
2026-07-04 02:57:06,V20_Range_Breakout,GLAXO.NS,2395.5,1894.45,2642.36,39.48%,2025-02-14,2025-02-20
2026-07-04 02:57:06,V20_Range_Breakout,RELIANCE.NS,1304.0,1251.84,1538.72,22.50%,2026-01-01,2026-01-15
2026-07-04 02:57:06,V20_Range_Breakout,BAJAJFINSV.NS,1895.6,1819.78,2236.81,22.50%,2026-01-01,2026-01-15
2026-07-04 02:57:06,V20_Range_Breakout,ICICIBANK.NS,1411.4,1354.94,1665.45,22.50%,2026-01-01,2026-01-15
2026-07-04 02:57:06,V20_Range_Breakout,VBL.NS,515.8,394.43,474.75,20.36%,2026-04-07,2026-04-17
2026-07-04 02:57:06,V20_Range_Breakout,ERIS.NS,1431.1,1091.34,1389.64,27.33%,2025-04-07,2025-04-11
2026-07-04 02:57:06,V20_Range_Breakout,VOLTAS.NS,1280.2,1125.16,1394.41,23.93%,2025-02-01,2025-02-03
2026-07-04 02:57:06,V20_Range_Breakout,M&M.NS,3136.9,3011.42,3701.54,22.50%,2026-01-01,2026-01-15
2026-07-04 02:57:06,V20_Range_Breakout,CAMS.NS,798.35,874.48,1049.83,20.05%,2024-11-25,2024-12-05
2026-07-04 02:57:06,V20_Range_Breakout,CDSL.NS,1350.6,1296.58,1593.71,22.50%,2026-01-01,2026-01-15
2026-07-04 02:57:06,V20_Range_Breakout,MCX.NS,2814.0,903.55,1187.07,31.38%,2025-04-07,2025-04-21
2026-07-04 02:57:06,V20_Range_Breakout,SANOFI.NS,3425.0,5620.1,10037.9,78.61%,2024-06-07,2024-06-13
2026-07-04 02:57:06,V20_Range_Breakout,NESTLEIND.NS,1459.8,1401.41,1722.56,22.50%,2026-01-01,2026-01-15
2026-07-04 02:57:06,V20_Range_Breakout,BATAINDIA.NS,696.6,668.74,821.99,22.50%,2026-01-01,2026-01-15
2026-07-04 02:57:06,V20_Range_Breakout,AWL.NS,191.11,183.47,225.51,22.50%,2026-01-01,2026-01-15
2026-07-04 02:57:06,V20_Range_Breakout,ANGELONE.NS,352.25,228.45,284.2,24.40%,2026-04-01,2026-04-09
2026-07-04 02:57:06,V20_Range_Breakout,NAM-INDIA.NS,1218.2,304.5,369.14,21.23%,2023-10-09,2023-10-13
2026-07-04 02:57:06,V20_Range_Breakout,PIDILITIND.NS,1598.0,1534.08,1885.64,22.50%,2026-01-01,2026-01-15
2026-07-04 02:57:06,V20_Range_Breakout,ITC.NS,289.95,278.35,342.14,22.50%,2026-01-01,2026-01-15
2026-07-04 02:57:06,V20_Range_Breakout,HYUNDAI.NS,1993.4,1913.66,2352.21,22.50%,2026-01-01,2026-01-15
2026-07-04 02:57:06,V20_Range_Breakout,UNITDSPR.NS,1393.3,1337.57,1644.09,22.50%,2026-01-01,2026-01-15
2026-07-04 02:57:06,V20_Range_Breakout,ASTRAZEN.NS,8310.5,7793.36,9998.82,28.30%,2025-05-29,2025-06-05
2026-07-04 02:57:06,V20_Range_Breakout,ICICIPRULI.NS,485.25,465.84,572.59,22.50%,2026-01-01,2026-01-15
2026-07-04 02:57:06,V20_Range_Breakout,ACC.NS,1393.8,1338.05,1644.68,22.50%,2026-01-01,2026-01-15
2026-07-04 02:57:06,V20_Range_Breakout,MARUTI.NS,14366.0,13791.36,16951.88,22.50%,2026-01-01,2026-01-15
2026-07-04 02:57:06,V20_Range_Breakout,KAJARIACER.NS,1202.3,945.5,1178.0,24.59%,2026-04-01,2026-04-15
2026-07-04 02:57:06,V20_Range_Breakout,RADICO.NS,3892.3,2710.0,3365.0,24.17%,2026-04-10,2026-04-20
2026-07-04 02:57:06,V20_Range_Breakout,HAVELLS.NS,1181.1,1373.11,1654.06,20.46%,2025-04-07,2025-04-22
2026-07-04 02:57:06,V20_Range_Breakout,APOLLOHOSP.NS,8893.5,8537.76,10494.33,22.50%,2026-01-01,2026-01-15
2026-07-04 02:57:06,V20_Range_Breakout,JSWINFRA.NS,326.05,313.01,384.74,22.50%,2026-01-01,2026-01-15
2026-07-04 02:57:06,V20_Range_Breakout,DABUR.NS,444.35,426.58,524.33,22.50%,2026-01-01,2026-01-15
2026-07-04 02:57:06,V20_Range_Breakout,TCS.NS,2093.5,2009.76,2470.33,22.50%,2026-01-01,2026-01-15
2026-07-04 02:57:06,V20_Range_Breakout,DMART.NS,3994.4,3685.1,4562.6,23.81%,2026-03-24,2026-04-06
2026-07-04 02:57:06,V20_Range_Breakout,ADANIPORTS.NS,1874.2,1799.23,2211.56,22.50%,2026-01-01,2026-01-15
2026-07-04 02:57:06,V20_Range_Breakout,HCLTECH.NS,1139.0,1093.44,1344.02,22.50%,2026-01-01,2026-01-15
2026-07-04 02:57:06,V20_Range_Breakout,BLUESTARCO.NS,1583.2,1581.5,1921.0,21.47%,2026-04-08,2026-04-20
2026-07-04 02:57:06,V20_Range_Breakout,DIXON.NS,12456.0,12749.33,16820.51,31.93%,2025-04-09,2025-04-22
2026-07-04 02:57:06,V20_Range_Breakout,PFIZER.NS,4568.6,4280.78,5692.32,32.97%,2025-05-19,2025-06-05
2026-07-04 02:57:06,V20_Range_Breakout,SBIN.NS,1040.0,998.4,1227.2,22.50%,2026-01-01,2026-01-15
2026-07-04 02:57:06,V20_Range_Breakout,GILLETTE.NS,7610.5,7265.28,8796.35,21.07%,2025-02-18,2025-02-20
2026-07-04 02:57:06,V20_Range_Breakout,BAJAJ-AUTO.NS,9785.5,9394.08,11546.89,22.50%,2026-01-01,2026-01-15
2026-07-04 02:57:06,V20_Range_Breakout,HDFCLIFE.NS,567.7,544.99,669.89,22.50%,2026-01-01,2026-01-15
2026-07-04 02:57:06,V20_Range_Breakout,ULTRACEMCO.NS,11723.0,11254.08,13833.14,22.50%,2026-01-01,2026-01-15
2026-07-04 02:57:06,V20_Range_Breakout,LT.NS,4026.6,3865.54,4751.39,22.50%,2026-01-01,2026-01-15
2026-07-04 02:57:06,V20_Range_Breakout,QUESS.NS,290.85,240.59,294.0,22.20%,2026-06-30,2026-07-03
2026-07-04 02:57:06,V20_Range_Breakout,TEAMLEASE.NS,1421.3,2854.65,3478.0,21.84%,2024-07-23,2024-07-29
2026-07-04 02:57:06,V20_Range_Breakout,BOSCHLTD.NS,41895.0,29120.0,37670.0,29.36%,2026-04-01,2026-04-10
2026-07-04 02:57:06,V20_Range_Breakout,JIOFIN.NS,239.35,271.48,346.46,27.62%,2024-02-19,2024-02-23
2026-07-04 02:57:06,V20_Range_Breakout,HINDUNILVR.NS,2201.2,2113.15,2597.42,22.50%,2026-01-01,2026-01-15
2026-07-04 02:57:06,V20_Range_Breakout,UBL.NS,1345.0,1291.2,1587.1,22.50%,2026-01-01,2026-01-15
2026-07-04 02:57:06,V20_Range_Breakout,KOTAKBANK.NS,396.75,380.88,468.16,22.50%,2026-01-01,2026-01-15
2026-07-04 02:57:06,V20_Range_Breakout,ABBOTINDIA.NS,25895.0,24859.2,30556.1,22.50%,2026-01-01,2026-01-15
2026-07-04 02:57:06,V20_Range_Breakout,COLPAL.NS,2047.0,1965.12,2415.46,22.50%,2026-01-01,2026-01-15
2026-07-04 02:57:06,V20_Range_Breakout,MRF.NS,134655.0,129268.8,158892.9,22.50%,2026-01-01,2026-01-15
2026-07-04 02:57:06,V20_Range_Breakout,INDHOTEL.NS,728.6,699.46,859.75,22.50%,2026-01-01,2026-01-15
2026-07-04 02:57:06,V20_Range_Breakout,LALPATHLAB.NS,1645.7,1579.87,1941.93,22.50%,2026-01-01,2026-01-15
2026-07-04 02:57:06,V20_Range_Breakout,PGHH.NS,8902.0,8545.92,10504.36,22.50%,2026-01-01,2026-01-15
2026-07-04 02:57:06,V20_Range_Breakout,GODREJCP.NS,1076.9,1033.82,1270.74,22.50%,2026-01-01,2026-01-15
2026-07-04 03:09:02,V20_Range_Breakout,KAJARIACER.NS,1202.3,945.5,1178.0,24.59%,2026-04-01,2026-04-15
2026-07-04 03:09:02,V20_Range_Breakout,MARICO.NS,838.55,805.01,989.49,22.50%,2026-01-01,2026-01-15
2026-07-04 03:09:02,V20_Range_Breakout,MRF.NS,134655.0,129268.8,158892.9,22.50%,2026-01-01,2026-01-15
2026-07-04 03:09:02,V20_Range_Breakout,HDFCLIFE.NS,567.7,544.99,669.89,22.50%,2026-01-01,2026-01-15
2026-07-04 03:09:02,V20_Range_Breakout,BSE.NS,3816.6,2391.0,2918.0,22.04%,2025-05-29,2025-06-05
2026-07-04 03:09:02,V20_Range_Breakout,VOLTAS.NS,1280.2,1125.16,1394.41,23.93%,2025-02-01,2025-02-03
2026-07-04 03:09:02,V20_Range_Breakout,TITAN.NS,4461.1,4282.66,5264.1,22.50%,2026-01-01,2026-01-15
2026-07-04 03:09:02,V20_Range_Breakout,ADANIPORTS.NS,1874.2,1799.23,2211.56,22.50%,2026-01-01,2026-01-15
2026-07-04 03:09:02,V20_Range_Breakout,ANGELONE.NS,352.25,228.45,284.2,24.40%,2026-04-01,2026-04-09
2026-07-04 03:09:02,V20_Range_Breakout,ASIANPAINT.NS,2737.8,2628.29,3230.6,22.50%,2026-01-01,2026-01-15
2026-07-04 03:09:02,V20_Range_Breakout,VBL.NS,515.8,394.43,474.75,20.36%,2026-04-07,2026-04-17
2026-07-04 03:09:02,V20_Range_Breakout,INFY.NS,1047.2,1005.31,1235.7,22.50%,2026-01-01,2026-01-15
2026-07-04 03:09:02,V20_Range_Breakout,UNITDSPR.NS,1393.3,1337.57,1644.09,22.50%,2026-01-01,2026-01-15
2026-07-04 03:09:02,V20_Range_Breakout,JIOFIN.NS,239.35,271.48,346.46,27.62%,2024-02-19,2024-02-23
2026-07-04 03:09:02,V20_Range_Breakout,ACC.NS,1393.8,1338.05,1644.68,22.50%,2026-01-01,2026-01-15
2026-07-04 03:09:02,V20_Range_Breakout,HCLTECH.NS,1139.0,1093.44,1344.02,22.50%,2026-01-01,2026-01-15
2026-07-04 03:09:02,V20_Range_Breakout,CAMS.NS,798.35,874.48,1049.83,20.05%,2024-11-25,2024-12-05
2026-07-04 03:09:02,V20_Range_Breakout,TEAMLEASE.NS,1421.3,2854.65,3478.0,21.84%,2024-07-23,2024-07-29
2026-07-04 03:09:02,V20_Range_Breakout,BAJFINANCE.NS,1031.4,990.14,1217.05,22.50%,2026-01-01,2026-01-15
2026-07-04 03:09:02,V20_Range_Breakout,NESTLEIND.NS,1459.8,1401.41,1722.56,22.50%,2026-01-01,2026-01-15
2026-07-04 03:09:02,V20_Range_Breakout,RELAXO.NS,397.15,381.26,468.64,22.50%,2026-01-01,2026-01-15
2026-07-04 03:09:02,V20_Range_Breakout,DMART.NS,3994.4,3685.1,4562.6,23.81%,2026-03-24,2026-04-06
2026-07-04 03:09:02,V20_Range_Breakout,CIPLA.NS,1458.2,1399.87,1720.68,22.50%,2026-01-01,2026-01-15
2026-07-04 03:09:02,V20_Range_Breakout,DIXON.NS,12456.0,12749.33,16820.51,31.93%,2025-04-09,2025-04-22
2026-07-04 03:09:02,V20_Range_Breakout,ABBOTINDIA.NS,25895.0,24859.2,30556.1,22.50%,2026-01-01,2026-01-15
2026-07-04 03:09:02,V20_Range_Breakout,LT.NS,4026.6,3865.54,4751.39,22.50%,2026-01-01,2026-01-15
2026-07-04 03:09:02,V20_Range_Breakout,QUESS.NS,290.85,240.59,294.0,22.20%,2026-06-30,2026-07-03
2026-07-04 03:09:02,V20_Range_Breakout,JSWINFRA.NS,326.05,313.01,384.74,22.50%,2026-01-01,2026-01-15
2026-07-04 03:09:02,V20_Range_Breakout,BLUESTARCO.NS,1583.2,1581.5,1921.0,21.47%,2026-04-08,2026-04-20
2026-07-04 03:09:02,V20_Range_Breakout,INDHOTEL.NS,728.6,699.46,859.75,22.50%,2026-01-01,2026-01-15
2026-07-04 03:09:02,V20_Range_Breakout,PIDILITIND.NS,1598.0,1534.08,1885.64,22.50%,2026-01-01,2026-01-15
2026-07-04 03:09:02,V20_Range_Breakout,HYUNDAI.NS,1993.4,1913.66,2352.21,22.50%,2026-01-01,2026-01-15
2026-07-04 03:09:02,V20_Range_Breakout,SANOFI.NS,3425.0,5620.1,10037.9,78.61%,2024-06-07,2024-06-13
2026-07-04 03:09:02,V20_Range_Breakout,COLPAL.NS,2047.0,1965.12,2415.46,22.50%,2026-01-01,2026-01-15
2026-07-04 03:09:02,V20_Range_Breakout,CDSL.NS,1350.6,1296.58,1593.71,22.50%,2026-01-01,2026-01-15
2026-07-04 03:09:02,V20_Range_Breakout,PFIZER.NS,4568.6,4280.78,5692.32,32.97%,2025-05-19,2025-06-05
2026-07-04 03:09:02,V20_Range_Breakout,HAVELLS.NS,1181.1,1373.11,1654.06,20.46%,2025-04-07,2025-04-22
2026-07-04 03:09:02,V20_Range_Breakout,HONAUT.NS,39515.0,28540.0,36550.0,28.07%,2026-05-19,2026-05-22
2026-07-04 03:09:02,V20_Range_Breakout,BOSCHLTD.NS,41895.0,29120.0,37670.0,29.36%,2026-04-01,2026-04-10
2026-07-04 03:09:02,V20_Range_Breakout,SBIN.NS,1040.0,998.4,1227.2,22.50%,2026-01-01,2026-01-15
2026-07-04 03:09:02,V20_Range_Breakout,GLAXO.NS,2395.5,1894.45,2642.36,39.48%,2025-02-14,2025-02-20
2026-07-04 03:09:02,V20_Range_Breakout,AWL.NS,191.11,183.47,225.51,22.50%,2026-01-01,2026-01-15
2026-07-04 03:09:02,V20_Range_Breakout,KOTAKBANK.NS,396.75,380.88,468.16,22.50%,2026-01-01,2026-01-15
2026-07-04 03:09:02,V20_Range_Breakout,NAM-INDIA.NS,1218.2,304.5,369.14,21.23%,2023-10-09,2023-10-13
2026-07-04 03:09:02,V20_Range_Breakout,BATAINDIA.NS,696.6,668.74,821.99,22.50%,2026-01-01,2026-01-15
2026-07-04 03:09:02,V20_Range_Breakout,UBL.NS,1345.0,1291.2,1587.1,22.50%,2026-01-01,2026-01-15
2026-07-04 03:09:02,V20_Range_Breakout,PGHH.NS,8902.0,8545.92,10504.36,22.50%,2026-01-01,2026-01-15
2026-07-04 03:09:02,V20_Range_Breakout,ICICIBANK.NS,1411.4,1354.94,1665.45,22.50%,2026-01-01,2026-01-15
2026-07-04 03:09:02,V20_Range_Breakout,ITC.NS,289.95,278.35,342.14,22.50%,2026-01-01,2026-01-15
2026-07-04 03:09:02,V20_Range_Breakout,M&M.NS,3136.9,3011.42,3701.54,22.50%,2026-01-01,2026-01-15
2026-07-04 03:09:02,V20_Range_Breakout,MARUTI.NS,14366.0,13791.36,16951.88,22.50%,2026-01-01,2026-01-15
2026-07-04 03:09:02,V20_Range_Breakout,HDFCBANK.NS,801.05,769.01,945.24,22.50%,2026-01-01,2026-01-15
2026-07-04 03:09:02,V20_Range_Breakout,HDFCAMC.NS,2800.2,2688.19,3304.24,22.50%,2026-01-01,2026-01-15
2026-07-04 03:09:02,V20_Range_Breakout,ASTRAZEN.NS,8310.5,7793.36,9998.82,28.30%,2025-05-29,2025-06-05
2026-07-04 03:09:02,V20_Range_Breakout,MEDANTA.NS,1350.7,1009.64,1259.55,24.75%,2025-04-07,2025-04-08
2026-07-04 03:09:02,V20_Range_Breakout,MCX.NS,2814.0,903.55,1187.07,31.38%,2025-04-07,2025-04-21
2026-07-04 03:09:02,V20_Range_Breakout,RADICO.NS,3892.3,2710.0,3365.0,24.17%,2026-04-10,2026-04-20
2026-07-04 03:09:02,V20_Range_Breakout,ICICIGI.NS,1772.8,1701.89,2091.9,22.50%,2026-01-01,2026-01-15
2026-07-04 03:09:02,V20_Range_Breakout,ERIS.NS,1431.1,1091.34,1389.64,27.33%,2025-04-07,2025-04-11
2026-07-04 03:09:02,V20_Range_Breakout,BAJAJ-AUTO.NS,9785.5,9394.08,11546.89,22.50%,2026-01-01,2026-01-15
2026-07-04 03:09:02,V20_Range_Breakout,APOLLOHOSP.NS,8893.5,8537.76,10494.33,22.50%,2026-01-01,2026-01-15
2026-07-04 03:09:02,V20_Range_Breakout,RELIANCE.NS,1304.0,1251.84,1538.72,22.50%,2026-01-01,2026-01-15
2026-07-04 03:09:02,V20_Range_Breakout,BAJAJFINSV.NS,1895.6,1819.78,2236.81,22.50%,2026-01-01,2026-01-15
2026-07-04 03:09:02,V20_Range_Breakout,LALPATHLAB.NS,1645.7,1579.87,1941.93,22.50%,2026-01-01,2026-01-15
2026-07-04 03:09:02,V20_Range_Breakout,ULTRACEMCO.NS,11723.0,11254.08,13833.14,22.50%,2026-01-01,2026-01-15
2026-07-04 03:09:02,V20_Range_Breakout,AXISBANK.NS,1342.1,1288.42,1583.68,22.50%,2026-01-01,2026-01-15
2026-07-04 03:09:02,V20_Range_Breakout,HINDUNILVR.NS,2201.2,2113.15,2597.42,22.50%,2026-01-01,2026-01-15
2026-07-04 03:09:02,V20_Range_Breakout,PAGEIND.NS,42800.0,41088.0,50504.0,22.50%,2026-01-01,2026-01-15
2026-07-04 03:09:02,V20_Range_Breakout,GODREJCP.NS,1076.9,1033.82,1270.74,22.50%,2026-01-01,2026-01-15
2026-07-04 03:09:02,V20_Range_Breakout,TCS.NS,2093.5,2009.76,2470.33,22.50%,2026-01-01,2026-01-15
2026-07-04 03:09:02,V20_Range_Breakout,GILLETTE.NS,7610.5,7265.28,8796.35,21.07%,2025-02-18,2025-02-20
2026-07-04 03:09:02,V20_Range_Breakout,EICHERMOT.NS,7339.5,7045.92,8660.61,22.50%,2026-01-01,2026-01-15
2026-07-04 03:09:02,V20_Range_Breakout,ICICIPRULI.NS,485.25,465.84,572.59,22.50%,2026-01-01,2026-01-15
2026-07-04 03:09:02,V20_Range_Breakout,FORTIS.NS,974.6,935.62,1150.03,22.50%,2026-01-01,2026-01-15
2026-07-04 03:09:02,V20_Range_Breakout,DABUR.NS,444.35,426.58,524.33,22.50%,2026-01-01,2026-01-15
2026-07-06 10:15:10,V20_Range_Breakout,PIDILITIND.NS,1616.9,1552.22,1907.94,22.50%,2026-01-01,2026-01-15
2026-07-06 10:15:10,V20_Range_Breakout,BSE.NS,3802.7,2391.0,2918.0,22.04%,2025-05-29,2025-06-05
2026-07-06 10:15:10,V20_Range_Breakout,COLPAL.NS,2079.6,1996.42,2453.93,22.50%,2026-01-01,2026-01-15
2026-07-06 10:15:10,V20_Range_Breakout,HAVELLS.NS,1181.5,1373.11,1654.06,20.46%,2025-04-07,2025-04-22
2026-07-06 10:15:10,V20_Range_Breakout,ASIANPAINT.NS,2754.9,2644.7,3250.78,22.50%,2026-01-01,2026-01-15
2026-07-06 10:15:10,V20_Range_Breakout,SANOFI.NS,3445.7,5620.1,10037.9,78.61%,2024-06-07,2024-06-13
2026-07-06 10:15:10,V20_Range_Breakout,KOTAKBANK.NS,381.3,366.05,449.93,22.50%,2026-01-01,2026-01-15
2026-07-06 10:15:10,V20_Range_Breakout,VOLTAS.NS,1284.5,1125.16,1394.41,23.93%,2025-02-01,2025-02-03
2026-07-06 10:15:10,V20_Range_Breakout,DABUR.NS,449.75,431.76,530.7,22.50%,2026-01-01,2026-01-15
2026-07-06 10:15:10,V20_Range_Breakout,GODREJCP.NS,1100.6,1056.58,1298.71,22.50%,2026-01-01,2026-01-15
2026-07-06 10:15:10,V20_Range_Breakout,MRF.NS,135640.0,130214.4,160055.2,22.50%,2026-01-01,2026-01-15
2026-07-06 10:15:10,V20_Range_Breakout,PGHH.NS,8962.0,8603.52,10575.16,22.50%,2026-01-01,2026-01-15
2026-07-06 10:15:10,V20_Range_Breakout,ANGELONE.NS,345.95,228.45,284.2,24.40%,2026-04-01,2026-04-09
2026-07-06 10:15:10,V20_Range_Breakout,CIPLA.NS,1472.3,1413.41,1737.31,22.50%,2026-01-01,2026-01-15
2026-07-06 10:15:10,V20_Range_Breakout,ADANIPORTS.NS,1864.4,1789.82,2199.99,22.50%,2026-01-01,2026-01-15
2026-07-06 10:15:10,V20_Range_Breakout,RELAXO.NS,400.75,384.72,472.88,22.50%,2026-01-01,2026-01-15
2026-07-06 10:15:10,V20_Range_Breakout,FORTIS.NS,980.05,940.85,1156.46,22.50%,2026-01-01,2026-01-15
2026-07-06 10:15:10,V20_Range_Breakout,AWL.NS,190.77,183.14,225.11,22.50%,2026-01-01,2026-01-15
2026-07-06 10:15:10,V20_Range_Breakout,MCX.NS,2723.1,903.55,1187.07,31.38%,2025-04-07,2025-04-21
2026-07-06 10:15:10,V20_Range_Breakout,ACC.NS,1397.1,1341.22,1648.58,22.50%,2026-01-01,2026-01-15
2026-07-06 10:15:10,V20_Range_Breakout,TCS.NS,2057.6,1975.3,2427.97,22.50%,2026-01-01,2026-01-15
2026-07-06 10:15:10,V20_Range_Breakout,ICICIBANK.NS,1426.9,1369.82,1683.74,22.50%,2026-01-01,2026-01-15
2026-07-06 10:15:10,V20_Range_Breakout,LALPATHLAB.NS,1686.0,1618.56,1989.48,22.50%,2026-01-01,2026-01-15
2026-07-06 10:15:10,V20_Range_Breakout,ULTRACEMCO.NS,11661.0,11194.56,13759.98,22.50%,2026-01-01,2026-01-15
2026-07-06 10:15:10,V20_Range_Breakout,GILLETTE.NS,7772.5,7265.28,8796.35,21.07%,2025-02-18,2025-02-20
2026-07-06 10:15:10,V20_Range_Breakout,NAM-INDIA.NS,1207.5,304.5,369.14,21.23%,2023-10-09,2023-10-13
2026-07-06 10:15:10,V20_Range_Breakout,JIOFIN.NS,240.0,271.48,346.46,27.62%,2024-02-19,2024-02-23
2026-07-06 10:15:10,V20_Range_Breakout,QUESS.NS,293.55,240.59,294.85,22.55%,2026-06-30,2026-07-06
2026-07-06 10:15:10,V20_Range_Breakout,BAJAJ-AUTO.NS,10036.5,9635.04,11843.07,22.50%,2026-01-01,2026-01-15
2026-07-06 10:15:10,V20_Range_Breakout,GLAXO.NS,2402.2,1894.45,2642.36,39.48%,2025-02-14,2025-02-20
2026-07-06 10:15:10,V20_Range_Breakout,ABBOTINDIA.NS,26860.0,25785.6,31694.8,22.50%,2026-01-01,2026-01-15
2026-07-06 10:15:10,V20_Range_Breakout,VBL.NS,494.85,394.43,474.75,20.36%,2026-04-07,2026-04-17
2026-07-06 10:15:10,V20_Range_Breakout,MEDANTA.NS,1351.1,1009.64,1259.55,24.75%,2025-04-07,2025-04-08
2026-07-06 10:15:10,V20_Range_Breakout,UBL.NS,1369.2,1314.43,1615.66,22.50%,2026-01-01,2026-01-15
2026-07-06 10:15:10,V20_Range_Breakout,PAGEIND.NS,42510.0,40809.6,50161.8,22.50%,2026-01-01,2026-01-15
2026-07-06 10:15:10,V20_Range_Breakout,JSWINFRA.NS,324.0,311.04,382.32,22.50%,2026-01-01,2026-01-15
2026-07-06 10:15:10,V20_Range_Breakout,MARUTI.NS,14456.0,13877.76,17058.08,22.50%,2026-01-01,2026-01-15
2026-07-06 10:15:10,V20_Range_Breakout,UNITDSPR.NS,1427.3,1370.21,1684.21,22.50%,2026-01-01,2026-01-15
2026-07-06 10:15:10,V20_Range_Breakout,INFY.NS,1042.2,1000.51,1229.8,22.50%,2026-01-01,2026-01-15
2026-07-06 10:15:10,V20_Range_Breakout,TEAMLEASE.NS,1399.9,2854.65,3478.0,21.84%,2024-07-23,2024-07-29
2026-07-06 10:15:10,V20_Range_Breakout,BAJAJFINSV.NS,1870.7,1795.87,2207.43,22.50%,2026-01-01,2026-01-15
2026-07-06 10:15:10,V20_Range_Breakout,ICICIGI.NS,1785.4,1713.98,2106.77,22.50%,2026-01-01,2026-01-15
2026-07-06 10:15:10,V20_Range_Breakout,TITAN.NS,4484.4,4305.02,5291.59,22.50%,2026-01-01,2026-01-15
2026-07-06 10:15:10,V20_Range_Breakout,EICHERMOT.NS,7471.5,7172.64,8816.37,22.50%,2026-01-01,2026-01-15
2026-07-06 10:15:10,V20_Range_Breakout,HINDUNILVR.NS,2202.0,2113.92,2598.36,22.50%,2026-01-01,2026-01-15
2026-07-06 10:15:10,V20_Range_Breakout,HONAUT.NS,38515.0,28540.0,36550.0,28.07%,2026-05-19,2026-05-22
2026-07-06 10:15:10,V20_Range_Breakout,HDFCAMC.NS,2773.4,2662.46,3272.61,22.50%,2026-01-01,2026-01-15
2026-07-06 10:15:10,V20_Range_Breakout,RADICO.NS,4106.7,2710.0,3365.0,24.17%,2026-04-10,2026-04-20
2026-07-06 10:15:10,V20_Range_Breakout,CAMS.NS,788.8,874.48,1049.83,20.05%,2024-11-25,2024-12-05
2026-07-06 10:15:10,V20_Range_Breakout,BLUESTARCO.NS,1597.8,1581.5,1921.0,21.47%,2026-04-08,2026-04-20
2026-07-06 10:15:10,V20_Range_Breakout,KAJARIACER.NS,1215.5,945.5,1178.0,24.59%,2026-04-01,2026-04-15
2026-07-06 10:15:10,V20_Range_Breakout,ITC.NS,288.25,276.72,340.13,22.50%,2026-01-01,2026-01-15
2026-07-06 10:15:10,V20_Range_Breakout,AXISBANK.NS,1339.6,1286.02,1580.73,22.50%,2026-01-01,2026-01-15
2026-07-06 10:15:10,V20_Range_Breakout,BAJFINANCE.NS,1029.1,987.94,1214.34,22.50%,2026-01-01,2026-01-15
2026-07-06 10:15:10,V20_Range_Breakout,ERIS.NS,1449.4,1091.34,1389.64,27.33%,2025-04-07,2025-04-11
2026-07-06 10:15:10,V20_Range_Breakout,BOSCHLTD.NS,42125.0,29120.0,37670.0,29.36%,2026-04-01,2026-04-10
2026-07-06 10:15:10,V20_Range_Breakout,DMART.NS,4064.7,3685.1,4562.6,23.81%,2026-03-24,2026-04-06
2026-07-06 10:15:10,V20_Range_Breakout,HDFCBANK.NS,829.85,796.66,979.22,22.50%,2026-01-01,2026-01-15
2026-07-06 10:15:10,V20_Range_Breakout,LT.NS,4041.0,3879.36,4768.38,22.50%,2026-01-01,2026-01-15
2026-07-06 10:15:10,V20_Range_Breakout,ICICIPRULI.NS,485.1,465.7,572.42,22.50%,2026-01-01,2026-01-15
2026-07-06 10:15:10,V20_Range_Breakout,ASTRAZEN.NS,8236.0,7793.36,9998.82,28.30%,2025-05-29,2025-06-05
2026-07-06 10:15:10,V20_Range_Breakout,DIXON.NS,13304.0,12749.33,16820.51,31.93%,2025-04-09,2025-04-22
2026-07-06 10:15:10,V20_Range_Breakout,INDHOTEL.NS,738.15,708.62,871.02,22.50%,2026-01-01,2026-01-15
2026-07-06 10:15:10,V20_Range_Breakout,MARICO.NS,838.1,804.58,988.96,22.50%,2026-01-01,2026-01-15
2026-07-06 10:15:10,V20_Range_Breakout,PFIZER.NS,4577.7,4280.78,5692.32,32.97%,2025-05-19,2025-06-05
2026-07-06 10:15:10,V20_Range_Breakout,RELIANCE.NS,1321.3,1268.45,1559.13,22.50%,2026-01-01,2026-01-15
2026-07-06 10:15:10,V20_Range_Breakout,HDFCLIFE.NS,564.2,541.63,665.76,22.50%,2026-01-01,2026-01-15
2026-07-06 10:15:10,V20_Range_Breakout,NESTLEIND.NS,1473.7,1414.75,1738.97,22.50%,2026-01-01,2026-01-15
2026-07-06 10:15:10,V20_Range_Breakout,HCLTECH.NS,1134.2,1088.83,1338.36,22.50%,2026-01-01,2026-01-15
2026-07-06 10:15:10,V20_Range_Breakout,APOLLOHOSP.NS,8888.5,8532.96,10488.43,22.50%,2026-01-01,2026-01-15
2026-07-06 10:15:10,V20_Range_Breakout,M&M.NS,3201.2,3073.15,3777.42,22.50%,2026-01-01,2026-01-15
2026-07-06 10:15:10,V20_Range_Breakout,BATAINDIA.NS,689.1,661.54,813.14,22.50%,2026-01-01,2026-01-15
2026-07-06 10:15:10,V20_Range_Breakout,CDSL.NS,1358.6,1304.26,1603.15,22.50%,2026-01-01,2026-01-15
2026-07-06 10:15:10,V20_Range_Breakout,HYUNDAI.NS,2004.4,1924.22,2365.19,22.50%,2026-01-01,2026-01-15
2026-07-06 10:15:10,V20_Range_Breakout,SBIN.NS,1037.7,996.19,1224.49,22.50%,2026-01-01,2026-01-15
2026-07-07 09:37:22,V20_Range_Breakout,GILLETTE.NS,7866.5,7265.28,8796.35,21.07%,2025-02-18,2025-02-20
2026-07-07 09:37:22,V20_Range_Breakout,ADANIPORTS.NS,1838.3,1764.77,2169.19,22.50%,2026-01-01,2026-01-15
2026-07-07 09:37:22,V20_Range_Breakout,CAMS.NS,778.0,874.48,1049.83,20.05%,2024-11-25,2024-12-05
2026-07-07 09:37:22,V20_Range_Breakout,PAGEIND.NS,41815.0,40142.4,49341.7,22.50%,2026-01-01,2026-01-15
2026-07-07 09:37:22,V20_Range_Breakout,RELIANCE.NS,1309.7,1257.31,1545.45,22.50%,2026-01-01,2026-01-15
2026-07-07 09:37:22,V20_Range_Breakout,BOSCHLTD.NS,41985.0,29120.0,37670.0,29.36%,2026-04-01,2026-04-10
2026-07-07 09:37:22,V20_Range_Breakout,INFY.NS,1071.2,1028.35,1264.02,22.50%,2026-01-01,2026-01-15
2026-07-07 09:37:22,V20_Range_Breakout,HAVELLS.NS,1224.6,1373.11,1654.06,20.46%,2025-04-07,2025-04-22
2026-07-07 09:37:22,V20_Range_Breakout,ITC.NS,289.0,277.44,341.02,22.50%,2026-01-01,2026-01-15
2026-07-07 09:37:22,V20_Range_Breakout,NESTLEIND.NS,1473.5,1414.56,1738.73,22.50%,2026-01-01,2026-01-15
2026-07-07 09:37:22,V20_Range_Breakout,MRF.NS,138620.0,133075.2,163571.6,22.50%,2026-01-01,2026-01-15
2026-07-07 09:37:22,V20_Range_Breakout,LT.NS,3993.7,3833.95,4712.57,22.50%,2026-01-01,2026-01-15
2026-07-07 09:37:22,V20_Range_Breakout,HCLTECH.NS,1166.5,1119.84,1376.47,22.50%,2026-01-01,2026-01-15
2026-07-07 09:37:22,V20_Range_Breakout,VBL.NS,485.35,394.43,474.75,20.36%,2026-04-07,2026-04-17
2026-07-07 09:37:22,V20_Range_Breakout,NAM-INDIA.NS,1195.8,304.5,369.14,21.23%,2023-10-09,2023-10-13
2026-07-07 09:37:22,V20_Range_Breakout,DMART.NS,4070.8,3685.1,4562.6,23.81%,2026-03-24,2026-04-06
2026-07-07 09:37:22,V20_Range_Breakout,HDFCAMC.NS,2794.7,2682.91,3297.75,22.50%,2026-01-01,2026-01-15
2026-07-07 09:37:22,V20_Range_Breakout,ABBOTINDIA.NS,26600.0,25536.0,31388.0,22.50%,2026-01-01,2026-01-15
2026-07-07 09:37:22,V20_Range_Breakout,VOLTAS.NS,1289.3,1125.16,1394.41,23.93%,2025-02-01,2025-02-03
2026-07-07 09:37:22,V20_Range_Breakout,ULTRACEMCO.NS,11665.0,11198.4,13764.7,22.50%,2026-01-01,2026-01-15
2026-07-07 09:37:22,V20_Range_Breakout,HDFCLIFE.NS,572.5,549.6,675.55,22.50%,2026-01-01,2026-01-15
2026-07-07 09:37:22,V20_Range_Breakout,BSE.NS,3688.8,2391.0,2918.0,22.04%,2025-05-29,2025-06-05
2026-07-07 09:37:22,V20_Range_Breakout,AXISBANK.NS,1342.9,1289.18,1584.62,22.50%,2026-01-01,2026-01-15
2026-07-07 09:37:22,V20_Range_Breakout,ICICIBANK.NS,1415.3,1358.69,1670.05,22.50%,2026-01-01,2026-01-15
2026-07-07 09:37:22,V20_Range_Breakout,JSWINFRA.NS,322.75,309.84,380.84,22.50%,2026-01-01,2026-01-15
2026-07-07 09:37:22,V20_Range_Breakout,GODREJCP.NS,1095.2,1051.39,1292.34,22.50%,2026-01-01,2026-01-15
2026-07-07 09:37:22,V20_Range_Breakout,MEDANTA.NS,1327.1,1009.64,1259.55,24.75%,2025-04-07,2025-04-08
2026-07-07 09:37:22,V20_Range_Breakout,M&M.NS,3202.9,3074.78,3779.42,22.50%,2026-01-01,2026-01-15
2026-07-07 09:37:22,V20_Range_Breakout,TITAN.NS,4615.1,4430.5,5445.82,22.50%,2026-01-01,2026-01-15
2026-07-07 09:37:22,V20_Range_Breakout,INDHOTEL.NS,745.2,715.39,879.34,22.50%,2026-01-01,2026-01-15
2026-07-07 09:37:22,V20_Range_Breakout,ERIS.NS,1437.7,1091.34,1389.64,27.33%,2025-04-07,2025-04-11
2026-07-07 09:37:22,V20_Range_Breakout,ICICIPRULI.NS,488.5,468.96,576.43,22.50%,2026-01-01,2026-01-15
2026-07-07 09:37:22,V20_Range_Breakout,MARUTI.NS,14550.0,13968.0,17169.0,22.50%,2026-01-01,2026-01-15
2026-07-07 09:37:22,V20_Range_Breakout,HYUNDAI.NS,1984.6,1905.22,2341.83,22.50%,2026-01-01,2026-01-15
2026-07-07 09:37:22,V20_Range_Breakout,RELAXO.NS,393.5,377.76,464.33,22.50%,2026-01-01,2026-01-15
2026-07-07 09:37:22,V20_Range_Breakout,MCX.NS,2647.0,903.55,1187.07,31.38%,2025-04-07,2025-04-21
2026-07-07 09:37:22,V20_Range_Breakout,SBIN.NS,1039.0,997.44,1226.02,22.50%,2026-01-01,2026-01-15
2026-07-07 09:37:22,V20_Range_Breakout,APOLLOHOSP.NS,8833.5,8480.16,10423.53,22.50%,2026-01-01,2026-01-15
2026-07-07 09:37:22,V20_Range_Breakout,ICICIGI.NS,1791.5,1719.84,2113.97,22.50%,2026-01-01,2026-01-15
2026-07-07 09:37:22,V20_Range_Breakout,DIXON.NS,13250.0,12749.33,16820.51,31.93%,2025-04-09,2025-04-22
2026-07-07 09:37:22,V20_Range_Breakout,PGHH.NS,9004.5,8644.32,10625.31,22.50%,2026-01-01,2026-01-15
2026-07-07 09:37:22,V20_Range_Breakout,ASTRAZEN.NS,8172.5,7793.36,9998.82,28.30%,2025-05-29,2025-06-05
2026-07-07 09:37:22,V20_Range_Breakout,RADICO.NS,4107.6,2710.0,3365.0,24.17%,2026-04-10,2026-04-20
2026-07-07 09:37:22,V20_Range_Breakout,UBL.NS,1360.4,1305.98,1605.27,22.50%,2026-01-01,2026-01-15
2026-07-07 09:37:22,V20_Range_Breakout,HDFCBANK.NS,830.0,796.8,979.4,22.50%,2026-01-01,2026-01-15
2026-07-07 09:37:22,V20_Range_Breakout,LALPATHLAB.NS,1679.9,1612.7,1982.28,22.50%,2026-01-01,2026-01-15
2026-07-07 09:37:22,V20_Range_Breakout,BAJAJ-AUTO.NS,10119.0,9714.24,11940.42,22.50%,2026-01-01,2026-01-15
2026-07-07 09:37:22,V20_Range_Breakout,KOTAKBANK.NS,380.95,365.71,449.52,22.50%,2026-01-01,2026-01-15
2026-07-07 09:37:22,V20_Range_Breakout,TCS.NS,2095.5,2011.68,2472.69,22.50%,2026-01-01,2026-01-15
2026-07-07 09:37:22,V20_Range_Breakout,ANGELONE.NS,336.15,228.45,284.2,24.40%,2026-04-01,2026-04-09
2026-07-07 09:37:22,V20_Range_Breakout,FORTIS.NS,974.9,935.9,1150.38,22.50%,2026-01-01,2026-01-15
2026-07-07 09:37:22,V20_Range_Breakout,JIOFIN.NS,243.23,271.48,346.46,27.62%,2024-02-19,2024-02-23
2026-07-07 09:37:22,V20_Range_Breakout,BAJFINANCE.NS,1044.1,1002.34,1232.04,22.50%,2026-01-01,2026-01-15
2026-07-07 09:37:22,V20_Range_Breakout,MARICO.NS,846.85,812.98,999.28,22.50%,2026-01-01,2026-01-15
2026-07-07 09:37:22,V20_Range_Breakout,ACC.NS,1386.5,1331.04,1636.07,22.50%,2026-01-01,2026-01-15
2026-07-07 09:37:22,V20_Range_Breakout,UNITDSPR.NS,1439.6,1382.02,1698.73,22.50%,2026-01-01,2026-01-15
2026-07-07 09:37:22,V20_Range_Breakout,QUESS.NS,299.6,240.59,302.5,25.73%,2026-06-30,2026-07-07
2026-07-07 09:37:22,V20_Range_Breakout,EICHERMOT.NS,7549.5,7247.52,8908.41,22.50%,2026-01-01,2026-01-15
2026-07-07 09:37:22,V20_Range_Breakout,BAJAJFINSV.NS,1886.2,1810.75,2225.72,22.50%,2026-01-01,2026-01-15
2026-07-07 09:37:22,V20_Range_Breakout,HINDUNILVR.NS,2211.1,2122.66,2609.1,22.50%,2026-01-01,2026-01-15
2026-07-07 09:37:22,V20_Range_Breakout,AWL.NS,185.5,178.08,218.89,22.50%,2026-01-01,2026-01-15
2026-07-07 09:37:22,V20_Range_Breakout,CIPLA.NS,1451.3,1393.25,1712.53,22.50%,2026-01-01,2026-01-15
2026-07-07 09:37:22,V20_Range_Breakout,KAJARIACER.NS,1211.7,945.5,1178.0,24.59%,2026-04-01,2026-04-15
2026-07-07 09:37:22,V20_Range_Breakout,PFIZER.NS,4520.1,4280.78,5692.32,32.97%,2025-05-19,2025-06-05
2026-07-07 09:37:22,V20_Range_Breakout,TEAMLEASE.NS,1401.5,2854.65,3478.0,21.84%,2024-07-23,2024-07-29
2026-07-07 09:37:22,V20_Range_Breakout,SANOFI.NS,3463.0,5620.1,10037.9,78.61%,2024-06-07,2024-06-13
2026-07-07 09:37:22,V20_Range_Breakout,COLPAL.NS,2077.6,1994.5,2451.57,22.50%,2026-01-01,2026-01-15
2026-07-07 09:37:22,V20_Range_Breakout,PIDILITIND.NS,1625.6,1560.58,1918.21,22.50%,2026-01-01,2026-01-15
2026-07-07 09:37:22,V20_Range_Breakout,HONAUT.NS,38105.0,28540.0,36550.0,28.07%,2026-05-19,2026-05-22
2026-07-07 09:37:22,V20_Range_Breakout,BATAINDIA.NS,686.95,659.47,810.6,22.50%,2026-01-01,2026-01-15
2026-07-07 09:37:22,V20_Range_Breakout,CDSL.NS,1361.4,1306.94,1606.45,22.50%,2026-01-01,2026-01-15
2026-07-07 09:37:22,V20_Range_Breakout,BLUESTARCO.NS,1606.7,1581.5,1921.0,21.47%,2026-04-08,2026-04-20
2026-07-07 09:37:22,V20_Range_Breakout,GLAXO.NS,2393.5,1894.45,2642.36,39.48%,2025-02-14,2025-02-20
2026-07-07 09:37:22,V20_Range_Breakout,DABUR.NS,454.0,435.84,535.72,22.50%,2026-01-01,2026-01-15
2026-07-07 09:37:22,V20_Range_Breakout,ASIANPAINT.NS,2732.0,2622.72,3223.76,22.50%,2026-01-01,2026-01-15
2026-07-07 12:26:01,V20_Range_Breakout,FORTIS.NS,971.9,933.02,1146.84,22.50%,2026-01-01,2026-01-15
2026-07-07 12:26:01,V20_Range_Breakout,PGHH.NS,9000.0,8640.0,10620.0,22.50%,2026-01-01,2026-01-15
2026-07-07 12:26:01,V20_Range_Breakout,VBL.NS,484.25,394.43,474.75,20.36%,2026-04-07,2026-04-17
2026-07-07 12:26:01,V20_Range_Breakout,DIXON.NS,13242.0,12749.33,16820.51,31.93%,2025-04-09,2025-04-22
2026-07-07 12:26:01,V20_Range_Breakout,INDHOTEL.NS,745.95,716.11,880.22,22.50%,2026-01-01,2026-01-15
2026-07-07 12:26:01,V20_Range_Breakout,GLAXO.NS,2406.5,1894.45,2642.36,39.48%,2025-02-14,2025-02-20
2026-07-07 12:26:01,V20_Range_Breakout,ICICIGI.NS,1794.3,1722.53,2117.27,22.50%,2026-01-01,2026-01-15
2026-07-07 12:26:01,V20_Range_Breakout,MRF.NS,138650.0,133104.0,163607.0,22.50%,2026-01-01,2026-01-15
2026-07-07 12:26:01,V20_Range_Breakout,KOTAKBANK.NS,381.7,366.43,450.41,22.50%,2026-01-01,2026-01-15
2026-07-07 12:26:01,V20_Range_Breakout,NAM-INDIA.NS,1192.6,304.5,369.14,21.23%,2023-10-09,2023-10-13
2026-07-07 12:26:01,V20_Range_Breakout,BAJAJFINSV.NS,1885.3,1809.89,2224.65,22.50%,2026-01-01,2026-01-15
2026-07-07 12:26:01,V20_Range_Breakout,UNITDSPR.NS,1439.4,1381.82,1698.49,22.50%,2026-01-01,2026-01-15
2026-07-07 12:26:01,V20_Range_Breakout,DMART.NS,4070.9,3685.1,4562.6,23.81%,2026-03-24,2026-04-06
2026-07-07 12:26:01,V20_Range_Breakout,KAJARIACER.NS,1211.2,945.5,1178.0,24.59%,2026-04-01,2026-04-15
2026-07-07 12:26:01,V20_Range_Breakout,VOLTAS.NS,1288.0,1125.16,1394.41,23.93%,2025-02-01,2025-02-03
2026-07-07 12:26:01,V20_Range_Breakout,M&M.NS,3196.4,3068.54,3771.75,22.50%,2026-01-01,2026-01-15
2026-07-07 12:26:01,V20_Range_Breakout,RELAXO.NS,392.45,376.75,463.09,22.50%,2026-01-01,2026-01-15
2026-07-07 12:26:01,V20_Range_Breakout,LALPATHLAB.NS,1680.8,1613.57,1983.34,22.50%,2026-01-01,2026-01-15
2026-07-07 12:26:01,V20_Range_Breakout,EICHERMOT.NS,7536.0,7234.56,8892.48,22.50%,2026-01-01,2026-01-15
2026-07-07 12:26:01,V20_Range_Breakout,ASIANPAINT.NS,2731.4,2622.14,3223.05,22.50%,2026-01-01,2026-01-15
2026-07-07 12:26:01,V20_Range_Breakout,HDFCBANK.NS,829.3,796.13,978.57,22.50%,2026-01-01,2026-01-15
2026-07-07 12:26:01,V20_Range_Breakout,ULTRACEMCO.NS,11649.0,11183.04,13745.82,22.50%,2026-01-01,2026-01-15
2026-07-07 12:26:01,V20_Range_Breakout,ICICIPRULI.NS,487.85,468.34,575.66,22.50%,2026-01-01,2026-01-15
2026-07-07 12:26:01,V20_Range_Breakout,HONAUT.NS,38140.0,28540.0,36550.0,28.07%,2026-05-19,2026-05-22
2026-07-07 12:26:01,V20_Range_Breakout,TITAN.NS,4604.2,4420.03,5432.96,22.50%,2026-01-01,2026-01-15
2026-07-07 12:26:01,V20_Range_Breakout,GODREJCP.NS,1097.2,1053.31,1294.7,22.50%,2026-01-01,2026-01-15
2026-07-07 12:26:01,V20_Range_Breakout,CAMS.NS,776.6,874.48,1049.83,20.05%,2024-11-25,2024-12-05
2026-07-07 12:26:01,V20_Range_Breakout,APOLLOHOSP.NS,8837.0,8483.52,10427.66,22.50%,2026-01-01,2026-01-15
2026-07-07 12:26:01,V20_Range_Breakout,ABBOTINDIA.NS,26725.0,25656.0,31535.5,22.50%,2026-01-01,2026-01-15
2026-07-07 12:26:01,V20_Range_Breakout,ITC.NS,288.75,277.2,340.72,22.50%,2026-01-01,2026-01-15
2026-07-07 12:26:01,V20_Range_Breakout,CDSL.NS,1360.0,1305.6,1604.8,22.50%,2026-01-01,2026-01-15
2026-07-07 12:26:01,V20_Range_Breakout,HINDUNILVR.NS,2208.8,2120.45,2606.38,22.50%,2026-01-01,2026-01-15
2026-07-07 12:26:01,V20_Range_Breakout,JIOFIN.NS,243.07,271.48,346.46,27.62%,2024-02-19,2024-02-23
2026-07-07 12:26:01,V20_Range_Breakout,SBIN.NS,1038.1,996.58,1224.96,22.50%,2026-01-01,2026-01-15
2026-07-07 12:26:01,V20_Range_Breakout,QUESS.NS,299.25,240.59,302.5,25.73%,2026-06-30,2026-07-07
2026-07-07 12:26:01,V20_Range_Breakout,ANGELONE.NS,335.8,228.45,284.2,24.40%,2026-04-01,2026-04-09
2026-07-07 12:26:01,V20_Range_Breakout,BAJAJ-AUTO.NS,10109.5,9705.12,11929.21,22.50%,2026-01-01,2026-01-15
2026-07-07 12:26:01,V20_Range_Breakout,INFY.NS,1071.8,1028.93,1264.72,22.50%,2026-01-01,2026-01-15
2026-07-07 12:26:01,V20_Range_Breakout,DABUR.NS,453.5,435.36,535.13,22.50%,2026-01-01,2026-01-15
2026-07-07 12:26:01,V20_Range_Breakout,RADICO.NS,4098.6,2710.0,3365.0,24.17%,2026-04-10,2026-04-20
2026-07-07 12:26:01,V20_Range_Breakout,PAGEIND.NS,41780.0,40108.8,49300.4,22.50%,2026-01-01,2026-01-15
2026-07-07 12:26:01,V20_Range_Breakout,AWL.NS,185.37,177.96,218.74,22.50%,2026-01-01,2026-01-15
2026-07-07 12:26:01,V20_Range_Breakout,HDFCAMC.NS,2783.4,2672.06,3284.41,22.50%,2026-01-01,2026-01-15
2026-07-07 12:26:01,V20_Range_Breakout,ICICIBANK.NS,1414.7,1358.11,1669.35,22.50%,2026-01-01,2026-01-15
2026-07-07 12:26:01,V20_Range_Breakout,MARUTI.NS,14538.0,13956.48,17154.84,22.50%,2026-01-01,2026-01-15
2026-07-07 12:26:01,V20_Range_Breakout,HAVELLS.NS,1225.0,1373.11,1654.06,20.46%,2025-04-07,2025-04-22
2026-07-07 12:26:01,V20_Range_Breakout,TCS.NS,2096.1,2012.26,2473.4,22.50%,2026-01-01,2026-01-15
2026-07-07 12:26:01,V20_Range_Breakout,BAJFINANCE.NS,1042.5,1000.8,1230.15,22.50%,2026-01-01,2026-01-15
2026-07-07 12:26:01,V20_Range_Breakout,CIPLA.NS,1451.8,1393.73,1713.12,22.50%,2026-01-01,2026-01-15
2026-07-07 12:26:01,V20_Range_Breakout,RELIANCE.NS,1308.4,1256.06,1543.91,22.50%,2026-01-01,2026-01-15
2026-07-07 12:26:01,V20_Range_Breakout,ERIS.NS,1435.1,1091.34,1389.64,27.33%,2025-04-07,2025-04-11
2026-07-07 12:26:01,V20_Range_Breakout,PFIZER.NS,4538.7,4280.78,5692.32,32.97%,2025-05-19,2025-06-05
2026-07-07 12:26:01,V20_Range_Breakout,GILLETTE.NS,7860.5,7265.28,8796.35,21.07%,2025-02-18,2025-02-20
2026-07-07 12:26:01,V20_Range_Breakout,TEAMLEASE.NS,1402.4,2854.65,3478.0,21.84%,2024-07-23,2024-07-29
2026-07-07 12:26:01,V20_Range_Breakout,LT.NS,3991.9,3832.22,4710.44,22.50%,2026-01-01,2026-01-15
2026-07-07 12:26:01,V20_Range_Breakout,PIDILITIND.NS,1622.3,1557.41,1914.31,22.50%,2026-01-01,2026-01-15
2026-07-07 12:26:01,V20_Range_Breakout,SANOFI.NS,3461.9,5620.1,10037.9,78.61%,2024-06-07,2024-06-13
2026-07-07 12:26:01,V20_Range_Breakout,UBL.NS,1358.6,1304.26,1603.15,22.50%,2026-01-01,2026-01-15
2026-07-07 12:26:01,V20_Range_Breakout,HYUNDAI.NS,1980.5,1901.28,2336.99,22.50%,2026-01-01,2026-01-15
2026-07-07 12:26:01,V20_Range_Breakout,ADANIPORTS.NS,1833.9,1760.54,2164.0,22.50%,2026-01-01,2026-01-15
2026-07-07 12:26:01,V20_Range_Breakout,HDFCLIFE.NS,572.45,549.55,675.49,22.50%,2026-01-01,2026-01-15
2026-07-07 12:26:01,V20_Range_Breakout,MCX.NS,2643.2,903.55,1187.07,31.38%,2025-04-07,2025-04-21
2026-07-07 12:26:01,V20_Range_Breakout,BLUESTARCO.NS,1605.4,1581.5,1921.0,21.47%,2026-04-08,2026-04-20
2026-07-07 12:26:01,V20_Range_Breakout,BATAINDIA.NS,685.3,657.89,808.65,22.50%,2026-01-01,2026-01-15
2026-07-07 12:26:01,V20_Range_Breakout,AXISBANK.NS,1341.0,1287.36,1582.38,22.50%,2026-01-01,2026-01-15
2026-07-07 12:26:01,V20_Range_Breakout,BSE.NS,3683.4,2391.0,2918.0,22.04%,2025-05-29,2025-06-05
2026-07-07 12:26:01,V20_Range_Breakout,MEDANTA.NS,1324.3,1009.64,1259.55,24.75%,2025-04-07,2025-04-08
2026-07-07 12:26:01,V20_Range_Breakout,ACC.NS,1384.4,1329.02,1633.59,22.50%,2026-01-01,2026-01-15
2026-07-07 12:26:01,V20_Range_Breakout,MARICO.NS,847.65,813.74,1000.23,22.50%,2026-01-01,2026-01-15
2026-07-07 12:26:01,V20_Range_Breakout,COLPAL.NS,2077.2,1994.11,2451.1,22.50%,2026-01-01,2026-01-15
2026-07-07 12:26:01,V20_Range_Breakout,BOSCHLTD.NS,41935.0,29120.0,37670.0,29.36%,2026-04-01,2026-04-10
2026-07-07 12:26:01,V20_Range_Breakout,NESTLEIND.NS,1471.8,1412.93,1736.72,22.50%,2026-01-01,2026-01-15
2026-07-07 12:26:01,V20_Range_Breakout,JSWINFRA.NS,322.45,309.55,380.49,22.50%,2026-01-01,2026-01-15
2026-07-07 12:26:01,V20_Range_Breakout,HCLTECH.NS,1168.2,1121.47,1378.48,22.50%,2026-01-01,2026-01-15
2026-07-07 12:26:01,V20_Range_Breakout,ASTRAZEN.NS,8204.0,7793.36,9998.82,28.30%,2025-05-29,2025-06-05
2026-07-08 08:24:36,V20_Range_Breakout,PIDILITIND.NS,1592.1,1528.42,1878.68,22.50%,2026-01-01,2026-01-15
2026-07-08 08:24:36,V20_Range_Breakout,ANGELONE.NS,334.15,228.45,284.2,24.40%,2026-04-01,2026-04-09
2026-07-08 08:24:36,V20_Range_Breakout,VOLTAS.NS,1269.0,1125.16,1394.41,23.93%,2025-02-01,2025-02-03
2026-07-08 08:24:36,V20_Range_Breakout,ERIS.NS,1423.7,1091.34,1389.64,27.33%,2025-04-07,2025-04-11
2026-07-08 08:24:36,V20_Range_Breakout,VBL.NS,477.15,394.43,474.75,20.36%,2026-04-07,2026-04-17
2026-07-08 08:24:36,V20_Range_Breakout,PAGEIND.NS,41700.0,40032.0,49206.0,22.50%,2026-01-01,2026-01-15
2026-07-08 08:24:36,V20_Range_Breakout,INDHOTEL.NS,730.5,701.28,861.99,22.50%,2026-01-01,2026-01-15
2026-07-08 08:24:36,V20_Range_Breakout,INFY.NS,1072.3,1029.41,1265.31,22.50%,2026-01-01,2026-01-15
2026-07-08 08:24:36,V20_Range_Breakout,HDFCLIFE.NS,562.45,539.95,663.69,22.50%,2026-01-01,2026-01-15
2026-07-08 08:24:36,V20_Range_Breakout,EICHERMOT.NS,7525.0,7224.0,8879.5,22.50%,2026-01-01,2026-01-15
2026-07-08 08:24:36,V20_Range_Breakout,ASIANPAINT.NS,2690.7,2583.07,3175.03,22.50%,2026-01-01,2026-01-15
2026-07-08 08:24:36,V20_Range_Breakout,FORTIS.NS,942.9,905.18,1112.62,22.50%,2026-01-01,2026-01-15
2026-07-08 08:24:36,V20_Range_Breakout,ITC.NS,283.1,271.78,334.06,22.50%,2026-01-01,2026-01-15
2026-07-08 08:24:36,V20_Range_Breakout,BAJAJ-AUTO.NS,10180.0,9772.8,12012.4,22.50%,2026-01-01,2026-01-15
2026-07-08 08:24:36,V20_Range_Breakout,LALPATHLAB.NS,1669.9,1603.1,1970.48,22.50%,2026-01-01,2026-01-15
2026-07-08 08:24:36,V20_Range_Breakout,CIPLA.NS,1436.2,1378.75,1694.72,22.50%,2026-01-01,2026-01-15
2026-07-08 08:24:36,V20_Range_Breakout,MCX.NS,2690.6,903.55,1187.07,31.38%,2025-04-07,2025-04-21
2026-07-08 08:24:36,V20_Range_Breakout,HYUNDAI.NS,1931.2,1853.95,2278.82,22.50%,2026-01-01,2026-01-15
2026-07-08 08:24:36,V20_Range_Breakout,CAMS.NS,763.7,874.48,1049.83,20.05%,2024-11-25,2024-12-05
2026-07-08 08:24:36,V20_Range_Breakout,HONAUT.NS,38000.0,28540.0,36550.0,28.07%,2026-05-19,2026-05-22
2026-07-08 08:24:36,V20_Range_Breakout,ICICIGI.NS,1815.0,1742.4,2141.7,22.50%,2026-01-01,2026-01-15
2026-07-08 08:24:36,V20_Range_Breakout,COLPAL.NS,2042.6,1960.9,2410.27,22.50%,2026-01-01,2026-01-15
2026-07-08 08:24:36,V20_Range_Breakout,JIOFIN.NS,233.18,271.48,346.46,27.62%,2024-02-19,2024-02-23
2026-07-08 08:24:36,V20_Range_Breakout,GLAXO.NS,2420.0,1894.45,2642.36,39.48%,2025-02-14,2025-02-20
2026-07-08 08:24:36,V20_Range_Breakout,LT.NS,3931.2,3773.95,4638.82,22.50%,2026-01-01,2026-01-15
2026-07-08 08:24:36,V20_Range_Breakout,PFIZER.NS,4558.5,4280.78,5692.32,32.97%,2025-05-19,2025-06-05
2026-07-08 08:24:36,V20_Range_Breakout,QUESS.NS,300.0,240.59,305.85,27.12%,2026-06-30,2026-07-08
2026-07-08 08:24:36,V20_Range_Breakout,KOTAKBANK.NS,373.55,358.61,440.79,22.50%,2026-01-01,2026-01-15
2026-07-08 08:24:36,V20_Range_Breakout,KAJARIACER.NS,1205.3,945.5,1178.0,24.59%,2026-04-01,2026-04-15
2026-07-08 08:24:36,V20_Range_Breakout,TCS.NS,2073.2,1990.27,2446.38,22.50%,2026-01-01,2026-01-15
2026-07-08 08:24:36,V20_Range_Breakout,GILLETTE.NS,7789.0,7265.28,8796.35,21.07%,2025-02-18,2025-02-20
2026-07-08 08:24:36,V20_Range_Breakout,ACC.NS,1362.9,1308.38,1608.22,22.50%,2026-01-01,2026-01-15
2026-07-08 08:24:36,V20_Range_Breakout,RADICO.NS,4114.1,2710.0,3365.0,24.17%,2026-04-10,2026-04-20
2026-07-08 08:24:36,V20_Range_Breakout,BAJFINANCE.NS,1024.0,983.04,1208.32,22.50%,2026-01-01,2026-01-15
2026-07-08 08:24:36,V20_Range_Breakout,SANOFI.NS,3437.3,5620.1,10037.9,78.61%,2024-06-07,2024-06-13
2026-07-08 08:24:36,V20_Range_Breakout,HAVELLS.NS,1216.1,1373.11,1654.06,20.46%,2025-04-07,2025-04-22
2026-07-08 08:24:36,V20_Range_Breakout,MRF.NS,134705.0,129316.8,158951.9,22.50%,2026-01-01,2026-01-15
2026-07-08 08:24:36,V20_Range_Breakout,UBL.NS,1334.6,1281.22,1574.83,22.50%,2026-01-01,2026-01-15
2026-07-08 08:24:36,V20_Range_Breakout,TEAMLEASE.NS,1383.8,2854.65,3478.0,21.84%,2024-07-23,2024-07-29
2026-07-08 08:24:36,V20_Range_Breakout,RELAXO.NS,394.85,379.06,465.92,22.50%,2026-01-01,2026-01-15
2026-07-08 08:24:36,V20_Range_Breakout,HINDUNILVR.NS,2147.1,2061.22,2533.58,22.50%,2026-01-01,2026-01-15
2026-07-08 08:24:36,V20_Range_Breakout,AWL.NS,182.25,174.96,215.05,22.50%,2026-01-01,2026-01-15
2026-07-08 08:24:36,V20_Range_Breakout,MARICO.NS,843.85,810.1,995.74,22.50%,2026-01-01,2026-01-15
2026-07-08 08:24:36,V20_Range_Breakout,CDSL.NS,1332.0,1278.72,1571.76,22.50%,2026-01-01,2026-01-15
2026-07-08 08:24:36,V20_Range_Breakout,PGHH.NS,8888.0,8532.48,10487.84,22.50%,2026-01-01,2026-01-15
2026-07-08 08:24:36,V20_Range_Breakout,TITAN.NS,4595.7,4411.87,5422.93,22.50%,2026-01-01,2026-01-15
2026-07-08 08:24:36,V20_Range_Breakout,MEDANTA.NS,1310.0,1009.64,1259.55,24.75%,2025-04-07,2025-04-08
2026-07-08 08:24:36,V20_Range_Breakout,ICICIPRULI.NS,487.25,467.76,574.95,22.50%,2026-01-01,2026-01-15
2026-07-08 08:24:36,V20_Range_Breakout,BLUESTARCO.NS,1593.4,1581.5,1921.0,21.47%,2026-04-08,2026-04-20
2026-07-08 08:24:36,V20_Range_Breakout,NESTLEIND.NS,1454.6,1396.42,1716.43,22.50%,2026-01-01,2026-01-15
2026-07-08 08:24:36,V20_Range_Breakout,M&M.NS,3140.1,3014.5,3705.32,22.50%,2026-01-01,2026-01-15
2026-07-08 08:24:36,V20_Range_Breakout,DIXON.NS,13179.0,12749.33,16820.51,31.93%,2025-04-09,2025-04-22
2026-07-08 08:24:36,V20_Range_Breakout,ICICIBANK.NS,1389.1,1333.54,1639.14,22.50%,2026-01-01,2026-01-15
2026-07-08 08:24:36,V20_Range_Breakout,JSWINFRA.NS,316.7,304.03,373.71,22.50%,2026-01-01,2026-01-15
2026-07-08 08:24:36,V20_Range_Breakout,RELIANCE.NS,1285.2,1233.79,1516.54,22.50%,2026-01-01,2026-01-15
2026-07-08 08:24:36,V20_Range_Breakout,NAM-INDIA.NS,1208.0,304.5,369.14,21.23%,2023-10-09,2023-10-13
2026-07-08 08:24:36,V20_Range_Breakout,DABUR.NS,442.6,424.9,522.27,22.50%,2026-01-01,2026-01-15
2026-07-08 08:24:36,V20_Range_Breakout,SBIN.NS,1025.1,984.1,1209.62,22.50%,2026-01-01,2026-01-15
2026-07-08 08:24:36,V20_Range_Breakout,GODREJCP.NS,1090.6,1046.98,1286.91,22.50%,2026-01-01,2026-01-15
2026-07-08 08:24:36,V20_Range_Breakout,BAJAJFINSV.NS,1868.4,1793.66,2204.71,22.50%,2026-01-01,2026-01-15
2026-07-08 08:24:36,V20_Range_Breakout,BSE.NS,3673.2,2391.0,2918.0,22.04%,2025-05-29,2025-06-05
2026-07-08 08:24:36,V20_Range_Breakout,ABBOTINDIA.NS,26600.0,25536.0,31388.0,22.50%,2026-01-01,2026-01-15
2026-07-08 08:24:36,V20_Range_Breakout,AXISBANK.NS,1322.6,1269.7,1560.67,22.50%,2026-01-01,2026-01-15
2026-07-08 08:24:36,V20_Range_Breakout,ADANIPORTS.NS,1815.0,1742.4,2141.7,22.50%,2026-01-01,2026-01-15
2026-07-08 08:24:36,V20_Range_Breakout,HDFCAMC.NS,2717.9,2609.18,3207.12,22.50%,2026-01-01,2026-01-15
2026-07-08 08:24:36,V20_Range_Breakout,DMART.NS,4045.2,3685.1,4562.6,23.81%,2026-03-24,2026-04-06
2026-07-08 08:24:36,V20_Range_Breakout,HCLTECH.NS,1152.9,1106.78,1360.42,22.50%,2026-01-01,2026-01-15
2026-07-08 08:24:36,V20_Range_Breakout,ULTRACEMCO.NS,11419.0,10962.24,13474.42,22.50%,2026-01-01,2026-01-15
2026-07-08 08:24:36,V20_Range_Breakout,ASTRAZEN.NS,8222.5,7793.36,9998.82,28.30%,2025-05-29,2025-06-05
2026-07-08 08:24:36,V20_Range_Breakout,BATAINDIA.NS,682.7,655.39,805.59,22.50%,2026-01-01,2026-01-15
2026-07-08 08:24:36,V20_Range_Breakout,MARUTI.NS,14140.0,13574.4,16685.2,22.50%,2026-01-01,2026-01-15
2026-07-08 08:24:36,V20_Range_Breakout,APOLLOHOSP.NS,8753.0,8402.88,10328.54,22.50%,2026-01-01,2026-01-15
2026-07-08 08:24:36,V20_Range_Breakout,UNITDSPR.NS,1412.2,1355.71,1666.4,22.50%,2026-01-01,2026-01-15
2026-07-08 08:24:36,V20_Range_Breakout,HDFCBANK.NS,821.5,788.64,969.37,22.50%,2026-01-01,2026-01-15
2026-07-08 08:24:36,V20_Range_Breakout,BOSCHLTD.NS,41850.0,29120.0,37670.0,29.36%,2026-04-01,2026-04-10
2026-07-08 11:45:46,V20_Range_Breakout,DABUR.NS,436.55,419.09,515.13,22.50%,2026-01-01,2026-01-15
2026-07-08 11:45:46,V20_Range_Breakout,SBIN.NS,1016.9,976.22,1199.94,22.50%,2026-01-01,2026-01-15
2026-07-08 11:45:46,V20_Range_Breakout,AWL.NS,181.44,174.18,214.1,22.50%,2026-01-01,2026-01-15
2026-07-08 11:45:46,V20_Range_Breakout,RELAXO.NS,384.8,369.41,454.06,22.50%,2026-01-01,2026-01-15
2026-07-08 11:45:46,V20_Range_Breakout,MCX.NS,2742.0,903.55,1187.07,31.38%,2025-04-07,2025-04-21
2026-07-08 11:45:46,V20_Range_Breakout,TCS.NS,2057.5,1975.2,2427.85,22.50%,2026-01-01,2026-01-15
2026-07-08 11:45:46,V20_Range_Breakout,UBL.NS,1325.2,1272.19,1563.74,22.50%,2026-01-01,2026-01-15
2026-07-08 11:45:46,V20_Range_Breakout,HAVELLS.NS,1207.8,1373.11,1654.06,20.46%,2025-04-07,2025-04-22
2026-07-08 11:45:46,V20_Range_Breakout,ICICIGI.NS,1804.2,1732.03,2128.96,22.50%,2026-01-01,2026-01-15
2026-07-08 11:45:46,V20_Range_Breakout,DIXON.NS,12934.0,12749.33,16820.51,31.93%,2025-04-09,2025-04-22
2026-07-08 11:45:46,V20_Range_Breakout,BOSCHLTD.NS,41610.0,29120.0,37670.0,29.36%,2026-04-01,2026-04-10
2026-07-08 11:45:46,V20_Range_Breakout,GILLETTE.NS,7708.0,7265.28,8796.35,21.07%,2025-02-18,2025-02-20
2026-07-08 11:45:46,V20_Range_Breakout,ANGELONE.NS,331.2,228.45,284.2,24.40%,2026-04-01,2026-04-09
2026-07-08 11:45:46,V20_Range_Breakout,CDSL.NS,1311.4,1258.94,1547.45,22.50%,2026-01-01,2026-01-15
2026-07-08 11:45:46,V20_Range_Breakout,BAJFINANCE.NS,1010.4,969.98,1192.27,22.50%,2026-01-01,2026-01-15
2026-07-08 11:45:46,V20_Range_Breakout,MARICO.NS,840.1,806.5,991.32,22.50%,2026-01-01,2026-01-15
2026-07-08 11:45:46,V20_Range_Breakout,BAJAJ-AUTO.NS,10164.0,9757.44,11993.52,22.50%,2026-01-01,2026-01-15
2026-07-08 11:45:46,V20_Range_Breakout,MARUTI.NS,13951.0,13392.96,16462.18,22.50%,2026-01-01,2026-01-15
2026-07-08 11:45:46,V20_Range_Breakout,ITC.NS,280.65,269.42,331.17,22.50%,2026-01-01,2026-01-15
2026-07-08 11:45:46,V20_Range_Breakout,CIPLA.NS,1431.8,1374.53,1689.52,22.50%,2026-01-01,2026-01-15
2026-07-08 11:45:46,V20_Range_Breakout,PFIZER.NS,4532.1,4280.78,5692.32,32.97%,2025-05-19,2025-06-05
2026-07-08 11:45:46,V20_Range_Breakout,MEDANTA.NS,1305.0,1009.64,1259.55,24.75%,2025-04-07,2025-04-08
2026-07-08 11:45:46,V20_Range_Breakout,VBL.NS,474.55,394.43,474.75,20.36%,2026-04-07,2026-04-17
2026-07-08 11:45:46,V20_Range_Breakout,M&M.NS,3102.5,2978.4,3660.95,22.50%,2026-01-01,2026-01-15
2026-07-08 11:45:46,V20_Range_Breakout,INFY.NS,1069.3,1026.53,1261.77,22.50%,2026-01-01,2026-01-15
2026-07-08 11:45:46,V20_Range_Breakout,RELIANCE.NS,1275.9,1224.86,1505.56,22.50%,2026-01-01,2026-01-15
2026-07-08 11:45:46,V20_Range_Breakout,BATAINDIA.NS,669.0,642.24,789.42,22.50%,2026-01-01,2026-01-15
2026-07-08 11:45:46,V20_Range_Breakout,HINDUNILVR.NS,2135.8,2050.37,2520.24,22.50%,2026-01-01,2026-01-15
2026-07-08 11:45:46,V20_Range_Breakout,FORTIS.NS,943.75,906.0,1113.62,22.50%,2026-01-01,2026-01-15
2026-07-08 11:45:46,V20_Range_Breakout,ACC.NS,1335.1,1281.7,1575.42,22.50%,2026-01-01,2026-01-15
2026-07-08 11:45:46,V20_Range_Breakout,HCLTECH.NS,1145.6,1099.78,1351.81,22.50%,2026-01-01,2026-01-15
2026-07-08 11:45:46,V20_Range_Breakout,ASTRAZEN.NS,8141.0,7793.36,9998.82,28.30%,2025-05-29,2025-06-05
2026-07-08 11:45:46,V20_Range_Breakout,BSE.NS,3739.1,2391.0,2918.0,22.04%,2025-05-29,2025-06-05
2026-07-08 11:45:46,V20_Range_Breakout,DMART.NS,4038.6,3685.1,4562.6,23.81%,2026-03-24,2026-04-06
2026-07-08 11:45:46,V20_Range_Breakout,EICHERMOT.NS,7418.5,7121.76,8753.83,22.50%,2026-01-01,2026-01-15
2026-07-08 11:45:46,V20_Range_Breakout,RADICO.NS,4077.6,2710.0,3365.0,24.17%,2026-04-10,2026-04-20
2026-07-08 11:45:46,V20_Range_Breakout,JIOFIN.NS,229.99,271.48,346.46,27.62%,2024-02-19,2024-02-23
2026-07-08 11:45:46,V20_Range_Breakout,PAGEIND.NS,41415.0,39758.4,48869.7,22.50%,2026-01-01,2026-01-15
2026-07-08 11:45:46,V20_Range_Breakout,CAMS.NS,749.8,874.48,1049.83,20.05%,2024-11-25,2024-12-05
2026-07-08 11:45:46,V20_Range_Breakout,BLUESTARCO.NS,1574.8,1581.5,1921.0,21.47%,2026-04-08,2026-04-20
2026-07-08 11:45:46,V20_Range_Breakout,TEAMLEASE.NS,1380.2,2854.65,3478.0,21.84%,2024-07-23,2024-07-29
2026-07-08 11:45:46,V20_Range_Breakout,KOTAKBANK.NS,370.1,355.3,436.72,22.50%,2026-01-01,2026-01-15
2026-07-08 11:45:46,V20_Range_Breakout,INDHOTEL.NS,722.9,693.98,853.02,22.50%,2026-01-01,2026-01-15
2026-07-08 11:45:46,V20_Range_Breakout,APOLLOHOSP.NS,8753.5,8403.36,10329.13,22.50%,2026-01-01,2026-01-15
2026-07-08 11:45:46,V20_Range_Breakout,ASIANPAINT.NS,2665.9,2559.26,3145.76,22.50%,2026-01-01,2026-01-15
2026-07-08 11:45:46,V20_Range_Breakout,UNITDSPR.NS,1408.8,1352.45,1662.38,22.50%,2026-01-01,2026-01-15
2026-07-08 11:45:46,V20_Range_Breakout,NESTLEIND.NS,1450.5,1392.48,1711.59,22.50%,2026-01-01,2026-01-15
2026-07-08 11:45:46,V20_Range_Breakout,ERIS.NS,1416.0,1091.34,1389.64,27.33%,2025-04-07,2025-04-11
2026-07-08 11:45:46,V20_Range_Breakout,BAJAJFINSV.NS,1854.9,1780.7,2188.78,22.50%,2026-01-01,2026-01-15
2026-07-08 11:45:46,V20_Range_Breakout,HDFCAMC.NS,2659.2,2552.83,3137.86,22.50%,2026-01-01,2026-01-15
2026-07-08 11:45:46,V20_Range_Breakout,GLAXO.NS,2410.8,1894.45,2642.36,39.48%,2025-02-14,2025-02-20
2026-07-08 11:45:46,V20_Range_Breakout,KAJARIACER.NS,1193.4,945.5,1178.0,24.59%,2026-04-01,2026-04-15
2026-07-08 11:45:46,V20_Range_Breakout,NAM-INDIA.NS,1168.0,304.5,369.14,21.23%,2023-10-09,2023-10-13
2026-07-08 11:45:46,V20_Range_Breakout,HDFCBANK.NS,810.3,777.89,956.15,22.50%,2026-01-01,2026-01-15
2026-07-08 11:45:46,V20_Range_Breakout,ULTRACEMCO.NS,11353.0,10898.88,13396.54,22.50%,2026-01-01,2026-01-15
2026-07-08 11:45:46,V20_Range_Breakout,ABBOTINDIA.NS,26245.0,25195.2,30969.1,22.50%,2026-01-01,2026-01-15
2026-07-08 11:45:46,V20_Range_Breakout,ICICIBANK.NS,1380.6,1325.38,1629.11,22.50%,2026-01-01,2026-01-15
2026-07-08 11:45:46,V20_Range_Breakout,HYUNDAI.NS,1916.9,1840.22,2261.94,22.50%,2026-01-01,2026-01-15
2026-07-08 11:45:46,V20_Range_Breakout,PGHH.NS,8899.5,8543.52,10501.41,22.50%,2026-01-01,2026-01-15
2026-07-08 11:45:46,V20_Range_Breakout,ICICIPRULI.NS,480.05,460.85,566.46,22.50%,2026-01-01,2026-01-15
2026-07-08 11:45:46,V20_Range_Breakout,GODREJCP.NS,1075.2,1032.19,1268.74,22.50%,2026-01-01,2026-01-15
2026-07-08 11:45:46,V20_Range_Breakout,LT.NS,3892.1,3736.42,4592.68,22.50%,2026-01-01,2026-01-15
2026-07-08 11:45:46,V20_Range_Breakout,SANOFI.NS,3381.6,5620.1,10037.9,78.61%,2024-06-07,2024-06-13
2026-07-08 11:45:46,V20_Range_Breakout,QUESS.NS,290.5,240.59,302.5,25.73%,2026-06-30,2026-07-07
2026-07-08 11:45:46,V20_Range_Breakout,TITAN.NS,4586.4,4402.94,5411.95,22.50%,2026-01-01,2026-01-15
2026-07-08 11:45:46,V20_Range_Breakout,VOLTAS.NS,1253.6,1125.16,1394.41,23.93%,2025-02-01,2025-02-03
2026-07-08 11:45:46,V20_Range_Breakout,JSWINFRA.NS,314.25,301.68,370.81,22.50%,2026-01-01,2026-01-15
2026-07-08 11:45:46,V20_Range_Breakout,ADANIPORTS.NS,1791.7,1720.03,2114.21,22.50%,2026-01-01,2026-01-15
2026-07-08 11:45:46,V20_Range_Breakout,PIDILITIND.NS,1570.4,1507.58,1853.07,22.50%,2026-01-01,2026-01-15
2026-07-08 11:45:46,V20_Range_Breakout,COLPAL.NS,2020.1,1939.3,2383.72,22.50%,2026-01-01,2026-01-15
2026-07-08 11:45:46,V20_Range_Breakout,HONAUT.NS,38045.0,28540.0,36550.0,28.07%,2026-05-19,2026-05-22
2026-07-08 11:45:46,V20_Range_Breakout,MRF.NS,132940.0,127622.4,156869.2,22.50%,2026-01-01,2026-01-15
2026-07-08 11:45:46,V20_Range_Breakout,LALPATHLAB.NS,1653.5,1587.36,1951.13,22.50%,2026-01-01,2026-01-15
2026-07-08 11:45:46,V20_Range_Breakout,AXISBANK.NS,1309.5,1257.12,1545.21,22.50%,2026-01-01,2026-01-15
2026-07-08 11:45:46,V20_Range_Breakout,HDFCLIFE.NS,555.7,533.47,655.73,22.50%,2026-01-01,2026-01-15
2026-07-09 09:35:21,V20_Range_Breakout,HDFCAMC.NS,2736.1,2626.66,3228.6,22.50%,2026-01-01,2026-01-15
2026-07-09 09:35:21,V20_Range_Breakout,HCLTECH.NS,1150.0,1104.0,1357.0,22.50%,2026-01-01,2026-01-15
2026-07-09 09:35:21,V20_Range_Breakout,CAMS.NS,774.15,874.48,1049.83,20.05%,2024-11-25,2024-12-05
2026-07-09 09:35:21,V20_Range_Breakout,GLAXO.NS,2450.1,1894.45,2642.36,39.48%,2025-02-14,2025-02-20
2026-07-09 09:35:21,V20_Range_Breakout,HONAUT.NS,38015.0,28540.0,36550.0,28.07%,2026-05-19,2026-05-22
2026-07-09 09:35:21,V20_Range_Breakout,EICHERMOT.NS,7372.0,7077.12,8698.96,22.50%,2026-01-01,2026-01-15
2026-07-09 09:35:21,V20_Range_Breakout,BSE.NS,3797.0,2391.0,2918.0,22.04%,2025-05-29,2025-06-05
2026-07-09 09:35:21,V20_Range_Breakout,ULTRACEMCO.NS,11521.0,11060.16,13594.78,22.50%,2026-01-01,2026-01-15
2026-07-09 09:35:21,V20_Range_Breakout,MEDANTA.NS,1349.7,1009.64,1259.55,24.75%,2025-04-07,2025-04-08
2026-07-09 09:35:21,V20_Range_Breakout,BOSCHLTD.NS,42230.0,29120.0,37670.0,29.36%,2026-04-01,2026-04-10
2026-07-09 09:35:21,V20_Range_Breakout,MRF.NS,133930.0,128572.8,158037.4,22.50%,2026-01-01,2026-01-15
2026-07-09 09:35:21,V20_Range_Breakout,MCX.NS,2788.7,903.55,1187.07,31.38%,2025-04-07,2025-04-21
2026-07-09 09:35:21,V20_Range_Breakout,LT.NS,3891.4,3735.74,4591.85,22.50%,2026-01-01,2026-01-15
2026-07-09 09:35:21,V20_Range_Breakout,ICICIBANK.NS,1380.0,1324.8,1628.4,22.50%,2026-01-01,2026-01-15
2026-07-09 09:35:21,V20_Range_Breakout,DMART.NS,4080.0,3685.1,4562.6,23.81%,2026-03-24,2026-04-06
2026-07-09 09:35:21,V20_Range_Breakout,HDFCLIFE.NS,552.45,530.35,651.89,22.50%,2026-01-01,2026-01-15
2026-07-09 09:35:21,V20_Range_Breakout,FORTIS.NS,951.2,913.15,1122.42,22.50%,2026-01-01,2026-01-15
2026-07-09 09:35:21,V20_Range_Breakout,SANOFI.NS,3381.6,5620.1,10037.9,78.61%,2024-06-07,2024-06-13
2026-07-09 09:35:21,V20_Range_Breakout,QUESS.NS,294.95,240.59,302.5,25.73%,2026-06-30,2026-07-07
2026-07-09 09:35:21,V20_Range_Breakout,PFIZER.NS,4595.5,4280.78,5692.32,32.97%,2025-05-19,2025-06-05
2026-07-09 09:35:21,V20_Range_Breakout,HDFCBANK.NS,818.5,785.76,965.83,22.50%,2026-01-01,2026-01-15
2026-07-09 09:35:21,V20_Range_Breakout,HYUNDAI.NS,1924.2,1847.23,2270.56,22.50%,2026-01-01,2026-01-15
2026-07-09 09:35:21,V20_Range_Breakout,ADANIPORTS.NS,1800.0,1728.0,2124.0,22.50%,2026-01-01,2026-01-15
2026-07-09 09:35:21,V20_Range_Breakout,GILLETTE.NS,7796.5,7265.28,8796.35,21.07%,2025-02-18,2025-02-20
2026-07-09 09:35:21,V20_Range_Breakout,ICICIGI.NS,1795.0,1723.2,2118.1,22.50%,2026-01-01,2026-01-15
2026-07-09 09:35:21,V20_Range_Breakout,ACC.NS,1360.9,1306.46,1605.86,22.50%,2026-01-01,2026-01-15
2026-07-09 09:35:21,V20_Range_Breakout,PAGEIND.NS,40735.0,39105.6,48067.3,22.50%,2026-01-01,2026-01-15
2026-07-09 09:35:21,V20_Range_Breakout,JSWINFRA.NS,324.9,311.9,383.38,22.50%,2026-01-01,2026-01-15
2026-07-09 09:35:21,V20_Range_Breakout,ICICIPRULI.NS,490.1,470.5,578.32,22.50%,2026-01-01,2026-01-15
2026-07-09 09:35:21,V20_Range_Breakout,APOLLOHOSP.NS,8837.0,8483.52,10427.66,22.50%,2026-01-01,2026-01-15
2026-07-09 09:35:21,V20_Range_Breakout,BATAINDIA.NS,673.25,646.32,794.43,22.50%,2026-01-01,2026-01-15
2026-07-09 09:35:21,V20_Range_Breakout,TEAMLEASE.NS,1378.5,2854.65,3478.0,21.84%,2024-07-23,2024-07-29
2026-07-09 09:35:21,V20_Range_Breakout,TITAN.NS,4566.9,4384.22,5388.94,22.50%,2026-01-01,2026-01-15
2026-07-09 09:35:21,V20_Range_Breakout,RELAXO.NS,386.5,371.04,456.07,22.50%,2026-01-01,2026-01-15
2026-07-09 09:35:21,V20_Range_Breakout,MARICO.NS,858.95,824.59,1013.56,22.50%,2026-01-01,2026-01-15
2026-07-09 09:35:21,V20_Range_Breakout,HAVELLS.NS,1193.8,1373.11,1654.06,20.46%,2025-04-07,2025-04-22
2026-07-09 09:35:21,V20_Range_Breakout,ASIANPAINT.NS,2675.3,2568.29,3156.85,22.50%,2026-01-01,2026-01-15
2026-07-09 09:35:21,V20_Range_Breakout,ITC.NS,282.65,271.34,333.53,22.50%,2026-01-01,2026-01-15
2026-07-09 09:35:21,V20_Range_Breakout,NAM-INDIA.NS,1221.8,304.5,369.14,21.23%,2023-10-09,2023-10-13
2026-07-09 09:35:21,V20_Range_Breakout,DIXON.NS,13535.0,12749.33,16820.51,31.93%,2025-04-09,2025-04-22
2026-07-09 09:35:21,V20_Range_Breakout,AWL.NS,185.74,178.31,219.17,22.50%,2026-01-01,2026-01-15
2026-07-09 09:35:21,V20_Range_Breakout,ABBOTINDIA.NS,26800.0,25728.0,31624.0,22.50%,2026-01-01,2026-01-15
2026-07-09 09:35:21,V20_Range_Breakout,CDSL.NS,1345.9,1292.06,1588.16,22.50%,2026-01-01,2026-01-15
2026-07-09 09:35:21,V20_Range_Breakout,UBL.NS,1329.9,1276.7,1569.28,22.50%,2026-01-01,2026-01-15
2026-07-09 09:35:21,V20_Range_Breakout,SBIN.NS,1022.2,981.31,1206.2,22.50%,2026-01-01,2026-01-15
2026-07-09 09:35:21,V20_Range_Breakout,GODREJCP.NS,1087.5,1044.0,1283.25,22.50%,2026-01-01,2026-01-15
2026-07-09 09:35:21,V20_Range_Breakout,ASTRAZEN.NS,8130.0,7793.36,9998.82,28.30%,2025-05-29,2025-06-05
2026-07-09 09:35:21,V20_Range_Breakout,BAJAJFINSV.NS,1896.2,1820.35,2237.52,22.50%,2026-01-01,2026-01-15
2026-07-09 09:35:21,V20_Range_Breakout,VOLTAS.NS,1266.8,1125.16,1394.41,23.93%,2025-02-01,2025-02-03
2026-07-09 09:35:21,V20_Range_Breakout,BAJFINANCE.NS,1004.4,964.22,1185.19,22.50%,2026-01-01,2026-01-15
2026-07-09 09:35:21,V20_Range_Breakout,LALPATHLAB.NS,1683.6,1616.26,1986.65,22.50%,2026-01-01,2026-01-15
2026-07-09 09:35:21,V20_Range_Breakout,COLPAL.NS,2064.2,1981.63,2435.76,22.50%,2026-01-01,2026-01-15
2026-07-09 09:35:21,V20_Range_Breakout,TCS.NS,2049.5,1967.52,2418.41,22.50%,2026-01-01,2026-01-15
2026-07-09 09:35:21,V20_Range_Breakout,RADICO.NS,4090.0,2710.0,3365.0,24.17%,2026-04-10,2026-04-20
2026-07-09 09:35:21,V20_Range_Breakout,ERIS.NS,1433.4,1091.34,1389.64,27.33%,2025-04-07,2025-04-11
2026-07-09 09:35:21,V20_Range_Breakout,DABUR.NS,444.15,426.38,524.1,22.50%,2026-01-01,2026-01-15
2026-07-09 09:35:21,V20_Range_Breakout,JIOFIN.NS,233.08,271.48,346.46,27.62%,2024-02-19,2024-02-23
2026-07-09 09:35:21,V20_Range_Breakout,BLUESTARCO.NS,1613.0,1581.5,1921.0,21.47%,2026-04-08,2026-04-20
2026-07-09 09:35:21,V20_Range_Breakout,INDHOTEL.NS,731.95,702.67,863.7,22.50%,2026-01-01,2026-01-15
2026-07-09 09:35:21,V20_Range_Breakout,VBL.NS,480.15,394.43,474.75,20.36%,2026-04-07,2026-04-17
2026-07-09 09:35:21,V20_Range_Breakout,HINDUNILVR.NS,2145.5,2059.68,2531.69,22.50%,2026-01-01,2026-01-15
2026-07-09 09:35:21,V20_Range_Breakout,CIPLA.NS,1442.2,1384.51,1701.8,22.50%,2026-01-01,2026-01-15
2026-07-09 09:35:21,V20_Range_Breakout,INFY.NS,1051.5,1009.44,1240.77,22.50%,2026-01-01,2026-01-15
2026-07-09 09:35:21,V20_Range_Breakout,MARUTI.NS,13734.0,13184.64,16206.12,22.50%,2026-01-01,2026-01-15
2026-07-09 09:35:21,V20_Range_Breakout,KAJARIACER.NS,1218.7,945.5,1178.0,24.59%,2026-04-01,2026-04-15
2026-07-09 09:35:21,V20_Range_Breakout,AXISBANK.NS,1295.1,1243.3,1528.22,22.50%,2026-01-01,2026-01-15
2026-07-09 09:35:21,V20_Range_Breakout,RELIANCE.NS,1280.6,1229.38,1511.11,22.50%,2026-01-01,2026-01-15
2026-07-09 09:35:21,V20_Range_Breakout,BAJAJ-AUTO.NS,10166.5,9759.84,11996.47,22.50%,2026-01-01,2026-01-15
2026-07-09 09:35:21,V20_Range_Breakout,PGHH.NS,8897.0,8541.12,10498.46,22.50%,2026-01-01,2026-01-15
2026-07-09 09:35:21,V20_Range_Breakout,PIDILITIND.NS,1589.5,1525.92,1875.61,22.50%,2026-01-01,2026-01-15
2026-07-09 09:35:21,V20_Range_Breakout,ANGELONE.NS,340.95,228.45,284.2,24.40%,2026-04-01,2026-04-09
2026-07-09 09:35:21,V20_Range_Breakout,NESTLEIND.NS,1464.7,1406.11,1728.35,22.50%,2026-01-01,2026-01-15
2026-07-09 09:35:21,V20_Range_Breakout,M&M.NS,3086.0,2962.56,3641.48,22.50%,2026-01-01,2026-01-15
2026-07-09 09:35:21,V20_Range_Breakout,UNITDSPR.NS,1381.3,1326.05,1629.93,22.50%,2026-01-01,2026-01-15
2026-07-09 09:35:21,V20_Range_Breakout,KOTAKBANK.NS,377.15,362.06,445.04,22.50%,2026-01-01,2026-01-15
2026-07-10 09:31:14,V20_Range_Breakout,HAVELLS.NS,1189.5,1373.11,1654.06,20.46%,2025-04-07,2025-04-22
2026-07-10 09:31:14,V20_Range_Breakout,PAGEIND.NS,39650.0,38064.0,46787.0,22.50%,2026-01-01,2026-01-15
2026-07-10 09:31:14,V20_Range_Breakout,ERIS.NS,1433.8,1091.34,1389.64,27.33%,2025-04-07,2025-04-11
2026-07-10 09:31:14,V20_Range_Breakout,VOLTAS.NS,1284.8,1125.16,1394.41,23.93%,2025-02-01,2025-02-03
2026-07-10 09:31:14,V20_Range_Breakout,TCS.NS,2068.6,1985.86,2440.95,22.50%,2026-01-01,2026-01-15
2026-07-10 09:31:14,V20_Range_Breakout,GLAXO.NS,2441.7,1894.45,2642.36,39.48%,2025-02-14,2025-02-20
2026-07-10 09:31:14,V20_Range_Breakout,MCX.NS,2770.0,903.55,1187.07,31.38%,2025-04-07,2025-04-21
2026-07-10 09:31:14,V20_Range_Breakout,BLUESTARCO.NS,1655.5,1581.5,1921.0,21.47%,2026-04-08,2026-04-20
2026-07-10 09:31:14,V20_Range_Breakout,NAM-INDIA.NS,1214.0,304.5,369.14,21.23%,2023-10-09,2023-10-13
2026-07-10 09:31:14,V20_Range_Breakout,ITC.NS,282.15,270.86,332.94,22.50%,2026-01-01,2026-01-15
2026-07-10 09:31:14,V20_Range_Breakout,FORTIS.NS,967.7,928.99,1141.89,22.50%,2026-01-01,2026-01-15
2026-07-10 09:31:14,V20_Range_Breakout,QUESS.NS,288.6,240.59,302.5,25.73%,2026-06-30,2026-07-07
2026-07-10 09:31:14,V20_Range_Breakout,M&M.NS,3130.5,3005.28,3693.99,22.50%,2026-01-01,2026-01-15
2026-07-10 09:31:14,V20_Range_Breakout,CDSL.NS,1435.0,1377.6,1693.3,22.50%,2026-01-01,2026-01-15
2026-07-10 09:31:14,V20_Range_Breakout,PGHH.NS,8922.0,8565.12,10527.96,22.50%,2026-01-01,2026-01-15
2026-07-10 09:31:14,V20_Range_Breakout,COLPAL.NS,2051.2,1969.15,2420.42,22.50%,2026-01-01,2026-01-15
2026-07-10 09:31:14,V20_Range_Breakout,BAJAJFINSV.NS,1915.4,1838.78,2260.17,22.50%,2026-01-01,2026-01-15
2026-07-10 09:31:14,V20_Range_Breakout,NESTLEIND.NS,1458.9,1400.54,1721.5,22.50%,2026-01-01,2026-01-15
2026-07-10 09:31:14,V20_Range_Breakout,UNITDSPR.NS,1389.2,1333.63,1639.26,22.50%,2026-01-01,2026-01-15
2026-07-10 09:31:14,V20_Range_Breakout,INFY.NS,1068.0,1025.28,1260.24,22.50%,2026-01-01,2026-01-15
2026-07-10 09:31:14,V20_Range_Breakout,HYUNDAI.NS,1982.0,1902.72,2338.76,22.50%,2026-01-01,2026-01-15
2026-07-10 09:31:14,V20_Range_Breakout,DABUR.NS,443.3,425.57,523.09,22.50%,2026-01-01,2026-01-15
2026-07-10 09:31:14,V20_Range_Breakout,DIXON.NS,13438.0,12749.33,16820.51,31.93%,2025-04-09,2025-04-22
2026-07-10 09:31:14,V20_Range_Breakout,RELAXO.NS,393.95,378.19,464.86,22.50%,2026-01-01,2026-01-15
2026-07-10 09:31:14,V20_Range_Breakout,ICICIGI.NS,1829.8,1756.61,2159.16,22.50%,2026-01-01,2026-01-15
2026-07-10 09:31:14,V20_Range_Breakout,BAJAJ-AUTO.NS,10156.0,9749.76,11984.08,22.50%,2026-01-01,2026-01-15
2026-07-10 09:31:14,V20_Range_Breakout,LT.NS,3946.9,3789.02,4657.34,22.50%,2026-01-01,2026-01-15
2026-07-10 09:31:14,V20_Range_Breakout,JIOFIN.NS,241.77,271.48,346.46,27.62%,2024-02-19,2024-02-23
2026-07-10 09:31:14,V20_Range_Breakout,RELIANCE.NS,1305.2,1252.99,1540.14,22.50%,2026-01-01,2026-01-15
2026-07-10 09:31:14,V20_Range_Breakout,TEAMLEASE.NS,1379.9,2854.65,3478.0,21.84%,2024-07-23,2024-07-29
2026-07-10 09:31:14,V20_Range_Breakout,HDFCAMC.NS,2764.9,2654.3,3262.58,22.50%,2026-01-01,2026-01-15
2026-07-10 09:31:14,V20_Range_Breakout,BSE.NS,3813.6,2384.72,2910.33,22.04%,2025-05-29,2025-06-05
2026-07-10 09:31:14,V20_Range_Breakout,ACC.NS,1387.4,1331.9,1637.13,22.50%,2026-01-01,2026-01-15
2026-07-10 09:31:14,V20_Range_Breakout,HONAUT.NS,38095.0,28540.0,36550.0,28.07%,2026-05-19,2026-05-22
2026-07-10 09:31:14,V20_Range_Breakout,EICHERMOT.NS,7363.5,7068.96,8688.93,22.50%,2026-01-01,2026-01-15
2026-07-10 09:31:14,V20_Range_Breakout,APOLLOHOSP.NS,8833.5,8480.16,10423.53,22.50%,2026-01-01,2026-01-15
2026-07-10 09:31:14,V20_Range_Breakout,MARUTI.NS,13848.0,13294.08,16340.64,22.50%,2026-01-01,2026-01-15
2026-07-10 09:31:14,V20_Range_Breakout,ICICIBANK.NS,1402.5,1346.4,1654.95,22.50%,2026-01-01,2026-01-15
2026-07-10 09:31:14,V20_Range_Breakout,GODREJCP.NS,1089.0,1045.44,1285.02,22.50%,2026-01-01,2026-01-15
2026-07-10 09:31:14,V20_Range_Breakout,ICICIPRULI.NS,510.65,490.22,602.57,22.50%,2026-01-01,2026-01-15
2026-07-10 09:31:14,V20_Range_Breakout,HCLTECH.NS,1164.7,1118.11,1374.35,22.50%,2026-01-01,2026-01-15
2026-07-10 09:31:14,V20_Range_Breakout,BOSCHLTD.NS,41890.0,29120.0,37670.0,29.36%,2026-04-01,2026-04-10
2026-07-10 09:31:14,V20_Range_Breakout,ADANIPORTS.NS,1830.0,1756.8,2159.4,22.50%,2026-01-01,2026-01-15
2026-07-10 09:31:14,V20_Range_Breakout,SBIN.NS,1036.6,995.14,1223.19,22.50%,2026-01-01,2026-01-15
2026-07-10 09:31:14,V20_Range_Breakout,BATAINDIA.NS,694.9,667.1,819.98,22.50%,2026-01-01,2026-01-15
2026-07-10 09:31:14,V20_Range_Breakout,LALPATHLAB.NS,1694.0,1626.24,1998.92,22.50%,2026-01-01,2026-01-15
2026-07-10 09:31:14,V20_Range_Breakout,VBL.NS,477.3,394.43,474.75,20.36%,2026-04-07,2026-04-17
2026-07-10 09:31:14,V20_Range_Breakout,MRF.NS,134630.0,129244.8,158863.4,22.50%,2026-01-01,2026-01-15
2026-07-10 09:31:14,V20_Range_Breakout,ASTRAZEN.NS,8123.5,7793.36,9998.82,28.30%,2025-05-29,2025-06-05
2026-07-10 09:31:14,V20_Range_Breakout,AWL.NS,190.19,182.58,224.42,22.50%,2026-01-01,2026-01-15
2026-07-10 09:31:14,V20_Range_Breakout,KAJARIACER.NS,1219.8,945.5,1178.0,24.59%,2026-04-01,2026-04-15
2026-07-10 09:31:14,V20_Range_Breakout,KOTAKBANK.NS,377.25,362.16,445.15,22.50%,2026-01-01,2026-01-15
2026-07-10 09:31:14,V20_Range_Breakout,HDFCBANK.NS,826.45,793.39,975.21,22.50%,2026-01-01,2026-01-15
2026-07-10 09:31:14,V20_Range_Breakout,BAJFINANCE.NS,1019.8,979.01,1203.36,22.50%,2026-01-01,2026-01-15
2026-07-10 09:31:14,V20_Range_Breakout,ABBOTINDIA.NS,27105.0,26020.8,31983.9,22.50%,2026-01-01,2026-01-15
2026-07-10 09:31:14,V20_Range_Breakout,MEDANTA.NS,1339.2,1009.64,1259.55,24.75%,2025-04-07,2025-04-08
2026-07-10 09:31:14,V20_Range_Breakout,DMART.NS,4074.7,3685.1,4562.6,23.81%,2026-03-24,2026-04-06
2026-07-10 09:31:14,V20_Range_Breakout,ASIANPAINT.NS,2680.4,2573.18,3162.87,22.50%,2026-01-01,2026-01-15
2026-07-10 09:31:14,V20_Range_Breakout,INDHOTEL.NS,751.7,721.63,887.01,22.50%,2026-01-01,2026-01-15
2026-07-10 09:31:14,V20_Range_Breakout,SANOFI.NS,3396.7,5620.1,10037.9,78.61%,2024-06-07,2024-06-13
2026-07-10 09:31:14,V20_Range_Breakout,PFIZER.NS,4723.6,4280.78,5692.32,32.97%,2025-05-19,2025-06-05
2026-07-10 09:31:14,V20_Range_Breakout,PIDILITIND.NS,1597.5,1533.6,1885.05,22.50%,2026-01-01,2026-01-15
2026-07-10 09:31:14,V20_Range_Breakout,UBL.NS,1330.1,1276.9,1569.52,22.50%,2026-01-01,2026-01-15
2026-07-10 09:31:14,V20_Range_Breakout,HDFCLIFE.NS,569.1,546.34,671.54,22.50%,2026-01-01,2026-01-15
2026-07-10 09:31:14,V20_Range_Breakout,AXISBANK.NS,1323.3,1270.37,1561.49,22.50%,2026-01-01,2026-01-15
2026-07-10 09:31:14,V20_Range_Breakout,HINDUNILVR.NS,2154.4,2068.22,2542.19,22.50%,2026-01-01,2026-01-15
2026-07-10 09:31:14,V20_Range_Breakout,GILLETTE.NS,7851.5,7265.28,8796.35,21.07%,2025-02-18,2025-02-20
2026-07-10 09:31:14,V20_Range_Breakout,TITAN.NS,4586.4,4402.94,5411.95,22.50%,2026-01-01,2026-01-15
2026-07-10 09:31:14,V20_Range_Breakout,ULTRACEMCO.NS,11714.0,11245.44,13822.52,22.50%,2026-01-01,2026-01-15
2026-07-10 09:31:14,V20_Range_Breakout,MARICO.NS,850.8,816.77,1003.94,22.50%,2026-01-01,2026-01-15
2026-07-10 09:31:14,V20_Range_Breakout,CAMS.NS,788.8,869.97,1044.41,20.05%,2024-11-25,2024-12-05
2026-07-10 09:31:14,V20_Range_Breakout,RADICO.NS,4080.0,2710.0,3365.0,24.17%,2026-04-10,2026-04-20
2026-07-10 09:31:14,V20_Range_Breakout,JSWINFRA.NS,331.5,318.24,391.17,22.50%,2026-01-01,2026-01-15
2026-07-10 09:31:14,V20_Range_Breakout,ANGELONE.NS,346.45,228.45,284.2,24.40%,2026-04-01,2026-04-09
2026-07-10 09:31:14,V20_Range_Breakout,CIPLA.NS,1438.7,1381.15,1697.67,22.50%,2026-01-01,2026-01-15
2026-07-10 12:23:59,V20_Range_Breakout,NESTLEIND.NS,1455.2,1396.99,1717.14,22.50%,2026-01-01,2026-01-15
2026-07-10 12:23:59,V20_Range_Breakout,ABBOTINDIA.NS,27165.0,26078.4,32054.7,22.50%,2026-01-01,2026-01-15
2026-07-10 12:23:59,V20_Range_Breakout,UNITDSPR.NS,1385.7,1330.27,1635.13,22.50%,2026-01-01,2026-01-15
2026-07-10 12:23:59,V20_Range_Breakout,UBL.NS,1329.3,1276.13,1568.57,22.50%,2026-01-01,2026-01-15
2026-07-10 12:23:59,V20_Range_Breakout,GLAXO.NS,2438.2,1894.45,2642.36,39.48%,2025-02-14,2025-02-20
2026-07-10 12:23:59,V20_Range_Breakout,PFIZER.NS,4731.4,4280.78,5692.32,32.97%,2025-05-19,2025-06-05
2026-07-10 12:23:59,V20_Range_Breakout,CAMS.NS,790.5,869.97,1044.41,20.05%,2024-11-25,2024-12-05
2026-07-10 12:23:59,V20_Range_Breakout,AXISBANK.NS,1323.7,1270.75,1561.97,22.50%,2026-01-01,2026-01-15
2026-07-10 12:23:59,V20_Range_Breakout,EICHERMOT.NS,7365.5,7070.88,8691.29,22.50%,2026-01-01,2026-01-15
2026-07-10 12:23:59,V20_Range_Breakout,ADANIPORTS.NS,1828.1,1754.98,2157.16,22.50%,2026-01-01,2026-01-15
2026-07-10 12:23:59,V20_Range_Breakout,SANOFI.NS,3401.9,5620.1,10037.9,78.61%,2024-06-07,2024-06-13
2026-07-10 12:23:59,V20_Range_Breakout,JSWINFRA.NS,330.05,316.85,389.46,22.50%,2026-01-01,2026-01-15
2026-07-10 12:23:59,V20_Range_Breakout,ACC.NS,1384.5,1329.12,1633.71,22.50%,2026-01-01,2026-01-15
2026-07-10 12:23:59,V20_Range_Breakout,HDFCBANK.NS,824.95,791.95,973.44,22.50%,2026-01-01,2026-01-15
2026-07-10 12:23:59,V20_Range_Breakout,NAM-INDIA.NS,1212.7,304.5,369.14,21.23%,2023-10-09,2023-10-13
2026-07-10 12:23:59,V20_Range_Breakout,ICICIPRULI.NS,510.35,489.94,602.21,22.50%,2026-01-01,2026-01-15
2026-07-10 12:23:59,V20_Range_Breakout,COLPAL.NS,2052.4,1970.3,2421.83,22.50%,2026-01-01,2026-01-15
2026-07-10 12:23:59,V20_Range_Breakout,FORTIS.NS,968.0,929.28,1142.24,22.50%,2026-01-01,2026-01-15
2026-07-10 12:23:59,V20_Range_Breakout,INFY.NS,1068.0,1025.28,1260.24,22.50%,2026-01-01,2026-01-15
2026-07-10 12:23:59,V20_Range_Breakout,LT.NS,3945.8,3787.97,4656.04,22.50%,2026-01-01,2026-01-15
2026-07-10 12:23:59,V20_Range_Breakout,M&M.NS,3129.4,3004.22,3692.69,22.50%,2026-01-01,2026-01-15
2026-07-10 12:23:59,V20_Range_Breakout,JIOFIN.NS,241.96,271.48,346.46,27.62%,2024-02-19,2024-02-23
2026-07-10 12:23:59,V20_Range_Breakout,ULTRACEMCO.NS,11711.0,11242.56,13818.98,22.50%,2026-01-01,2026-01-15
2026-07-10 12:23:59,V20_Range_Breakout,QUESS.NS,288.15,240.59,302.5,25.73%,2026-06-30,2026-07-07
2026-07-10 12:23:59,V20_Range_Breakout,HINDUNILVR.NS,2150.6,2064.58,2537.71,22.50%,2026-01-01,2026-01-15
2026-07-10 12:23:59,V20_Range_Breakout,APOLLOHOSP.NS,8841.0,8487.36,10432.38,22.50%,2026-01-01,2026-01-15
2026-07-10 12:23:59,V20_Range_Breakout,INDHOTEL.NS,752.3,722.21,887.71,22.50%,2026-01-01,2026-01-15
2026-07-10 12:23:59,V20_Range_Breakout,KAJARIACER.NS,1218.0,945.5,1178.0,24.59%,2026-04-01,2026-04-15
2026-07-10 12:23:59,V20_Range_Breakout,BAJAJ-AUTO.NS,10156.0,9749.76,11984.08,22.50%,2026-01-01,2026-01-15
2026-07-10 12:23:59,V20_Range_Breakout,GODREJCP.NS,1088.4,1044.86,1284.31,22.50%,2026-01-01,2026-01-15
2026-07-10 12:23:59,V20_Range_Breakout,HDFCLIFE.NS,567.7,544.99,669.89,22.50%,2026-01-01,2026-01-15
2026-07-10 12:23:59,V20_Range_Breakout,CIPLA.NS,1439.4,1381.82,1698.49,22.50%,2026-01-01,2026-01-15
2026-07-10 12:23:59,V20_Range_Breakout,ASTRAZEN.NS,8117.5,7793.36,9998.82,28.30%,2025-05-29,2025-06-05
2026-07-10 12:23:59,V20_Range_Breakout,TEAMLEASE.NS,1377.4,2854.65,3478.0,21.84%,2024-07-23,2024-07-29
2026-07-10 12:23:59,V20_Range_Breakout,LALPATHLAB.NS,1692.8,1625.09,1997.5,22.50%,2026-01-01,2026-01-15
2026-07-10 12:23:59,V20_Range_Breakout,VOLTAS.NS,1286.7,1125.16,1394.41,23.93%,2025-02-01,2025-02-03
2026-07-10 12:23:59,V20_Range_Breakout,ASIANPAINT.NS,2677.8,2570.69,3159.8,22.50%,2026-01-01,2026-01-15
2026-07-10 12:23:59,V20_Range_Breakout,MRF.NS,134425.0,129048.0,158621.5,22.50%,2026-01-01,2026-01-15
2026-07-10 12:23:59,V20_Range_Breakout,HONAUT.NS,38175.0,28540.0,36550.0,28.07%,2026-05-19,2026-05-22
2026-07-10 12:23:59,V20_Range_Breakout,RELIANCE.NS,1307.8,1255.49,1543.2,22.50%,2026-01-01,2026-01-15
2026-07-10 12:23:59,V20_Range_Breakout,AWL.NS,190.0,182.4,224.2,22.50%,2026-01-01,2026-01-15
2026-07-10 12:23:59,V20_Range_Breakout,BLUESTARCO.NS,1662.0,1581.5,1921.0,21.47%,2026-04-08,2026-04-20
2026-07-10 12:23:59,V20_Range_Breakout,TITAN.NS,4584.4,4401.02,5409.59,22.50%,2026-01-01,2026-01-15
2026-07-10 12:23:59,V20_Range_Breakout,TCS.NS,2069.0,1986.24,2441.42,22.50%,2026-01-01,2026-01-15
2026-07-10 12:23:59,V20_Range_Breakout,CDSL.NS,1431.9,1374.62,1689.64,22.50%,2026-01-01,2026-01-15
2026-07-10 12:23:59,V20_Range_Breakout,PGHH.NS,8940.0,8582.4,10549.2,22.50%,2026-01-01,2026-01-15
2026-07-10 12:23:59,V20_Range_Breakout,BAJAJFINSV.NS,1916.0,1839.36,2260.88,22.50%,2026-01-01,2026-01-15
2026-07-10 12:23:59,V20_Range_Breakout,HDFCAMC.NS,2761.2,2650.75,3258.22,22.50%,2026-01-01,2026-01-15
2026-07-10 12:23:59,V20_Range_Breakout,ICICIBANK.NS,1401.2,1345.15,1653.42,22.50%,2026-01-01,2026-01-15
2026-07-10 12:23:59,V20_Range_Breakout,RELAXO.NS,394.7,378.91,465.75,22.50%,2026-01-01,2026-01-15
2026-07-10 12:23:59,V20_Range_Breakout,DABUR.NS,443.5,425.76,523.33,22.50%,2026-01-01,2026-01-15
2026-07-10 12:23:59,V20_Range_Breakout,ERIS.NS,1431.2,1091.34,1389.64,27.33%,2025-04-07,2025-04-11
2026-07-10 12:23:59,V20_Range_Breakout,ITC.NS,281.75,270.48,332.46,22.50%,2026-01-01,2026-01-15
2026-07-10 12:23:59,V20_Range_Breakout,BATAINDIA.NS,690.7,663.07,815.03,22.50%,2026-01-01,2026-01-15
2026-07-10 12:23:59,V20_Range_Breakout,GILLETTE.NS,7845.0,7265.28,8796.35,21.07%,2025-02-18,2025-02-20
2026-07-10 12:23:59,V20_Range_Breakout,BOSCHLTD.NS,41815.0,29120.0,37670.0,29.36%,2026-04-01,2026-04-10
2026-07-10 12:23:59,V20_Range_Breakout,MARUTI.NS,13854.0,13299.84,16347.72,22.50%,2026-01-01,2026-01-15
2026-07-10 12:23:59,V20_Range_Breakout,HCLTECH.NS,1164.1,1117.54,1373.64,22.50%,2026-01-01,2026-01-15
2026-07-10 12:23:59,V20_Range_Breakout,MEDANTA.NS,1336.9,1009.64,1259.55,24.75%,2025-04-07,2025-04-08
2026-07-10 12:23:59,V20_Range_Breakout,PIDILITIND.NS,1598.5,1534.56,1886.23,22.50%,2026-01-01,2026-01-15
2026-07-10 12:23:59,V20_Range_Breakout,MARICO.NS,852.5,818.4,1005.95,22.50%,2026-01-01,2026-01-15
2026-07-10 12:23:59,V20_Range_Breakout,PAGEIND.NS,39395.0,37819.2,46486.1,22.50%,2026-01-01,2026-01-15
2026-07-10 12:23:59,V20_Range_Breakout,SBIN.NS,1036.0,994.56,1222.48,22.50%,2026-01-01,2026-01-15
2026-07-10 12:23:59,V20_Range_Breakout,VBL.NS,478.1,394.43,474.75,20.36%,2026-04-07,2026-04-17
2026-07-10 12:23:59,V20_Range_Breakout,ANGELONE.NS,346.05,228.45,284.2,24.40%,2026-04-01,2026-04-09
2026-07-10 12:23:59,V20_Range_Breakout,RADICO.NS,4073.7,2710.0,3365.0,24.17%,2026-04-10,2026-04-20
2026-07-10 12:23:59,V20_Range_Breakout,BSE.NS,3811.6,2384.72,2910.33,22.04%,2025-05-29,2025-06-05
2026-07-10 12:23:59,V20_Range_Breakout,BAJFINANCE.NS,1020.5,979.68,1204.19,22.50%,2026-01-01,2026-01-15
2026-07-10 12:23:59,V20_Range_Breakout,MCX.NS,2770.7,903.55,1187.07,31.38%,2025-04-07,2025-04-21
2026-07-10 12:23:59,V20_Range_Breakout,DIXON.NS,13421.0,12749.33,16820.51,31.93%,2025-04-09,2025-04-22
2026-07-10 12:23:59,V20_Range_Breakout,HAVELLS.NS,1188.4,1373.11,1654.06,20.46%,2025-04-07,2025-04-22
2026-07-10 12:23:59,V20_Range_Breakout,KOTAKBANK.NS,377.6,362.5,445.57,22.50%,2026-01-01,2026-01-15
2026-07-10 12:23:59,V20_Range_Breakout,DMART.NS,4081.1,3685.1,4562.6,23.81%,2026-03-24,2026-04-06
2026-07-10 12:23:59,V20_Range_Breakout,HYUNDAI.NS,1984.9,1905.5,2342.18,22.50%,2026-01-01,2026-01-15
2026-07-10 12:23:59,V20_Range_Breakout,ICICIGI.NS,1826.2,1753.15,2154.92,22.50%,2026-01-01,2026-01-15
2026-07-13 09:21:44,V20_Range_Breakout,DMART.NS,3996.3,3685.1,4562.6,23.81%,2026-03-24,2026-04-06
2026-07-13 09:21:44,V20_Range_Breakout,GLAXO.NS,2421.0,1894.45,2642.36,39.48%,2025-02-14,2025-02-20
2026-07-13 09:21:44,V20_Range_Breakout,BOSCHLTD.NS,41845.0,29120.0,37670.0,29.36%,2026-04-01,2026-04-10
2026-07-13 09:21:44,V20_Range_Breakout,ICICIPRULI.NS,521.05,500.21,614.84,22.50%,2026-01-01,2026-01-15
2026-07-13 09:21:44,V20_Range_Breakout,SANOFI.NS,3349.9,5620.1,10037.9,78.61%,2024-06-07,2024-06-13
2026-07-13 09:21:44,V20_Range_Breakout,KOTAKBANK.NS,384.3,368.93,453.47,22.50%,2026-01-01,2026-01-15
2026-07-13 09:21:44,V20_Range_Breakout,DABUR.NS,439.7,422.11,518.85,22.50%,2026-01-01,2026-01-15
2026-07-13 09:21:44,V20_Range_Breakout,COLPAL.NS,2023.9,1942.94,2388.2,22.50%,2026-01-01,2026-01-15
2026-07-13 09:21:44,V20_Range_Breakout,CIPLA.NS,1427.3,1370.21,1684.21,22.50%,2026-01-01,2026-01-15
2026-07-13 09:21:44,V20_Range_Breakout,HCLTECH.NS,1226.4,1177.34,1447.15,22.50%,2026-01-01,2026-01-15
2026-07-13 09:21:44,V20_Range_Breakout,MCX.NS,2788.0,903.55,1187.07,31.38%,2025-04-07,2025-04-21
2026-07-13 09:21:44,V20_Range_Breakout,TCS.NS,2184.0,2096.64,2577.12,22.50%,2026-01-01,2026-01-15
2026-07-13 09:21:44,V20_Range_Breakout,TEAMLEASE.NS,1398.0,2854.65,3478.0,21.84%,2024-07-23,2024-07-29
2026-07-13 09:21:44,V20_Range_Breakout,ASTRAZEN.NS,8363.0,7793.36,9998.82,28.30%,2025-05-29,2025-06-05
2026-07-13 09:21:44,V20_Range_Breakout,HYUNDAI.NS,1995.0,1915.2,2354.1,22.50%,2026-01-01,2026-01-15
2026-07-13 09:21:44,V20_Range_Breakout,GODREJCP.NS,1069.5,1026.72,1262.01,22.50%,2026-01-01,2026-01-15
2026-07-13 09:21:44,V20_Range_Breakout,BAJFINANCE.NS,1026.6,985.54,1211.39,22.50%,2026-01-01,2026-01-15
2026-07-13 09:21:44,V20_Range_Breakout,HINDUNILVR.NS,2130.7,2045.47,2514.23,22.50%,2026-01-01,2026-01-15
2026-07-13 09:21:44,V20_Range_Breakout,MARICO.NS,846.8,812.93,999.22,22.50%,2026-01-01,2026-01-15
2026-07-13 09:21:44,V20_Range_Breakout,UBL.NS,1326.2,1273.15,1564.92,22.50%,2026-01-01,2026-01-15
2026-07-13 09:21:44,V20_Range_Breakout,HDFCBANK.NS,818.65,785.9,966.01,22.50%,2026-01-01,2026-01-15
2026-07-13 09:21:44,V20_Range_Breakout,FORTIS.NS,959.1,920.74,1131.74,22.50%,2026-01-01,2026-01-15
2026-07-13 09:21:44,V20_Range_Breakout,BSE.NS,3808.8,2384.72,2910.33,22.04%,2025-05-29,2025-06-05
2026-07-13 09:21:44,V20_Range_Breakout,ITC.NS,280.05,268.85,330.46,22.50%,2026-01-01,2026-01-15
2026-07-13 09:21:44,V20_Range_Breakout,MEDANTA.NS,1328.8,1009.64,1259.55,24.75%,2025-04-07,2025-04-08
2026-07-13 09:21:44,V20_Range_Breakout,PIDILITIND.NS,1581.6,1518.34,1866.29,22.50%,2026-01-01,2026-01-15
2026-07-13 09:21:44,V20_Range_Breakout,ULTRACEMCO.NS,11600.0,11136.0,13688.0,22.50%,2026-01-01,2026-01-15
2026-07-13 09:21:44,V20_Range_Breakout,BATAINDIA.NS,697.4,669.5,822.93,22.50%,2026-01-01,2026-01-15
2026-07-13 09:21:44,V20_Range_Breakout,CAMS.NS,785.6,869.97,1044.41,20.05%,2024-11-25,2024-12-05
2026-07-13 09:21:44,V20_Range_Breakout,ICICIGI.NS,1785.0,1713.6,2106.3,22.50%,2026-01-01,2026-01-15
2026-07-13 09:21:44,V20_Range_Breakout,INDHOTEL.NS,739.8,710.21,872.96,22.50%,2026-01-01,2026-01-15
2026-07-13 09:21:44,V20_Range_Breakout,M&M.NS,3164.3,3037.73,3733.87,22.50%,2026-01-01,2026-01-15
2026-07-13 09:21:44,V20_Range_Breakout,BAJAJ-AUTO.NS,10410.0,9993.6,12283.8,22.50%,2026-01-01,2026-01-15
2026-07-13 09:21:44,V20_Range_Breakout,PFIZER.NS,4732.8,4280.78,5692.32,32.97%,2025-05-19,2025-06-05
2026-07-13 09:21:44,V20_Range_Breakout,HDFCAMC.NS,2749.7,2639.71,3244.65,22.50%,2026-01-01,2026-01-15
2026-07-13 09:21:44,V20_Range_Breakout,NESTLEIND.NS,1425.6,1368.58,1682.21,22.50%,2026-01-01,2026-01-15
2026-07-13 09:21:44,V20_Range_Breakout,INFY.NS,1105.0,1060.8,1303.9,22.50%,2026-01-01,2026-01-15
2026-07-13 09:21:44,V20_Range_Breakout,KAJARIACER.NS,1241.8,945.5,1178.0,24.59%,2026-04-01,2026-04-15
2026-07-13 09:21:44,V20_Range_Breakout,VBL.NS,470.1,394.43,474.75,20.36%,2026-04-07,2026-04-17
2026-07-13 09:21:44,V20_Range_Breakout,RELIANCE.NS,1298.0,1246.08,1531.64,22.50%,2026-01-01,2026-01-15
2026-07-13 09:21:44,V20_Range_Breakout,HDFCLIFE.NS,573.95,550.99,677.26,22.50%,2026-01-01,2026-01-15
2026-07-13 09:21:44,V20_Range_Breakout,TITAN.NS,4608.1,4423.78,5437.56,22.50%,2026-01-01,2026-01-15
2026-07-13 09:21:44,V20_Range_Breakout,ICICIBANK.NS,1411.2,1354.75,1665.22,22.50%,2026-01-01,2026-01-15
2026-07-13 09:21:44,V20_Range_Breakout,RELAXO.NS,400.7,384.67,472.83,22.50%,2026-01-01,2026-01-15
2026-07-13 09:21:44,V20_Range_Breakout,QUESS.NS,297.35,240.59,302.5,25.73%,2026-06-30,2026-07-07
2026-07-13 09:21:44,V20_Range_Breakout,NAM-INDIA.NS,1217.2,304.5,369.14,21.23%,2023-10-09,2023-10-13
2026-07-13 09:21:44,V20_Range_Breakout,VOLTAS.NS,1346.2,1125.16,1394.41,23.93%,2025-02-01,2025-02-03
2026-07-13 09:21:44,V20_Range_Breakout,UNITDSPR.NS,1373.7,1318.75,1620.97,22.50%,2026-01-01,2026-01-15
2026-07-13 09:21:44,V20_Range_Breakout,LT.NS,3930.3,3773.09,4637.75,22.50%,2026-01-01,2026-01-15
2026-07-13 09:21:44,V20_Range_Breakout,ADANIPORTS.NS,1815.0,1742.4,2141.7,22.50%,2026-01-01,2026-01-15
2026-07-13 09:21:44,V20_Range_Breakout,MARUTI.NS,13707.0,13158.72,16174.26,22.50%,2026-01-01,2026-01-15
2026-07-13 09:21:44,V20_Range_Breakout,ERIS.NS,1449.0,1091.34,1389.64,27.33%,2025-04-07,2025-04-11
2026-07-13 09:21:44,V20_Range_Breakout,GILLETTE.NS,7870.5,7265.28,8796.35,21.07%,2025-02-18,2025-02-20
2026-07-13 09:21:44,V20_Range_Breakout,DIXON.NS,13457.0,12749.33,16820.51,31.93%,2025-04-09,2025-04-22
2026-07-13 09:21:44,V20_Range_Breakout,ANGELONE.NS,340.65,228.45,284.2,24.40%,2026-04-01,2026-04-09
2026-07-13 09:21:44,V20_Range_Breakout,HAVELLS.NS,1181.2,1373.11,1654.06,20.46%,2025-04-07,2025-04-22
2026-07-13 09:21:44,V20_Range_Breakout,LALPATHLAB.NS,1717.2,1648.51,2026.3,22.50%,2026-01-01,2026-01-15
2026-07-13 09:21:44,V20_Range_Breakout,BLUESTARCO.NS,1715.2,1581.5,1921.0,21.47%,2026-04-08,2026-04-20
2026-07-13 09:21:44,V20_Range_Breakout,RADICO.NS,4053.9,2710.0,3365.0,24.17%,2026-04-10,2026-04-20
2026-07-13 09:21:44,V20_Range_Breakout,MRF.NS,131590.0,126326.4,155276.2,22.50%,2026-01-01,2026-01-15
2026-07-13 09:21:44,V20_Range_Breakout,APOLLOHOSP.NS,8786.0,8434.56,10367.48,22.50%,2026-01-01,2026-01-15
2026-07-13 09:21:44,V20_Range_Breakout,BAJAJFINSV.NS,1904.7,1828.51,2247.55,22.50%,2026-01-01,2026-01-15
2026-07-13 09:21:44,V20_Range_Breakout,ASIANPAINT.NS,2658.0,2551.68,3136.44,22.50%,2026-01-01,2026-01-15
2026-07-13 09:21:44,V20_Range_Breakout,AXISBANK.NS,1321.0,1268.16,1558.78,22.50%,2026-01-01,2026-01-15
2026-07-13 09:21:44,V20_Range_Breakout,JIOFIN.NS,241.65,271.48,346.46,27.62%,2024-02-19,2024-02-23
2026-07-13 09:21:44,V20_Range_Breakout,AWL.NS,189.5,181.92,223.61,22.50%,2026-01-01,2026-01-15
2026-07-13 09:21:44,V20_Range_Breakout,ACC.NS,1379.3,1324.13,1627.57,22.50%,2026-01-01,2026-01-15
2026-07-13 09:21:44,V20_Range_Breakout,JSWINFRA.NS,350.85,336.82,414.0,22.50%,2026-01-01,2026-01-15
2026-07-13 09:21:44,V20_Range_Breakout,PGHH.NS,8923.0,8566.08,10529.14,22.50%,2026-01-01,2026-01-15
2026-07-13 09:21:44,V20_Range_Breakout,EICHERMOT.NS,7293.0,7001.28,8605.74,22.50%,2026-01-01,2026-01-15
2026-07-13 09:21:44,V20_Range_Breakout,ABBOTINDIA.NS,27325.0,26232.0,32243.5,22.50%,2026-01-01,2026-01-15
2026-07-13 09:21:44,V20_Range_Breakout,SBIN.NS,1039.0,997.44,1226.02,22.50%,2026-01-01,2026-01-15
2026-07-13 09:21:44,V20_Range_Breakout,CDSL.NS,1445.5,1387.68,1705.69,22.50%,2026-01-01,2026-01-15
2026-07-13 09:21:44,V20_Range_Breakout,PAGEIND.NS,40090.0,38486.4,47306.2,22.50%,2026-01-01,2026-01-15
2026-07-13 09:21:44,V20_Range_Breakout,HONAUT.NS,38250.0,28540.0,36550.0,28.07%,2026-05-19,2026-05-22
2026-07-13 12:29:40,V20_Range_Breakout,ANGELONE.NS,340.25,228.45,284.2,24.40%,2026-04-01,2026-04-09
2026-07-13 12:29:40,V20_Range_Breakout,VBL.NS,469.1,394.43,474.75,20.36%,2026-04-07,2026-04-17
2026-07-13 12:29:40,V20_Range_Breakout,BATAINDIA.NS,695.6,667.78,820.81,22.50%,2026-01-01,2026-01-15
2026-07-13 12:29:40,V20_Range_Breakout,RELAXO.NS,398.85,382.9,470.64,22.50%,2026-01-01,2026-01-15
2026-07-13 12:29:40,V20_Range_Breakout,UNITDSPR.NS,1373.4,1318.46,1620.61,22.50%,2026-01-01,2026-01-15
2026-07-13 12:29:40,V20_Range_Breakout,HONAUT.NS,38215.0,28540.0,36550.0,28.07%,2026-05-19,2026-05-22
2026-07-13 12:29:40,V20_Range_Breakout,BAJAJFINSV.NS,1908.1,1831.78,2251.56,22.50%,2026-01-01,2026-01-15
2026-07-13 12:29:40,V20_Range_Breakout,ITC.NS,279.65,268.46,329.99,22.50%,2026-01-01,2026-01-15
2026-07-13 12:29:40,V20_Range_Breakout,SANOFI.NS,3343.7,5620.1,10037.9,78.61%,2024-06-07,2024-06-13
2026-07-13 12:29:40,V20_Range_Breakout,DIXON.NS,13490.0,12749.33,16820.51,31.93%,2025-04-09,2025-04-22
2026-07-13 12:29:40,V20_Range_Breakout,HAVELLS.NS,1178.8,1373.11,1654.06,20.46%,2025-04-07,2025-04-22
2026-07-13 12:29:40,V20_Range_Breakout,VOLTAS.NS,1349.5,1125.16,1394.41,23.93%,2025-02-01,2025-02-03
2026-07-13 12:29:40,V20_Range_Breakout,ASTRAZEN.NS,8291.0,7793.36,9998.82,28.30%,2025-05-29,2025-06-05
2026-07-13 12:29:40,V20_Range_Breakout,PFIZER.NS,4736.3,4280.78,5692.32,32.97%,2025-05-19,2025-06-05
2026-07-13 12:29:40,V20_Range_Breakout,KAJARIACER.NS,1236.4,945.5,1178.0,24.59%,2026-04-01,2026-04-15
2026-07-13 12:29:40,V20_Range_Breakout,ABBOTINDIA.NS,27395.0,26299.2,32326.1,22.50%,2026-01-01,2026-01-15
2026-07-13 12:29:40,V20_Range_Breakout,KOTAKBANK.NS,384.65,369.26,453.89,22.50%,2026-01-01,2026-01-15
2026-07-13 12:29:40,V20_Range_Breakout,INFY.NS,1102.6,1058.5,1301.07,22.50%,2026-01-01,2026-01-15
2026-07-13 12:29:40,V20_Range_Breakout,ICICIPRULI.NS,519.7,498.91,613.25,22.50%,2026-01-01,2026-01-15
2026-07-13 12:29:40,V20_Range_Breakout,INDHOTEL.NS,738.55,709.01,871.49,22.50%,2026-01-01,2026-01-15
2026-07-13 12:29:40,V20_Range_Breakout,GILLETTE.NS,7880.5,7265.28,8796.35,21.07%,2025-02-18,2025-02-20
2026-07-13 12:29:40,V20_Range_Breakout,MARUTI.NS,13695.0,13147.2,16160.1,22.50%,2026-01-01,2026-01-15
2026-07-13 12:29:40,V20_Range_Breakout,CIPLA.NS,1426.7,1369.63,1683.51,22.50%,2026-01-01,2026-01-15
2026-07-13 12:29:40,V20_Range_Breakout,COLPAL.NS,2025.0,1944.0,2389.5,22.50%,2026-01-01,2026-01-15
2026-07-13 12:29:40,V20_Range_Breakout,M&M.NS,3160.4,3033.98,3729.27,22.50%,2026-01-01,2026-01-15
2026-07-13 12:29:40,V20_Range_Breakout,MEDANTA.NS,1328.1,1009.64,1259.55,24.75%,2025-04-07,2025-04-08
2026-07-13 12:29:40,V20_Range_Breakout,PIDILITIND.NS,1580.7,1517.47,1865.23,22.50%,2026-01-01,2026-01-15
2026-07-13 12:29:40,V20_Range_Breakout,MARICO.NS,846.75,812.88,999.16,22.50%,2026-01-01,2026-01-15
2026-07-13 12:29:40,V20_Range_Breakout,HCLTECH.NS,1221.2,1172.35,1441.02,22.50%,2026-01-01,2026-01-15
2026-07-13 12:29:40,V20_Range_Breakout,BOSCHLTD.NS,41695.0,29120.0,37670.0,29.36%,2026-04-01,2026-04-10
2026-07-13 12:29:40,V20_Range_Breakout,APOLLOHOSP.NS,8782.5,8431.2,10363.35,22.50%,2026-01-01,2026-01-15
2026-07-13 12:29:40,V20_Range_Breakout,ICICIBANK.NS,1409.5,1353.12,1663.21,22.50%,2026-01-01,2026-01-15
2026-07-13 12:29:40,V20_Range_Breakout,LT.NS,3928.5,3771.36,4635.63,22.50%,2026-01-01,2026-01-15
2026-07-13 12:29:40,V20_Range_Breakout,HYUNDAI.NS,1994.4,1914.62,2353.39,22.50%,2026-01-01,2026-01-15
2026-07-13 12:29:40,V20_Range_Breakout,HINDUNILVR.NS,2130.6,2045.38,2514.11,22.50%,2026-01-01,2026-01-15
2026-07-13 12:29:40,V20_Range_Breakout,PGHH.NS,8906.0,8549.76,10509.08,22.50%,2026-01-01,2026-01-15
2026-07-13 12:29:40,V20_Range_Breakout,MCX.NS,2782.1,903.55,1187.07,31.38%,2025-04-07,2025-04-21
2026-07-13 12:29:40,V20_Range_Breakout,BAJFINANCE.NS,1022.6,981.7,1206.67,22.50%,2026-01-01,2026-01-15
2026-07-13 12:29:40,V20_Range_Breakout,SBIN.NS,1037.0,995.52,1223.66,22.50%,2026-01-01,2026-01-15
2026-07-13 12:29:40,V20_Range_Breakout,GODREJCP.NS,1068.7,1025.95,1261.07,22.50%,2026-01-01,2026-01-15
2026-07-13 12:29:40,V20_Range_Breakout,QUESS.NS,297.75,240.59,302.5,25.73%,2026-06-30,2026-07-07
2026-07-13 12:29:40,V20_Range_Breakout,HDFCBANK.NS,817.95,785.23,965.18,22.50%,2026-01-01,2026-01-15
2026-07-13 12:29:40,V20_Range_Breakout,TEAMLEASE.NS,1394.0,2854.65,3478.0,21.84%,2024-07-23,2024-07-29
2026-07-13 12:29:40,V20_Range_Breakout,ADANIPORTS.NS,1810.3,1737.89,2136.15,22.50%,2026-01-01,2026-01-15
2026-07-13 12:29:40,V20_Range_Breakout,JIOFIN.NS,241.41,271.48,346.46,27.62%,2024-02-19,2024-02-23
2026-07-13 12:29:40,V20_Range_Breakout,FORTIS.NS,963.5,924.96,1136.93,22.50%,2026-01-01,2026-01-15
2026-07-13 12:29:40,V20_Range_Breakout,LALPATHLAB.NS,1725.1,1656.1,2035.62,22.50%,2026-01-01,2026-01-15
2026-07-13 12:29:40,V20_Range_Breakout,NAM-INDIA.NS,1215.3,304.5,369.14,21.23%,2023-10-09,2023-10-13
2026-07-13 12:29:40,V20_Range_Breakout,TCS.NS,2181.5,2094.24,2574.17,22.50%,2026-01-01,2026-01-15
2026-07-13 12:29:40,V20_Range_Breakout,RADICO.NS,4045.4,2710.0,3365.0,24.17%,2026-04-10,2026-04-20
2026-07-13 12:29:40,V20_Range_Breakout,NESTLEIND.NS,1427.0,1369.92,1683.86,22.50%,2026-01-01,2026-01-15
2026-07-13 12:29:40,V20_Range_Breakout,AWL.NS,189.38,181.8,223.47,22.50%,2026-01-01,2026-01-15
2026-07-13 12:29:40,V20_Range_Breakout,DMART.NS,3994.1,3685.1,4562.6,23.81%,2026-03-24,2026-04-06
2026-07-13 12:29:40,V20_Range_Breakout,ICICIGI.NS,1787.3,1715.81,2109.01,22.50%,2026-01-01,2026-01-15
2026-07-13 12:29:40,V20_Range_Breakout,EICHERMOT.NS,7296.5,7004.64,8609.87,22.50%,2026-01-01,2026-01-15
2026-07-13 12:29:40,V20_Range_Breakout,BLUESTARCO.NS,1716.1,1581.5,1921.0,21.47%,2026-04-08,2026-04-20
2026-07-13 12:29:40,V20_Range_Breakout,UBL.NS,1334.4,1281.02,1574.59,22.50%,2026-01-01,2026-01-15
2026-07-13 12:29:40,V20_Range_Breakout,HDFCAMC.NS,2749.0,2639.04,3243.82,22.50%,2026-01-01,2026-01-15
2026-07-13 12:29:40,V20_Range_Breakout,MRF.NS,131285.0,126033.6,154916.3,22.50%,2026-01-01,2026-01-15
2026-07-13 12:29:40,V20_Range_Breakout,BSE.NS,3804.2,2384.72,2910.33,22.04%,2025-05-29,2025-06-05
2026-07-13 12:29:40,V20_Range_Breakout,ULTRACEMCO.NS,11571.0,11108.16,13653.78,22.50%,2026-01-01,2026-01-15
2026-07-13 12:29:40,V20_Range_Breakout,CDSL.NS,1444.5,1386.72,1704.51,22.50%,2026-01-01,2026-01-15
2026-07-13 12:29:40,V20_Range_Breakout,GLAXO.NS,2420.5,1894.45,2642.36,39.48%,2025-02-14,2025-02-20
2026-07-13 12:29:40,V20_Range_Breakout,RELIANCE.NS,1296.9,1245.02,1530.34,22.50%,2026-01-01,2026-01-15
2026-07-13 12:29:40,V20_Range_Breakout,ERIS.NS,1449.9,1091.34,1389.64,27.33%,2025-04-07,2025-04-11
2026-07-13 12:29:40,V20_Range_Breakout,ASIANPAINT.NS,2652.1,2546.02,3129.48,22.50%,2026-01-01,2026-01-15
2026-07-13 12:29:40,V20_Range_Breakout,TITAN.NS,4601.5,4417.44,5429.77,22.50%,2026-01-01,2026-01-15
2026-07-13 12:29:40,V20_Range_Breakout,CAMS.NS,785.75,869.97,1044.41,20.05%,2024-11-25,2024-12-05
2026-07-13 12:29:40,V20_Range_Breakout,JSWINFRA.NS,351.2,337.15,414.42,22.50%,2026-01-01,2026-01-15
2026-07-13 12:29:40,V20_Range_Breakout,BAJAJ-AUTO.NS,10381.0,9965.76,12249.58,22.50%,2026-01-01,2026-01-15
2026-07-13 12:29:40,V20_Range_Breakout,PAGEIND.NS,39955.0,38356.8,47146.9,22.50%,2026-01-01,2026-01-15
2026-07-13 12:29:40,V20_Range_Breakout,DABUR.NS,438.9,421.34,517.9,22.50%,2026-01-01,2026-01-15
2026-07-13 12:29:40,V20_Range_Breakout,ACC.NS,1378.8,1323.65,1626.98,22.50%,2026-01-01,2026-01-15
2026-07-13 12:29:40,V20_Range_Breakout,AXISBANK.NS,1319.4,1266.62,1556.89,22.50%,2026-01-01,2026-01-15
2026-07-13 12:29:40,V20_Range_Breakout,HDFCLIFE.NS,573.4,550.46,676.61,22.50%,2026-01-01,2026-01-15
2026-07-14 07:59:55,V20_Range_Breakout,APOLLOHOSP.NS,8898.5,8542.56,10500.23,22.50%,2026-01-01,2026-01-15
2026-07-14 07:59:55,V20_Range_Breakout,BAJFINANCE.NS,1009.4,969.02,1191.09,22.50%,2026-01-01,2026-01-15
2026-07-14 07:59:55,V20_Range_Breakout,LALPATHLAB.NS,1735.1,1665.7,2047.42,22.50%,2026-01-01,2026-01-15
2026-07-14 07:59:55,V20_Range_Breakout,HONAUT.NS,38135.0,28540.0,36550.0,28.07%,2026-05-19,2026-05-22
2026-07-14 07:59:55,V20_Range_Breakout,SANOFI.NS,3350.5,5620.1,10037.9,78.61%,2024-06-07,2024-06-13
2026-07-14 07:59:55,V20_Range_Breakout,ICICIPRULI.NS,504.25,484.08,595.01,22.50%,2026-01-01,2026-01-15
2026-07-14 07:59:55,V20_Range_Breakout,INFY.NS,1092.3,1048.61,1288.91,22.50%,2026-01-01,2026-01-15
2026-07-14 07:59:55,V20_Range_Breakout,ICICIBANK.NS,1406.1,1349.86,1659.2,22.50%,2026-01-01,2026-01-15
2026-07-14 07:59:55,V20_Range_Breakout,HYUNDAI.NS,1961.1,1882.66,2314.1,22.50%,2026-01-01,2026-01-15
2026-07-14 07:59:55,V20_Range_Breakout,DMART.NS,3919.8,3685.1,4562.6,23.81%,2026-03-24,2026-04-06
2026-07-14 07:59:55,V20_Range_Breakout,DIXON.NS,13392.0,12749.33,16820.51,31.93%,2025-04-09,2025-04-22
2026-07-14 07:59:55,V20_Range_Breakout,CAMS.NS,767.35,869.97,1044.41,20.05%,2024-11-25,2024-12-05
2026-07-14 07:59:55,V20_Range_Breakout,HINDUNILVR.NS,2126.7,2041.63,2509.51,22.50%,2026-01-01,2026-01-15
2026-07-14 07:59:55,V20_Range_Breakout,MCX.NS,2868.7,903.55,1187.07,31.38%,2025-04-07,2025-04-21
2026-07-14 07:59:55,V20_Range_Breakout,VBL.NS,466.9,394.43,474.75,20.36%,2026-04-07,2026-04-17
2026-07-14 07:59:55,V20_Range_Breakout,PFIZER.NS,4661.9,4280.78,5692.32,32.97%,2025-05-19,2025-06-05
2026-07-14 07:59:55,V20_Range_Breakout,NAM-INDIA.NS,1187.0,304.5,369.14,21.23%,2023-10-09,2023-10-13
2026-07-14 07:59:55,V20_Range_Breakout,RELIANCE.NS,1301.9,1249.82,1536.24,22.50%,2026-01-01,2026-01-15
2026-07-14 07:59:55,V20_Range_Breakout,ITC.NS,276.75,265.68,326.56,22.50%,2026-01-01,2026-01-15
2026-07-14 07:59:55,V20_Range_Breakout,BSE.NS,3772.6,2384.72,2910.33,22.04%,2025-05-29,2025-06-05
2026-07-14 07:59:55,V20_Range_Breakout,JIOFIN.NS,236.67,271.48,346.46,27.62%,2024-02-19,2024-02-23
2026-07-14 07:59:55,V20_Range_Breakout,UNITDSPR.NS,1381.1,1325.86,1629.7,22.50%,2026-01-01,2026-01-15
2026-07-14 07:59:55,V20_Range_Breakout,ULTRACEMCO.NS,11490.0,11030.4,13558.2,22.50%,2026-01-01,2026-01-15
2026-07-14 07:59:55,V20_Range_Breakout,DABUR.NS,435.5,418.08,513.89,22.50%,2026-01-01,2026-01-15
2026-07-14 07:59:55,V20_Range_Breakout,NESTLEIND.NS,1428.9,1371.74,1686.1,22.50%,2026-01-01,2026-01-15
2026-07-14 07:59:55,V20_Range_Breakout,VOLTAS.NS,1351.3,1125.16,1394.41,23.93%,2025-02-01,2025-02-03
2026-07-14 07:59:55,V20_Range_Breakout,MARUTI.NS,13535.0,12993.6,15971.3,22.50%,2026-01-01,2026-01-15
2026-07-14 07:59:55,V20_Range_Breakout,BOSCHLTD.NS,41570.0,29120.0,37670.0,29.36%,2026-04-01,2026-04-10
2026-07-14 07:59:55,V20_Range_Breakout,HDFCBANK.NS,812.25,779.76,958.45,22.50%,2026-01-01,2026-01-15
2026-07-14 07:59:55,V20_Range_Breakout,ADANIPORTS.NS,1816.2,1743.55,2143.12,22.50%,2026-01-01,2026-01-15
2026-07-14 07:59:55,V20_Range_Breakout,AXISBANK.NS,1311.2,1258.75,1547.22,22.50%,2026-01-01,2026-01-15
2026-07-14 07:59:55,V20_Range_Breakout,EICHERMOT.NS,7273.5,6982.56,8582.73,22.50%,2026-01-01,2026-01-15
2026-07-14 07:59:55,V20_Range_Breakout,LT.NS,3850.0,3696.0,4543.0,22.50%,2026-01-01,2026-01-15
2026-07-14 07:59:55,V20_Range_Breakout,GLAXO.NS,2480.6,1894.45,2642.36,39.48%,2025-02-14,2025-02-20
2026-07-14 07:59:55,V20_Range_Breakout,ABBOTINDIA.NS,27285.0,26193.6,32196.3,22.50%,2026-01-01,2026-01-15
2026-07-14 07:59:55,V20_Range_Breakout,BLUESTARCO.NS,1738.3,1581.5,1921.0,21.47%,2026-04-08,2026-04-20
2026-07-14 07:59:55,V20_Range_Breakout,ASTRAZEN.NS,8257.5,7793.36,9998.82,28.30%,2025-05-29,2025-06-05
2026-07-14 07:59:55,V20_Range_Breakout,PGHH.NS,8885.0,8529.6,10484.3,22.50%,2026-01-01,2026-01-15
2026-07-14 07:59:55,V20_Range_Breakout,M&M.NS,3114.0,2989.44,3674.52,22.50%,2026-01-01,2026-01-15
2026-07-14 07:59:55,V20_Range_Breakout,BAJAJ-AUTO.NS,10237.5,9828.0,12080.25,22.50%,2026-01-01,2026-01-15
2026-07-14 07:59:55,V20_Range_Breakout,FORTIS.NS,966.85,928.18,1140.88,22.50%,2026-01-01,2026-01-15
2026-07-14 07:59:55,V20_Range_Breakout,CIPLA.NS,1450.4,1392.38,1711.47,22.50%,2026-01-01,2026-01-15
2026-07-14 07:59:55,V20_Range_Breakout,HDFCLIFE.NS,555.05,532.85,654.96,22.50%,2026-01-01,2026-01-15
2026-07-14 07:59:55,V20_Range_Breakout,COLPAL.NS,2007.6,1927.3,2368.97,22.50%,2026-01-01,2026-01-15
2026-07-14 07:59:55,V20_Range_Breakout,KAJARIACER.NS,1239.9,945.5,1178.0,24.59%,2026-04-01,2026-04-15
2026-07-14 07:59:55,V20_Range_Breakout,UBL.NS,1357.1,1302.82,1601.38,22.50%,2026-01-01,2026-01-15
2026-07-14 07:59:55,V20_Range_Breakout,ASIANPAINT.NS,2649.8,2543.81,3126.76,22.50%,2026-01-01,2026-01-15
2026-07-14 07:59:55,V20_Range_Breakout,SBIN.NS,1019.9,979.1,1203.48,22.50%,2026-01-01,2026-01-15
2026-07-14 07:59:55,V20_Range_Breakout,HDFCAMC.NS,2664.1,2557.54,3143.64,22.50%,2026-01-01,2026-01-15
2026-07-14 07:59:55,V20_Range_Breakout,TEAMLEASE.NS,1398.1,2854.65,3478.0,21.84%,2024-07-23,2024-07-29
2026-07-14 07:59:55,V20_Range_Breakout,ICICIGI.NS,1775.9,1704.86,2095.56,22.50%,2026-01-01,2026-01-15
2026-07-14 07:59:55,V20_Range_Breakout,GODREJCP.NS,1062.7,1020.19,1253.99,22.50%,2026-01-01,2026-01-15
2026-07-14 07:59:55,V20_Range_Breakout,BATAINDIA.NS,684.9,657.5,808.18,22.50%,2026-01-01,2026-01-15
2026-07-14 07:59:55,V20_Range_Breakout,AWL.NS,187.48,179.98,221.23,22.50%,2026-01-01,2026-01-15
2026-07-14 07:59:55,V20_Range_Breakout,HAVELLS.NS,1178.5,1373.11,1654.06,20.46%,2025-04-07,2025-04-22
2026-07-14 07:59:55,V20_Range_Breakout,MRF.NS,130725.0,125496.0,154255.5,22.50%,2026-01-01,2026-01-15
2026-07-14 07:59:55,V20_Range_Breakout,RADICO.NS,4046.2,2710.0,3365.0,24.17%,2026-04-10,2026-04-20
2026-07-14 07:59:55,V20_Range_Breakout,KOTAKBANK.NS,377.1,362.02,444.98,22.50%,2026-01-01,2026-01-15
2026-07-14 07:59:55,V20_Range_Breakout,INDHOTEL.NS,735.4,705.98,867.77,22.50%,2026-01-01,2026-01-15
2026-07-14 07:59:55,V20_Range_Breakout,PIDILITIND.NS,1561.8,1499.33,1842.92,22.50%,2026-01-01,2026-01-15
2026-07-14 07:59:55,V20_Range_Breakout,QUESS.NS,293.3,240.59,302.5,25.73%,2026-06-30,2026-07-07
2026-07-14 07:59:55,V20_Range_Breakout,BAJAJFINSV.NS,1869.0,1794.24,2205.42,22.50%,2026-01-01,2026-01-15
2026-07-14 07:59:55,V20_Range_Breakout,TCS.NS,2191.2,2103.55,2585.62,22.50%,2026-01-01,2026-01-15
2026-07-14 07:59:55,V20_Range_Breakout,ACC.NS,1362.0,1307.52,1607.16,22.50%,2026-01-01,2026-01-15
2026-07-14 07:59:55,V20_Range_Breakout,JSWINFRA.NS,345.55,331.73,407.75,22.50%,2026-01-01,2026-01-15
2026-07-14 07:59:55,V20_Range_Breakout,ANGELONE.NS,334.05,228.45,284.2,24.40%,2026-04-01,2026-04-09
2026-07-14 07:59:55,V20_Range_Breakout,TITAN.NS,4579.3,4396.13,5403.57,22.50%,2026-01-01,2026-01-15
2026-07-14 07:59:55,V20_Range_Breakout,HCLTECH.NS,1175.6,1128.58,1387.21,22.50%,2026-01-01,2026-01-15
2026-07-14 07:59:55,V20_Range_Breakout,PAGEIND.NS,40270.0,38659.2,47518.6,22.50%,2026-01-01,2026-01-15
2026-07-14 07:59:55,V20_Range_Breakout,MEDANTA.NS,1326.6,1009.64,1259.55,24.75%,2025-04-07,2025-04-08
2026-07-14 07:59:55,V20_Range_Breakout,MARICO.NS,848.0,814.08,1000.64,22.50%,2026-01-01,2026-01-15
2026-07-14 07:59:55,V20_Range_Breakout,GILLETTE.NS,7817.0,7265.28,8796.35,21.07%,2025-02-18,2025-02-20
2026-07-14 07:59:55,V20_Range_Breakout,CDSL.NS,1433.2,1375.87,1691.18,22.50%,2026-01-01,2026-01-15
2026-07-14 07:59:55,V20_Range_Breakout,RELAXO.NS,389.1,373.54,459.14,22.50%,2026-01-01,2026-01-15
2026-07-14 07:59:55,V20_Range_Breakout,ERIS.NS,1444.1,1091.34,1389.64,27.33%,2025-04-07,2025-04-11
2026-07-14 11:24:26,V20_Range_Breakout,BSE.NS,3792.7,2384.72,2910.33,22.04%,2025-05-29,2025-06-05
2026-07-14 11:24:26,V20_Range_Breakout,BLUESTARCO.NS,1746.2,1581.5,1921.0,21.47%,2026-04-08,2026-04-20
2026-07-14 11:24:26,V20_Range_Breakout,VOLTAS.NS,1358.9,1125.16,1394.41,23.93%,2025-02-01,2025-02-03
2026-07-14 11:24:26,V20_Range_Breakout,CAMS.NS,766.45,869.97,1044.41,20.05%,2024-11-25,2024-12-05
2026-07-14 11:24:26,V20_Range_Breakout,GILLETTE.NS,7831.5,7265.28,8796.35,21.07%,2025-02-18,2025-02-20
2026-07-14 11:24:26,V20_Range_Breakout,DMART.NS,3915.9,3685.1,4562.6,23.81%,2026-03-24,2026-04-06
2026-07-14 11:24:26,V20_Range_Breakout,APOLLOHOSP.NS,8900.5,8544.48,10502.59,22.50%,2026-01-01,2026-01-15
2026-07-14 11:24:26,V20_Range_Breakout,PAGEIND.NS,40530.0,38908.8,47825.4,22.50%,2026-01-01,2026-01-15
2026-07-14 11:24:26,V20_Range_Breakout,HINDUNILVR.NS,2120.2,2035.39,2501.84,22.50%,2026-01-01,2026-01-15
2026-07-14 11:24:26,V20_Range_Breakout,HDFCBANK.NS,809.4,777.02,955.09,22.50%,2026-01-01,2026-01-15
2026-07-14 11:24:26,V20_Range_Breakout,KOTAKBANK.NS,378.65,363.5,446.81,22.50%,2026-01-01,2026-01-15
2026-07-14 11:24:26,V20_Range_Breakout,KAJARIACER.NS,1234.5,945.5,1178.0,24.59%,2026-04-01,2026-04-15
2026-07-14 11:24:26,V20_Range_Breakout,MRF.NS,131025.0,125784.0,154609.5,22.50%,2026-01-01,2026-01-15
2026-07-14 11:24:26,V20_Range_Breakout,MCX.NS,2891.3,903.55,1187.07,31.38%,2025-04-07,2025-04-21
2026-07-14 11:24:26,V20_Range_Breakout,RADICO.NS,4051.2,2710.0,3365.0,24.17%,2026-04-10,2026-04-20
2026-07-14 11:24:26,V20_Range_Breakout,INFY.NS,1092.9,1049.18,1289.62,22.50%,2026-01-01,2026-01-15
2026-07-14 11:24:26,V20_Range_Breakout,ASTRAZEN.NS,8198.5,7793.36,9998.82,28.30%,2025-05-29,2025-06-05
2026-07-14 11:24:26,V20_Range_Breakout,UNITDSPR.NS,1386.3,1330.85,1635.83,22.50%,2026-01-01,2026-01-15
2026-07-14 11:24:26,V20_Range_Breakout,ANGELONE.NS,333.55,228.45,284.2,24.40%,2026-04-01,2026-04-09
2026-07-14 11:24:26,V20_Range_Breakout,NESTLEIND.NS,1427.1,1370.02,1683.98,22.50%,2026-01-01,2026-01-15
2026-07-14 11:24:26,V20_Range_Breakout,COLPAL.NS,2008.7,1928.35,2370.27,22.50%,2026-01-01,2026-01-15
2026-07-14 11:24:26,V20_Range_Breakout,JIOFIN.NS,235.97,271.48,346.46,27.62%,2024-02-19,2024-02-23
2026-07-14 11:24:26,V20_Range_Breakout,ACC.NS,1361.9,1307.42,1607.04,22.50%,2026-01-01,2026-01-15
2026-07-14 11:24:26,V20_Range_Breakout,JSWINFRA.NS,347.25,333.36,409.75,22.50%,2026-01-01,2026-01-15
2026-07-14 11:24:26,V20_Range_Breakout,GODREJCP.NS,1061.6,1019.14,1252.69,22.50%,2026-01-01,2026-01-15
2026-07-14 11:24:26,V20_Range_Breakout,TITAN.NS,4573.7,4390.75,5396.97,22.50%,2026-01-01,2026-01-15
2026-07-14 11:24:26,V20_Range_Breakout,BAJAJ-AUTO.NS,10166.0,9759.36,11995.88,22.50%,2026-01-01,2026-01-15
2026-07-14 11:24:26,V20_Range_Breakout,MEDANTA.NS,1320.9,1009.64,1259.55,24.75%,2025-04-07,2025-04-08
2026-07-14 11:24:26,V20_Range_Breakout,DIXON.NS,13365.0,12749.33,16820.51,31.93%,2025-04-09,2025-04-22
2026-07-14 11:24:26,V20_Range_Breakout,PFIZER.NS,4664.6,4280.78,5692.32,32.97%,2025-05-19,2025-06-05
2026-07-14 11:24:26,V20_Range_Breakout,BAJFINANCE.NS,1006.6,966.34,1187.79,22.50%,2026-01-01,2026-01-15
2026-07-14 11:24:26,V20_Range_Breakout,DABUR.NS,434.45,417.07,512.65,22.50%,2026-01-01,2026-01-15
2026-07-14 11:24:26,V20_Range_Breakout,MARUTI.NS,13489.0,12949.44,15917.02,22.50%,2026-01-01,2026-01-15
2026-07-14 11:24:26,V20_Range_Breakout,M&M.NS,3093.3,2969.57,3650.09,22.50%,2026-01-01,2026-01-15
2026-07-14 11:24:26,V20_Range_Breakout,HYUNDAI.NS,1959.7,1881.31,2312.45,22.50%,2026-01-01,2026-01-15
2026-07-14 11:24:26,V20_Range_Breakout,TEAMLEASE.NS,1397.8,2854.65,3478.0,21.84%,2024-07-23,2024-07-29
2026-07-14 11:24:26,V20_Range_Breakout,BAJAJFINSV.NS,1869.2,1794.43,2205.66,22.50%,2026-01-01,2026-01-15
2026-07-14 11:24:26,V20_Range_Breakout,PIDILITIND.NS,1555.4,1493.18,1835.37,22.50%,2026-01-01,2026-01-15
2026-07-14 11:24:26,V20_Range_Breakout,AWL.NS,189.27,181.7,223.34,22.50%,2026-01-01,2026-01-15
2026-07-14 11:24:26,V20_Range_Breakout,ERIS.NS,1453.1,1091.34,1389.64,27.33%,2025-04-07,2025-04-11
2026-07-14 11:24:26,V20_Range_Breakout,RELIANCE.NS,1293.0,1241.28,1525.74,22.50%,2026-01-01,2026-01-15
2026-07-14 11:24:26,V20_Range_Breakout,LALPATHLAB.NS,1744.6,1674.82,2058.63,22.50%,2026-01-01,2026-01-15
2026-07-14 11:24:26,V20_Range_Breakout,ADANIPORTS.NS,1821.9,1749.02,2149.84,22.50%,2026-01-01,2026-01-15
2026-07-14 11:24:26,V20_Range_Breakout,EICHERMOT.NS,7279.5,6988.32,8589.81,22.50%,2026-01-01,2026-01-15
2026-07-14 11:24:26,V20_Range_Breakout,SANOFI.NS,3362.2,5620.1,10037.9,78.61%,2024-06-07,2024-06-13
2026-07-14 11:24:26,V20_Range_Breakout,ASIANPAINT.NS,2641.0,2535.36,3116.38,22.50%,2026-01-01,2026-01-15
2026-07-14 11:24:26,V20_Range_Breakout,HONAUT.NS,38060.0,28540.0,36550.0,28.07%,2026-05-19,2026-05-22
2026-07-14 11:24:26,V20_Range_Breakout,TCS.NS,2200.6,2112.58,2596.71,22.50%,2026-01-01,2026-01-15
2026-07-14 11:24:26,V20_Range_Breakout,HDFCLIFE.NS,555.2,532.99,655.14,22.50%,2026-01-01,2026-01-15
2026-07-14 11:24:26,V20_Range_Breakout,RELAXO.NS,389.15,373.58,459.2,22.50%,2026-01-01,2026-01-15
2026-07-14 11:24:26,V20_Range_Breakout,LT.NS,3848.7,3694.75,4541.47,22.50%,2026-01-01,2026-01-15
2026-07-14 11:24:26,V20_Range_Breakout,BOSCHLTD.NS,41460.0,29120.0,37670.0,29.36%,2026-04-01,2026-04-10
2026-07-14 11:24:26,V20_Range_Breakout,ICICIGI.NS,1788.1,1716.58,2109.96,22.50%,2026-01-01,2026-01-15
2026-07-14 11:24:26,V20_Range_Breakout,ICICIPRULI.NS,503.95,483.79,594.66,22.50%,2026-01-01,2026-01-15
2026-07-14 11:24:26,V20_Range_Breakout,NAM-INDIA.NS,1192.7,304.5,369.14,21.23%,2023-10-09,2023-10-13
2026-07-14 11:24:26,V20_Range_Breakout,GLAXO.NS,2463.4,1894.45,2642.36,39.48%,2025-02-14,2025-02-20
2026-07-14 11:24:26,V20_Range_Breakout,INDHOTEL.NS,733.3,703.97,865.29,22.50%,2026-01-01,2026-01-15
2026-07-14 11:24:26,V20_Range_Breakout,ITC.NS,275.55,264.53,325.15,22.50%,2026-01-01,2026-01-15
2026-07-14 11:24:26,V20_Range_Breakout,UBL.NS,1348.7,1294.75,1591.47,22.50%,2026-01-01,2026-01-15
2026-07-14 11:24:26,V20_Range_Breakout,HDFCAMC.NS,2659.8,2553.41,3138.56,22.50%,2026-01-01,2026-01-15
2026-07-14 11:24:26,V20_Range_Breakout,FORTIS.NS,969.75,930.96,1144.3,22.50%,2026-01-01,2026-01-15
2026-07-14 11:24:26,V20_Range_Breakout,ABBOTINDIA.NS,27500.0,26400.0,32450.0,22.50%,2026-01-01,2026-01-15
2026-07-14 11:24:26,V20_Range_Breakout,ULTRACEMCO.NS,11496.0,11036.16,13565.28,22.50%,2026-01-01,2026-01-15
2026-07-14 11:24:26,V20_Range_Breakout,VBL.NS,470.25,394.43,474.75,20.36%,2026-04-07,2026-04-17
2026-07-14 11:24:26,V20_Range_Breakout,CIPLA.NS,1438.1,1380.58,1696.96,22.50%,2026-01-01,2026-01-15
2026-07-14 11:24:26,V20_Range_Breakout,CDSL.NS,1428.5,1371.36,1685.63,22.50%,2026-01-01,2026-01-15
2026-07-14 11:24:26,V20_Range_Breakout,ICICIBANK.NS,1407.7,1351.39,1661.09,22.50%,2026-01-01,2026-01-15
2026-07-14 11:24:26,V20_Range_Breakout,SBIN.NS,1015.4,974.78,1198.17,22.50%,2026-01-01,2026-01-15
2026-07-14 11:24:26,V20_Range_Breakout,PGHH.NS,8877.0,8521.92,10474.86,22.50%,2026-01-01,2026-01-15
2026-07-14 11:24:26,V20_Range_Breakout,MARICO.NS,848.25,814.32,1000.93,22.50%,2026-01-01,2026-01-15
2026-07-14 11:24:26,V20_Range_Breakout,AXISBANK.NS,1317.6,1264.9,1554.77,22.50%,2026-01-01,2026-01-15
2026-07-14 11:24:26,V20_Range_Breakout,HAVELLS.NS,1187.3,1373.11,1654.06,20.46%,2025-04-07,2025-04-22
2026-07-14 11:24:26,V20_Range_Breakout,HCLTECH.NS,1166.7,1120.03,1376.71,22.50%,2026-01-01,2026-01-15
2026-07-14 11:24:26,V20_Range_Breakout,QUESS.NS,292.55,240.59,302.5,25.73%,2026-06-30,2026-07-07
2026-07-14 11:24:26,V20_Range_Breakout,BATAINDIA.NS,683.25,655.92,806.24,22.50%,2026-01-01,2026-01-15
2026-07-15 08:04:55,V20_Range_Breakout,ICICIPRULI.NS,509.0,488.64,600.62,22.50%,2026-01-01,2026-01-15
2026-07-15 08:04:55,V20_Range_Breakout,VOLTAS.NS,1376.0,1125.16,1394.41,23.93%,2025-02-01,2025-02-03
2026-07-15 08:04:55,V20_Range_Breakout,HDFCAMC.NS,2687.8,2580.29,3171.6,22.50%,2026-01-01,2026-01-15
2026-07-15 08:04:55,V20_Range_Breakout,BSE.NS,3751.3,2384.72,2910.33,22.04%,2025-05-29,2025-06-05
2026-07-15 08:04:55,V20_Range_Breakout,GODREJCP.NS,1056.9,1014.62,1247.14,22.50%,2026-01-01,2026-01-15
2026-07-15 08:04:55,V20_Range_Breakout,AXISBANK.NS,1312.6,1260.1,1548.87,22.50%,2026-01-01,2026-01-15
2026-07-15 08:04:55,V20_Range_Breakout,VBL.NS,464.35,394.43,474.75,20.36%,2026-04-07,2026-04-17
2026-07-15 08:04:55,V20_Range_Breakout,EICHERMOT.NS,7389.0,7093.44,8719.02,22.50%,2026-01-01,2026-01-15
2026-07-15 08:04:55,V20_Range_Breakout,KOTAKBANK.NS,377.2,362.11,445.1,22.50%,2026-01-01,2026-01-15
2026-07-15 08:04:55,V20_Range_Breakout,HDFCLIFE.NS,562.5,540.0,663.75,22.50%,2026-01-01,2026-01-15
2026-07-15 08:04:55,V20_Range_Breakout,INDHOTEL.NS,744.1,714.34,878.04,22.50%,2026-01-01,2026-01-15
2026-07-15 08:04:55,V20_Range_Breakout,UBL.NS,1351.0,1296.96,1594.18,22.50%,2026-01-01,2026-01-15
2026-07-15 08:04:55,V20_Range_Breakout,CDSL.NS,1434.4,1377.02,1692.59,22.50%,2026-01-01,2026-01-15
2026-07-15 08:04:55,V20_Range_Breakout,SBIN.NS,1022.7,981.79,1206.79,22.50%,2026-01-01,2026-01-15
2026-07-15 08:04:55,V20_Range_Breakout,GILLETTE.NS,7843.5,7265.28,8796.35,21.07%,2025-02-18,2025-02-20
2026-07-15 08:04:55,V20_Range_Breakout,HINDUNILVR.NS,2094.0,2010.24,2470.92,22.50%,2026-01-01,2026-01-15
2026-07-15 08:04:55,V20_Range_Breakout,PAGEIND.NS,40280.0,38668.8,47530.4,22.50%,2026-01-01,2026-01-15
2026-07-15 08:04:55,V20_Range_Breakout,HAVELLS.NS,1178.4,1373.11,1654.06,20.46%,2025-04-07,2025-04-22
2026-07-15 08:04:55,V20_Range_Breakout,MRF.NS,132365.0,127070.4,156190.7,22.50%,2026-01-01,2026-01-15
2026-07-15 08:04:55,V20_Range_Breakout,TITAN.NS,4594.7,4410.91,5421.75,22.50%,2026-01-01,2026-01-15
2026-07-15 08:04:55,V20_Range_Breakout,ITC.NS,276.0,264.96,325.68,22.50%,2026-01-01,2026-01-15
2026-07-15 08:04:55,V20_Range_Breakout,HONAUT.NS,39160.0,28540.0,36550.0,28.07%,2026-05-19,2026-05-22
2026-07-15 08:04:55,V20_Range_Breakout,ASTRAZEN.NS,8251.5,7793.36,9998.82,28.30%,2025-05-29,2025-06-05
2026-07-15 08:04:55,V20_Range_Breakout,ERIS.NS,1450.2,1091.34,1389.64,27.33%,2025-04-07,2025-04-11
2026-07-15 08:04:55,V20_Range_Breakout,FORTIS.NS,975.0,936.0,1150.5,22.50%,2026-01-01,2026-01-15
2026-07-15 08:04:55,V20_Range_Breakout,INFY.NS,1078.2,1035.07,1272.28,22.50%,2026-01-01,2026-01-15
2026-07-15 08:04:55,V20_Range_Breakout,PIDILITIND.NS,1572.1,1509.22,1855.08,22.50%,2026-01-01,2026-01-15
2026-07-15 08:04:55,V20_Range_Breakout,MEDANTA.NS,1337.9,1009.64,1259.55,24.75%,2025-04-07,2025-04-08
2026-07-15 08:04:55,V20_Range_Breakout,LALPATHLAB.NS,1745.0,1675.2,2059.1,22.50%,2026-01-01,2026-01-15
2026-07-15 08:04:55,V20_Range_Breakout,DIXON.NS,13665.0,12749.33,16820.51,31.93%,2025-04-09,2025-04-22
2026-07-15 08:04:55,V20_Range_Breakout,MARICO.NS,845.8,811.97,998.04,22.50%,2026-01-01,2026-01-15
2026-07-15 08:04:55,V20_Range_Breakout,JIOFIN.NS,235.92,271.48,346.46,27.62%,2024-02-19,2024-02-23
2026-07-15 08:04:55,V20_Range_Breakout,ACC.NS,1377.7,1322.59,1625.69,22.50%,2026-01-01,2026-01-15
2026-07-15 08:04:55,V20_Range_Breakout,MCX.NS,2895.0,903.55,1187.07,31.38%,2025-04-07,2025-04-21
2026-07-15 08:04:55,V20_Range_Breakout,SANOFI.NS,3358.4,5620.1,10037.9,78.61%,2024-06-07,2024-06-13
2026-07-15 08:04:55,V20_Range_Breakout,COLPAL.NS,2012.1,1931.62,2374.28,22.50%,2026-01-01,2026-01-15
2026-07-15 08:04:55,V20_Range_Breakout,GLAXO.NS,2480.0,1894.45,2642.36,39.48%,2025-02-14,2025-02-20
2026-07-15 08:04:55,V20_Range_Breakout,MARUTI.NS,13531.0,12989.76,15966.58,22.50%,2026-01-01,2026-01-15
2026-07-15 08:04:55,V20_Range_Breakout,DMART.NS,3915.0,3685.1,4562.6,23.81%,2026-03-24,2026-04-06
2026-07-15 08:04:55,V20_Range_Breakout,CIPLA.NS,1438.0,1380.48,1696.84,22.50%,2026-01-01,2026-01-15
2026-07-15 08:04:55,V20_Range_Breakout,ULTRACEMCO.NS,11739.0,11269.44,13852.02,22.50%,2026-01-01,2026-01-15
2026-07-15 08:04:55,V20_Range_Breakout,CAMS.NS,766.0,869.97,1044.41,20.05%,2024-11-25,2024-12-05
2026-07-15 08:04:55,V20_Range_Breakout,PGHH.NS,8834.0,8480.64,10424.12,22.50%,2026-01-01,2026-01-15
2026-07-15 08:04:55,V20_Range_Breakout,HCLTECH.NS,1164.9,1118.3,1374.58,22.50%,2026-01-01,2026-01-15
2026-07-15 08:04:55,V20_Range_Breakout,RELIANCE.NS,1299.0,1247.04,1532.82,22.50%,2026-01-01,2026-01-15
2026-07-15 08:04:55,V20_Range_Breakout,BAJAJFINSV.NS,1849.6,1775.62,2182.53,22.50%,2026-01-01,2026-01-15
2026-07-15 08:04:55,V20_Range_Breakout,BLUESTARCO.NS,1751.0,1581.5,1921.0,21.47%,2026-04-08,2026-04-20
2026-07-15 08:04:55,V20_Range_Breakout,LT.NS,3809.7,3657.31,4495.45,22.50%,2026-01-01,2026-01-15
2026-07-15 08:04:55,V20_Range_Breakout,NESTLEIND.NS,1432.6,1375.3,1690.47,22.50%,2026-01-01,2026-01-15
2026-07-15 08:04:55,V20_Range_Breakout,BOSCHLTD.NS,41420.0,29120.0,37670.0,29.36%,2026-04-01,2026-04-10
2026-07-15 08:04:55,V20_Range_Breakout,BAJAJ-AUTO.NS,10303.0,9890.88,12157.54,22.50%,2026-01-01,2026-01-15
2026-07-15 08:04:55,V20_Range_Breakout,BAJFINANCE.NS,1019.3,978.53,1202.77,22.50%,2026-01-01,2026-01-15
2026-07-15 08:04:55,V20_Range_Breakout,NAM-INDIA.NS,1191.2,304.5,369.14,21.23%,2023-10-09,2023-10-13
2026-07-15 08:04:55,V20_Range_Breakout,JSWINFRA.NS,338.45,324.91,399.37,22.50%,2026-01-01,2026-01-15
2026-07-15 08:04:55,V20_Range_Breakout,QUESS.NS,292.15,240.59,302.5,25.73%,2026-06-30,2026-07-07
2026-07-15 08:04:55,V20_Range_Breakout,ICICIBANK.NS,1411.9,1355.42,1666.04,22.50%,2026-01-01,2026-01-15
2026-07-15 08:04:55,V20_Range_Breakout,RELAXO.NS,379.6,364.42,447.93,22.50%,2026-01-01,2026-01-15
2026-07-15 08:04:55,V20_Range_Breakout,M&M.NS,3088.3,2964.77,3644.19,22.50%,2026-01-01,2026-01-15
2026-07-15 08:04:55,V20_Range_Breakout,DABUR.NS,432.2,414.91,510.0,22.50%,2026-01-01,2026-01-15
2026-07-15 08:04:55,V20_Range_Breakout,ASIANPAINT.NS,2663.3,2556.77,3142.69,22.50%,2026-01-01,2026-01-15
2026-07-15 08:04:55,V20_Range_Breakout,TEAMLEASE.NS,1404.4,2854.65,3478.0,21.84%,2024-07-23,2024-07-29
2026-07-15 08:04:55,V20_Range_Breakout,RADICO.NS,4058.3,2710.0,3365.0,24.17%,2026-04-10,2026-04-20
2026-07-15 08:04:55,V20_Range_Breakout,AWL.NS,186.18,178.73,219.69,22.50%,2026-01-01,2026-01-15
2026-07-15 08:04:55,V20_Range_Breakout,BATAINDIA.NS,684.55,657.17,807.77,22.50%,2026-01-01,2026-01-15
2026-07-15 08:04:55,V20_Range_Breakout,UNITDSPR.NS,1377.9,1322.78,1625.92,22.50%,2026-01-01,2026-01-15
2026-07-15 08:04:55,V20_Range_Breakout,KAJARIACER.NS,1239.9,945.5,1178.0,24.59%,2026-04-01,2026-04-15
2026-07-15 08:04:55,V20_Range_Breakout,HYUNDAI.NS,2005.1,1924.9,2366.02,22.50%,2026-01-01,2026-01-15
2026-07-15 08:04:55,V20_Range_Breakout,TCS.NS,2186.8,2099.33,2580.42,22.50%,2026-01-01,2026-01-15
2026-07-15 08:04:55,V20_Range_Breakout,ADANIPORTS.NS,1827.8,1754.69,2156.8,22.50%,2026-01-01,2026-01-15
2026-07-15 08:04:55,V20_Range_Breakout,ABBOTINDIA.NS,27470.0,26371.2,32414.6,22.50%,2026-01-01,2026-01-15
2026-07-15 08:04:55,V20_Range_Breakout,ICICIGI.NS,1804.3,1732.13,2129.07,22.50%,2026-01-01,2026-01-15
2026-07-15 08:04:55,V20_Range_Breakout,HDFCBANK.NS,812.8,780.29,959.1,22.50%,2026-01-01,2026-01-15
2026-07-15 08:04:55,V20_Range_Breakout,PFIZER.NS,4694.6,4280.78,5692.32,32.97%,2025-05-19,2025-06-05
2026-07-15 08:04:55,V20_Range_Breakout,ANGELONE.NS,338.4,228.45,284.2,24.40%,2026-04-01,2026-04-09
2026-07-15 08:04:55,V20_Range_Breakout,APOLLOHOSP.NS,8929.5,8572.32,10536.81,22.50%,2026-01-01,2026-01-15
2026-07-15 11:27:18,V20_Range_Breakout,ICICIPRULI.NS,525.15,504.14,619.68,22.50%,2026-01-01,2026-01-15
2026-07-15 11:27:18,V20_Range_Breakout,CAMS.NS,764.8,869.97,1044.41,20.05%,2024-11-25,2024-12-05
2026-07-15 11:27:18,V20_Range_Breakout,MEDANTA.NS,1338.5,1009.64,1259.55,24.75%,2025-04-07,2025-04-08
2026-07-15 11:27:18,V20_Range_Breakout,NAM-INDIA.NS,1196.3,304.5,369.14,21.23%,2023-10-09,2023-10-13
2026-07-15 11:27:18,V20_Range_Breakout,MRF.NS,131675.0,126408.0,155376.5,22.50%,2026-01-01,2026-01-15
2026-07-15 11:27:18,V20_Range_Breakout,INFY.NS,1076.3,1033.25,1270.03,22.50%,2026-01-01,2026-01-15
2026-07-15 11:27:18,V20_Range_Breakout,GODREJCP.NS,1052.7,1010.59,1242.19,22.50%,2026-01-01,2026-01-15
2026-07-15 11:27:18,V20_Range_Breakout,MCX.NS,2892.6,903.55,1187.07,31.38%,2025-04-07,2025-04-21
2026-07-15 11:27:18,V20_Range_Breakout,ASIANPAINT.NS,2670.0,2563.2,3150.6,22.50%,2026-01-01,2026-01-15
2026-07-15 11:27:18,V20_Range_Breakout,AWL.NS,188.94,181.38,222.95,22.50%,2026-01-01,2026-01-15
2026-07-15 11:27:18,V20_Range_Breakout,VOLTAS.NS,1377.4,1125.16,1394.41,23.93%,2025-02-01,2025-02-03
2026-07-15 11:27:18,V20_Range_Breakout,MARUTI.NS,13583.0,13039.68,16027.94,22.50%,2026-01-01,2026-01-15
2026-07-15 11:27:18,V20_Range_Breakout,GLAXO.NS,2483.7,1894.45,2642.36,39.48%,2025-02-14,2025-02-20
2026-07-15 11:27:18,V20_Range_Breakout,PFIZER.NS,4704.5,4280.78,5692.32,32.97%,2025-05-19,2025-06-05
2026-07-15 11:27:18,V20_Range_Breakout,LT.NS,3783.9,3632.54,4465.0,22.50%,2026-01-01,2026-01-15
2026-07-15 11:27:18,V20_Range_Breakout,ANGELONE.NS,343.4,228.45,284.2,24.40%,2026-04-01,2026-04-09
2026-07-15 11:27:18,V20_Range_Breakout,UBL.NS,1357.3,1303.01,1601.61,22.50%,2026-01-01,2026-01-15
2026-07-15 11:27:18,V20_Range_Breakout,ACC.NS,1383.2,1327.87,1632.18,22.50%,2026-01-01,2026-01-15
2026-07-15 11:27:18,V20_Range_Breakout,VBL.NS,464.2,394.43,474.75,20.36%,2026-04-07,2026-04-17
2026-07-15 11:27:18,V20_Range_Breakout,TEAMLEASE.NS,1402.0,2854.65,3478.0,21.84%,2024-07-23,2024-07-29
2026-07-15 11:27:18,V20_Range_Breakout,MARICO.NS,844.45,810.67,996.45,22.50%,2026-01-01,2026-01-15
2026-07-15 11:27:18,V20_Range_Breakout,INDHOTEL.NS,743.2,713.47,876.98,22.50%,2026-01-01,2026-01-15
2026-07-15 11:27:18,V20_Range_Breakout,JSWINFRA.NS,337.35,323.86,398.07,22.50%,2026-01-01,2026-01-15
2026-07-15 11:27:18,V20_Range_Breakout,CDSL.NS,1440.1,1382.5,1699.32,22.50%,2026-01-01,2026-01-15
2026-07-15 11:27:18,V20_Range_Breakout,PAGEIND.NS,40395.0,38779.2,47666.1,22.50%,2026-01-01,2026-01-15
2026-07-15 11:27:18,V20_Range_Breakout,HDFCBANK.NS,815.45,782.83,962.23,22.50%,2026-01-01,2026-01-15
2026-07-15 11:27:18,V20_Range_Breakout,TCS.NS,2189.2,2101.63,2583.26,22.50%,2026-01-01,2026-01-15
2026-07-15 11:27:18,V20_Range_Breakout,ITC.NS,276.65,265.58,326.45,22.50%,2026-01-01,2026-01-15
2026-07-15 11:27:18,V20_Range_Breakout,ERIS.NS,1459.7,1091.34,1389.64,27.33%,2025-04-07,2025-04-11
2026-07-15 11:27:18,V20_Range_Breakout,HDFCLIFE.NS,568.75,546.0,671.12,22.50%,2026-01-01,2026-01-15
2026-07-15 11:27:18,V20_Range_Breakout,RELIANCE.NS,1295.5,1243.68,1528.69,22.50%,2026-01-01,2026-01-15
2026-07-15 11:27:18,V20_Range_Breakout,BAJAJFINSV.NS,1849.6,1775.62,2182.53,22.50%,2026-01-01,2026-01-15
2026-07-15 11:27:18,V20_Range_Breakout,TITAN.NS,4579.4,4396.22,5403.69,22.50%,2026-01-01,2026-01-15
2026-07-15 11:27:18,V20_Range_Breakout,AXISBANK.NS,1312.3,1259.81,1548.51,22.50%,2026-01-01,2026-01-15
2026-07-15 11:27:18,V20_Range_Breakout,NESTLEIND.NS,1424.4,1367.42,1680.79,22.50%,2026-01-01,2026-01-15
2026-07-15 11:27:18,V20_Range_Breakout,ABBOTINDIA.NS,27640.0,26534.4,32615.2,22.50%,2026-01-01,2026-01-15
2026-07-15 11:27:18,V20_Range_Breakout,KOTAKBANK.NS,378.4,363.26,446.51,22.50%,2026-01-01,2026-01-15
2026-07-15 11:27:18,V20_Range_Breakout,HINDUNILVR.NS,2102.6,2018.5,2481.07,22.50%,2026-01-01,2026-01-15
2026-07-15 11:27:18,V20_Range_Breakout,ULTRACEMCO.NS,11812.0,11339.52,13938.16,22.50%,2026-01-01,2026-01-15
2026-07-15 11:27:18,V20_Range_Breakout,HONAUT.NS,39540.0,28540.0,36550.0,28.07%,2026-05-19,2026-05-22
2026-07-15 11:27:18,V20_Range_Breakout,HCLTECH.NS,1168.0,1121.28,1378.24,22.50%,2026-01-01,2026-01-15
2026-07-15 11:27:18,V20_Range_Breakout,ADANIPORTS.NS,1829.1,1755.94,2158.34,22.50%,2026-01-01,2026-01-15
2026-07-15 11:27:18,V20_Range_Breakout,HYUNDAI.NS,2002.9,1922.78,2363.42,22.50%,2026-01-01,2026-01-15
2026-07-15 11:27:18,V20_Range_Breakout,JIOFIN.NS,236.59,271.48,346.46,27.62%,2024-02-19,2024-02-23
2026-07-15 11:27:18,V20_Range_Breakout,COLPAL.NS,2011.8,1931.33,2373.92,22.50%,2026-01-01,2026-01-15
2026-07-15 11:27:18,V20_Range_Breakout,QUESS.NS,293.35,240.59,302.5,25.73%,2026-06-30,2026-07-07
2026-07-15 11:27:18,V20_Range_Breakout,BOSCHLTD.NS,41445.0,29120.0,37670.0,29.36%,2026-04-01,2026-04-10
2026-07-15 11:27:18,V20_Range_Breakout,EICHERMOT.NS,7404.5,7108.32,8737.31,22.50%,2026-01-01,2026-01-15
2026-07-15 11:27:18,V20_Range_Breakout,ICICIGI.NS,1814.6,1742.02,2141.23,22.50%,2026-01-01,2026-01-15
2026-07-15 11:27:18,V20_Range_Breakout,RADICO.NS,4090.0,2710.0,3365.0,24.17%,2026-04-10,2026-04-20
2026-07-15 11:27:18,V20_Range_Breakout,BAJAJ-AUTO.NS,10323.0,9910.08,12181.14,22.50%,2026-01-01,2026-01-15
2026-07-15 11:27:18,V20_Range_Breakout,BSE.NS,3754.4,2384.72,2910.33,22.04%,2025-05-29,2025-06-05
2026-07-15 11:27:18,V20_Range_Breakout,CIPLA.NS,1438.0,1380.48,1696.84,22.50%,2026-01-01,2026-01-15
2026-07-15 11:27:18,V20_Range_Breakout,APOLLOHOSP.NS,8934.0,8576.64,10542.12,22.50%,2026-01-01,2026-01-15
2026-07-15 11:27:18,V20_Range_Breakout,HAVELLS.NS,1177.4,1373.11,1654.06,20.46%,2025-04-07,2025-04-22
2026-07-15 11:27:18,V20_Range_Breakout,PIDILITIND.NS,1568.8,1506.05,1851.18,22.50%,2026-01-01,2026-01-15
2026-07-15 11:27:18,V20_Range_Breakout,KAJARIACER.NS,1237.0,945.5,1178.0,24.59%,2026-04-01,2026-04-15
2026-07-15 11:27:18,V20_Range_Breakout,DMART.NS,3929.3,3685.1,4562.6,23.81%,2026-03-24,2026-04-06
2026-07-15 11:27:18,V20_Range_Breakout,ASTRAZEN.NS,8228.5,7793.36,9998.82,28.30%,2025-05-29,2025-06-05
2026-07-15 11:27:18,V20_Range_Breakout,GILLETTE.NS,7819.0,7265.28,8796.35,21.07%,2025-02-18,2025-02-20
2026-07-15 11:27:18,V20_Range_Breakout,SBIN.NS,1030.1,988.9,1215.52,22.50%,2026-01-01,2026-01-15
2026-07-15 11:27:18,V20_Range_Breakout,DABUR.NS,431.3,414.05,508.93,22.50%,2026-01-01,2026-01-15
2026-07-15 11:27:18,V20_Range_Breakout,HDFCAMC.NS,2729.2,2620.03,3220.46,22.50%,2026-01-01,2026-01-15
2026-07-15 11:27:18,V20_Range_Breakout,SANOFI.NS,3377.0,5620.1,10037.9,78.61%,2024-06-07,2024-06-13
2026-07-15 11:27:18,V20_Range_Breakout,UNITDSPR.NS,1373.4,1318.46,1620.61,22.50%,2026-01-01,2026-01-15
2026-07-15 11:27:18,V20_Range_Breakout,FORTIS.NS,976.15,937.1,1151.86,22.50%,2026-01-01,2026-01-15
2026-07-15 11:27:18,V20_Range_Breakout,LALPATHLAB.NS,1723.3,1654.37,2033.49,22.50%,2026-01-01,2026-01-15
2026-07-15 11:27:18,V20_Range_Breakout,BLUESTARCO.NS,1753.9,1581.5,1921.0,21.47%,2026-04-08,2026-04-20
2026-07-15 11:27:18,V20_Range_Breakout,M&M.NS,3082.9,2959.58,3637.82,22.50%,2026-01-01,2026-01-15
2026-07-15 11:27:18,V20_Range_Breakout,RELAXO.NS,377.65,362.54,445.63,22.50%,2026-01-01,2026-01-15
2026-07-15 11:27:18,V20_Range_Breakout,BATAINDIA.NS,679.4,652.22,801.69,22.50%,2026-01-01,2026-01-15
2026-07-15 11:27:18,V20_Range_Breakout,BAJFINANCE.NS,1021.3,980.45,1205.13,22.50%,2026-01-01,2026-01-15
2026-07-15 11:27:18,V20_Range_Breakout,DIXON.NS,13651.0,12749.33,16820.51,31.93%,2025-04-09,2025-04-22
2026-07-15 11:27:18,V20_Range_Breakout,PGHH.NS,8822.0,8469.12,10409.96,22.50%,2026-01-01,2026-01-15
2026-07-15 11:27:18,V20_Range_Breakout,ICICIBANK.NS,1416.2,1359.55,1671.12,22.50%,2026-01-01,2026-01-15
2026-07-16 08:08:57,V20_Range_Breakout,UNITDSPR.NS,1375.2,1320.19,1622.74,22.50%,2026-01-01,2026-01-15
2026-07-16 08:08:57,V20_Range_Breakout,AXISBANK.NS,1299.6,1247.62,1533.53,22.50%,2026-01-01,2026-01-15
2026-07-16 08:08:57,V20_Range_Breakout,ABBOTINDIA.NS,27800.0,26688.0,32804.0,22.50%,2026-01-01,2026-01-15
2026-07-16 08:08:57,V20_Range_Breakout,MEDANTA.NS,1334.8,1009.64,1259.55,24.75%,2025-04-07,2025-04-08
2026-07-16 08:08:57,V20_Range_Breakout,HONAUT.NS,39390.0,28540.0,36550.0,28.07%,2026-05-19,2026-05-22
2026-07-16 08:08:57,V20_Range_Breakout,GILLETTE.NS,7814.0,7265.28,8796.35,21.07%,2025-02-18,2025-02-20
2026-07-16 08:08:57,V20_Range_Breakout,HAVELLS.NS,1168.7,1373.11,1654.06,20.46%,2025-04-07,2025-04-22
2026-07-16 08:08:57,V20_Range_Breakout,VBL.NS,464.35,394.43,474.75,20.36%,2026-04-07,2026-04-17
2026-07-16 08:08:57,V20_Range_Breakout,VOLTAS.NS,1374.3,1125.16,1394.41,23.93%,2025-02-01,2025-02-03
2026-07-16 08:08:57,V20_Range_Breakout,HDFCBANK.NS,807.0,774.72,952.26,22.50%,2026-01-01,2026-01-15
2026-07-16 08:08:57,V20_Range_Breakout,NESTLEIND.NS,1421.4,1364.54,1677.25,22.50%,2026-01-01,2026-01-15
2026-07-16 08:08:57,V20_Range_Breakout,ULTRACEMCO.NS,11845.0,11371.2,13977.1,22.50%,2026-01-01,2026-01-15
2026-07-16 08:08:57,V20_Range_Breakout,ERIS.NS,1475.9,1091.34,1389.64,27.33%,2025-04-07,2025-04-11
2026-07-16 08:08:57,V20_Range_Breakout,M&M.NS,3119.6,2994.82,3681.13,22.50%,2026-01-01,2026-01-15
2026-07-16 08:08:57,V20_Range_Breakout,HYUNDAI.NS,2056.2,1973.95,2426.32,22.50%,2026-01-01,2026-01-15
2026-07-16 08:08:57,V20_Range_Breakout,MARUTI.NS,13778.0,13226.88,16258.04,22.50%,2026-01-01,2026-01-15
2026-07-16 08:08:57,V20_Range_Breakout,MRF.NS,131700.0,126432.0,155406.0,22.50%,2026-01-01,2026-01-15
2026-07-16 08:08:57,V20_Range_Breakout,RELIANCE.NS,1301.5,1249.44,1535.77,22.50%,2026-01-01,2026-01-15
2026-07-16 08:08:57,V20_Range_Breakout,SANOFI.NS,3398.0,5620.1,10037.9,78.61%,2024-06-07,2024-06-13
2026-07-16 08:08:57,V20_Range_Breakout,AWL.NS,189.02,181.46,223.04,22.50%,2026-01-01,2026-01-15
2026-07-16 08:08:57,V20_Range_Breakout,ACC.NS,1372.3,1317.41,1619.31,22.50%,2026-01-01,2026-01-15
2026-07-16 08:08:57,V20_Range_Breakout,BAJFINANCE.NS,1034.7,993.31,1220.95,22.50%,2026-01-01,2026-01-15
2026-07-16 08:08:57,V20_Range_Breakout,CDSL.NS,1410.1,1353.7,1663.92,22.50%,2026-01-01,2026-01-15
2026-07-16 08:08:57,V20_Range_Breakout,GODREJCP.NS,1059.1,1016.74,1249.74,22.50%,2026-01-01,2026-01-15
2026-07-16 08:08:57,V20_Range_Breakout,MCX.NS,2830.1,903.55,1187.07,31.38%,2025-04-07,2025-04-21
2026-07-16 08:08:57,V20_Range_Breakout,MARICO.NS,840.55,806.93,991.85,22.50%,2026-01-01,2026-01-15
2026-07-16 08:08:57,V20_Range_Breakout,PGHH.NS,8829.5,8476.32,10418.81,22.50%,2026-01-01,2026-01-15
2026-07-16 08:08:57,V20_Range_Breakout,INDHOTEL.NS,734.3,704.93,866.47,22.50%,2026-01-01,2026-01-15
2026-07-16 08:08:57,V20_Range_Breakout,UBL.NS,1353.0,1298.88,1596.54,22.50%,2026-01-01,2026-01-15
2026-07-16 08:08:57,V20_Range_Breakout,PIDILITIND.NS,1561.1,1498.66,1842.1,22.50%,2026-01-01,2026-01-15
2026-07-16 08:08:57,V20_Range_Breakout,COLPAL.NS,2010.5,1930.08,2372.39,22.50%,2026-01-01,2026-01-15
2026-07-16 08:08:57,V20_Range_Breakout,INFY.NS,1088.1,1044.58,1283.96,22.50%,2026-01-01,2026-01-15
2026-07-16 08:08:57,V20_Range_Breakout,LT.NS,3773.0,3622.08,4452.14,22.50%,2026-01-01,2026-01-15
2026-07-16 08:08:57,V20_Range_Breakout,ASIANPAINT.NS,2669.4,2562.62,3149.89,22.50%,2026-01-01,2026-01-15
2026-07-16 08:08:57,V20_Range_Breakout,ASTRAZEN.NS,8100.0,7793.36,9998.82,28.30%,2025-05-29,2025-06-05
2026-07-16 08:08:57,V20_Range_Breakout,BATAINDIA.NS,676.8,649.73,798.62,22.50%,2026-01-01,2026-01-15
2026-07-16 08:08:57,V20_Range_Breakout,APOLLOHOSP.NS,8889.5,8533.92,10489.61,22.50%,2026-01-01,2026-01-15
2026-07-16 08:08:57,V20_Range_Breakout,GLAXO.NS,2504.6,1894.45,2642.36,39.48%,2025-02-14,2025-02-20
2026-07-16 08:08:57,V20_Range_Breakout,ICICIGI.NS,1617.7,1552.99,1908.89,22.50%,2026-01-01,2026-01-15
2026-07-16 08:08:57,V20_Range_Breakout,RELAXO.NS,369.4,354.62,435.89,22.50%,2026-01-01,2026-01-15
2026-07-16 08:08:57,V20_Range_Breakout,KAJARIACER.NS,1233.6,945.5,1178.0,24.59%,2026-04-01,2026-04-15
2026-07-16 08:08:57,V20_Range_Breakout,CIPLA.NS,1432.8,1375.49,1690.7,22.50%,2026-01-01,2026-01-15
2026-07-16 08:08:57,V20_Range_Breakout,BLUESTARCO.NS,1737.4,1581.5,1921.0,21.47%,2026-04-08,2026-04-20
2026-07-16 08:08:57,V20_Range_Breakout,DIXON.NS,14439.0,12749.33,16820.51,31.93%,2025-04-09,2025-04-22
2026-07-16 08:08:57,V20_Range_Breakout,EICHERMOT.NS,7418.5,7121.76,8753.83,22.50%,2026-01-01,2026-01-15
2026-07-16 08:08:57,V20_Range_Breakout,TITAN.NS,4640.0,4454.4,5475.2,22.50%,2026-01-01,2026-01-15
2026-07-16 08:08:57,V20_Range_Breakout,DABUR.NS,431.4,414.14,509.05,22.50%,2026-01-01,2026-01-15
2026-07-16 08:08:57,V20_Range_Breakout,BAJAJFINSV.NS,1832.6,1759.3,2162.47,22.50%,2026-01-01,2026-01-15
2026-07-16 08:08:57,V20_Range_Breakout,HDFCLIFE.NS,567.15,544.46,669.24,22.50%,2026-01-01,2026-01-15
2026-07-16 08:08:57,V20_Range_Breakout,DMART.NS,3959.0,3685.1,4562.6,23.81%,2026-03-24,2026-04-06
2026-07-16 08:08:57,V20_Range_Breakout,CAMS.NS,754.55,869.97,1044.41,20.05%,2024-11-25,2024-12-05
2026-07-16 08:08:57,V20_Range_Breakout,PFIZER.NS,4702.0,4280.78,5692.32,32.97%,2025-05-19,2025-06-05
2026-07-16 08:08:57,V20_Range_Breakout,ANGELONE.NS,336.95,228.45,284.2,24.40%,2026-04-01,2026-04-09
2026-07-16 08:08:57,V20_Range_Breakout,ADANIPORTS.NS,1830.6,1757.38,2160.11,22.50%,2026-01-01,2026-01-15
2026-07-16 08:08:57,V20_Range_Breakout,LALPATHLAB.NS,1730.0,1660.8,2041.4,22.50%,2026-01-01,2026-01-15
2026-07-16 08:08:57,V20_Range_Breakout,FORTIS.NS,964.1,925.54,1137.64,22.50%,2026-01-01,2026-01-15
2026-07-16 08:08:57,V20_Range_Breakout,ICICIPRULI.NS,512.15,491.66,604.34,22.50%,2026-01-01,2026-01-15
2026-07-16 08:08:57,V20_Range_Breakout,KOTAKBANK.NS,378.25,363.12,446.33,22.50%,2026-01-01,2026-01-15
2026-07-16 08:08:57,V20_Range_Breakout,BSE.NS,3693.1,2384.72,2910.33,22.04%,2025-05-29,2025-06-05
2026-07-16 08:08:57,V20_Range_Breakout,JSWINFRA.NS,332.2,318.91,392.0,22.50%,2026-01-01,2026-01-15
2026-07-16 08:08:57,V20_Range_Breakout,HCLTECH.NS,1189.3,1141.73,1403.37,22.50%,2026-01-01,2026-01-15
2026-07-16 08:08:57,V20_Range_Breakout,TEAMLEASE.NS,1408.6,2854.65,3478.0,21.84%,2024-07-23,2024-07-29
2026-07-16 08:08:57,V20_Range_Breakout,BAJAJ-AUTO.NS,10295.5,9883.68,12148.69,22.50%,2026-01-01,2026-01-15
2026-07-16 08:08:57,V20_Range_Breakout,HINDUNILVR.NS,2107.0,2022.72,2486.26,22.50%,2026-01-01,2026-01-15
2026-07-16 08:08:57,V20_Range_Breakout,HDFCAMC.NS,2606.0,2501.76,3075.08,22.50%,2026-01-01,2026-01-15
2026-07-16 08:08:57,V20_Range_Breakout,RADICO.NS,4119.1,2710.0,3365.0,24.17%,2026-04-10,2026-04-20
2026-07-16 08:08:57,V20_Range_Breakout,ICICIBANK.NS,1407.8,1351.49,1661.2,22.50%,2026-01-01,2026-01-15
2026-07-16 08:08:57,V20_Range_Breakout,TCS.NS,2211.0,2122.56,2608.98,22.50%,2026-01-01,2026-01-15
2026-07-16 08:08:57,V20_Range_Breakout,ITC.NS,279.3,268.13,329.57,22.50%,2026-01-01,2026-01-15
2026-07-16 08:08:57,V20_Range_Breakout,QUESS.NS,291.45,240.59,302.5,25.73%,2026-06-30,2026-07-07
2026-07-16 08:08:57,V20_Range_Breakout,JIOFIN.NS,235.06,271.48,346.46,27.62%,2024-02-19,2024-02-23
2026-07-16 08:08:57,V20_Range_Breakout,PAGEIND.NS,40410.0,38793.6,47683.8,22.50%,2026-01-01,2026-01-15
2026-07-16 08:08:57,V20_Range_Breakout,BOSCHLTD.NS,41125.0,29120.0,37670.0,29.36%,2026-04-01,2026-04-10
2026-07-16 08:08:57,V20_Range_Breakout,NAM-INDIA.NS,1143.8,304.5,369.14,21.23%,2023-10-09,2023-10-13
2026-07-16 08:08:57,V20_Range_Breakout,SBIN.NS,1028.6,987.46,1213.75,22.50%,2026-01-01,2026-01-15
2026-07-16 11:38:09,V20_Range_Breakout,DIXON.NS,14507.0,12749.33,16820.51,31.93%,2025-04-09,2025-04-22
2026-07-16 11:38:09,V20_Range_Breakout,HAVELLS.NS,1170.6,1373.11,1654.06,20.46%,2025-04-07,2025-04-22
2026-07-16 11:38:09,V20_Range_Breakout,CAMS.NS,751.1,869.97,1044.41,20.05%,2024-11-25,2024-12-05
2026-07-16 11:38:09,V20_Range_Breakout,RELAXO.NS,366.65,351.98,432.65,22.50%,2026-01-01,2026-01-15
2026-07-16 11:38:09,V20_Range_Breakout,HDFCBANK.NS,808.3,775.97,953.79,22.50%,2026-01-01,2026-01-15
2026-07-16 11:38:09,V20_Range_Breakout,APOLLOHOSP.NS,8888.0,8532.48,10487.84,22.50%,2026-01-01,2026-01-15
2026-07-16 11:38:09,V20_Range_Breakout,BOSCHLTD.NS,41110.0,29120.0,37670.0,29.36%,2026-04-01,2026-04-10
2026-07-16 11:38:09,V20_Range_Breakout,KAJARIACER.NS,1241.8,945.5,1178.0,24.59%,2026-04-01,2026-04-15
2026-07-16 11:38:09,V20_Range_Breakout,BATAINDIA.NS,679.25,652.08,801.51,22.50%,2026-01-01,2026-01-15
2026-07-16 11:38:09,V20_Range_Breakout,GLAXO.NS,2506.3,1894.45,2642.36,39.48%,2025-02-14,2025-02-20
2026-07-16 11:38:09,V20_Range_Breakout,VBL.NS,466.55,394.43,474.75,20.36%,2026-04-07,2026-04-17
2026-07-16 11:38:09,V20_Range_Breakout,BAJAJ-AUTO.NS,10331.5,9918.24,12191.17,22.50%,2026-01-01,2026-01-15
2026-07-16 11:38:09,V20_Range_Breakout,TITAN.NS,4625.8,4440.77,5458.44,22.50%,2026-01-01,2026-01-15
2026-07-16 11:38:09,V20_Range_Breakout,JSWINFRA.NS,339.3,325.73,400.37,22.50%,2026-01-01,2026-01-15
2026-07-16 11:38:09,V20_Range_Breakout,ANGELONE.NS,334.8,228.45,284.2,24.40%,2026-04-01,2026-04-09
2026-07-16 11:38:09,V20_Range_Breakout,GODREJCP.NS,1057.7,1015.39,1248.09,22.50%,2026-01-01,2026-01-15
2026-07-16 11:38:09,V20_Range_Breakout,DABUR.NS,429.45,412.27,506.75,22.50%,2026-01-01,2026-01-15
2026-07-16 11:38:09,V20_Range_Breakout,INFY.NS,1082.4,1039.1,1277.23,22.50%,2026-01-01,2026-01-15
2026-07-16 11:38:09,V20_Range_Breakout,NAM-INDIA.NS,1151.5,304.5,369.14,21.23%,2023-10-09,2023-10-13
2026-07-16 11:38:09,V20_Range_Breakout,HINDUNILVR.NS,2098.4,2014.46,2476.11,22.50%,2026-01-01,2026-01-15
2026-07-16 11:38:09,V20_Range_Breakout,EICHERMOT.NS,7418.5,7121.76,8753.83,22.50%,2026-01-01,2026-01-15
2026-07-16 11:38:09,V20_Range_Breakout,HYUNDAI.NS,2025.0,1944.0,2389.5,22.50%,2026-01-01,2026-01-15
2026-07-16 11:38:09,V20_Range_Breakout,HONAUT.NS,39015.0,28540.0,36550.0,28.07%,2026-05-19,2026-05-22
2026-07-16 11:38:09,V20_Range_Breakout,ITC.NS,279.35,268.18,329.63,22.50%,2026-01-01,2026-01-15
2026-07-16 11:38:09,V20_Range_Breakout,BSE.NS,3685.0,2384.72,2910.33,22.04%,2025-05-29,2025-06-05
2026-07-16 11:38:09,V20_Range_Breakout,MRF.NS,131430.0,126172.8,155087.4,22.50%,2026-01-01,2026-01-15
2026-07-16 11:38:09,V20_Range_Breakout,ICICIPRULI.NS,508.85,488.5,600.44,22.50%,2026-01-01,2026-01-15
2026-07-16 11:38:09,V20_Range_Breakout,ADANIPORTS.NS,1826.4,1753.34,2155.15,22.50%,2026-01-01,2026-01-15
2026-07-16 11:38:09,V20_Range_Breakout,ABBOTINDIA.NS,27870.0,26755.2,32886.6,22.50%,2026-01-01,2026-01-15
2026-07-16 11:38:09,V20_Range_Breakout,DMART.NS,3950.9,3685.1,4562.6,23.81%,2026-03-24,2026-04-06
2026-07-16 11:38:09,V20_Range_Breakout,AXISBANK.NS,1307.6,1255.3,1542.97,22.50%,2026-01-01,2026-01-15
2026-07-16 11:38:09,V20_Range_Breakout,RADICO.NS,4106.0,2710.0,3365.0,24.17%,2026-04-10,2026-04-20
2026-07-16 11:38:09,V20_Range_Breakout,LT.NS,3775.6,3624.58,4455.21,22.50%,2026-01-01,2026-01-15
2026-07-16 11:38:09,V20_Range_Breakout,ICICIGI.NS,1623.8,1558.85,1916.08,22.50%,2026-01-01,2026-01-15
2026-07-16 11:38:09,V20_Range_Breakout,ICICIBANK.NS,1418.2,1361.47,1673.48,22.50%,2026-01-01,2026-01-15
2026-07-16 11:38:09,V20_Range_Breakout,BAJAJFINSV.NS,1838.6,1765.06,2169.55,22.50%,2026-01-01,2026-01-15
2026-07-16 11:38:09,V20_Range_Breakout,UNITDSPR.NS,1381.6,1326.34,1630.29,22.50%,2026-01-01,2026-01-15
2026-07-16 11:38:09,V20_Range_Breakout,HDFCLIFE.NS,567.6,544.9,669.77,22.50%,2026-01-01,2026-01-15
2026-07-16 11:38:09,V20_Range_Breakout,ACC.NS,1373.3,1318.37,1620.49,22.50%,2026-01-01,2026-01-15
2026-07-16 11:38:09,V20_Range_Breakout,TEAMLEASE.NS,1408.2,2854.65,3478.0,21.84%,2024-07-23,2024-07-29
2026-07-16 11:38:09,V20_Range_Breakout,HDFCAMC.NS,2602.2,2498.11,3070.6,22.50%,2026-01-01,2026-01-15
2026-07-16 11:38:09,V20_Range_Breakout,INDHOTEL.NS,731.45,702.19,863.11,22.50%,2026-01-01,2026-01-15
2026-07-16 11:38:09,V20_Range_Breakout,NESTLEIND.NS,1423.5,1366.56,1679.73,22.50%,2026-01-01,2026-01-15
2026-07-16 11:38:09,V20_Range_Breakout,GILLETTE.NS,7788.0,7265.28,8796.35,21.07%,2025-02-18,2025-02-20
2026-07-16 11:38:09,V20_Range_Breakout,VOLTAS.NS,1373.9,1125.16,1394.41,23.93%,2025-02-01,2025-02-03
2026-07-16 11:38:09,V20_Range_Breakout,M&M.NS,3117.8,2993.09,3679.0,22.50%,2026-01-01,2026-01-15
2026-07-16 11:38:09,V20_Range_Breakout,MARUTI.NS,13783.0,13231.68,16263.94,22.50%,2026-01-01,2026-01-15
2026-07-16 11:38:09,V20_Range_Breakout,CIPLA.NS,1429.5,1372.32,1686.81,22.50%,2026-01-01,2026-01-15
2026-07-16 11:38:09,V20_Range_Breakout,ASTRAZEN.NS,8086.0,7793.36,9998.82,28.30%,2025-05-29,2025-06-05
2026-07-16 11:38:09,V20_Range_Breakout,MARICO.NS,839.35,805.78,990.43,22.50%,2026-01-01,2026-01-15
2026-07-16 11:38:09,V20_Range_Breakout,PIDILITIND.NS,1559.6,1497.22,1840.33,22.50%,2026-01-01,2026-01-15
2026-07-16 11:38:09,V20_Range_Breakout,PAGEIND.NS,40460.0,38841.6,47742.8,22.50%,2026-01-01,2026-01-15
2026-07-16 11:38:09,V20_Range_Breakout,FORTIS.NS,963.1,924.58,1136.46,22.50%,2026-01-01,2026-01-15
2026-07-16 11:38:09,V20_Range_Breakout,LALPATHLAB.NS,1732.7,1663.39,2044.59,22.50%,2026-01-01,2026-01-15
2026-07-16 11:38:09,V20_Range_Breakout,AWL.NS,189.84,182.25,224.01,22.50%,2026-01-01,2026-01-15
2026-07-16 11:38:09,V20_Range_Breakout,JIOFIN.NS,235.65,271.48,346.46,27.62%,2024-02-19,2024-02-23
2026-07-16 11:38:09,V20_Range_Breakout,UBL.NS,1348.8,1294.85,1591.58,22.50%,2026-01-01,2026-01-15
2026-07-16 11:38:09,V20_Range_Breakout,HCLTECH.NS,1187.4,1139.9,1401.13,22.50%,2026-01-01,2026-01-15
2026-07-16 11:38:09,V20_Range_Breakout,KOTAKBANK.NS,377.15,362.06,445.04,22.50%,2026-01-01,2026-01-15
2026-07-16 11:38:09,V20_Range_Breakout,BAJFINANCE.NS,1037.6,996.1,1224.37,22.50%,2026-01-01,2026-01-15
2026-07-16 11:38:09,V20_Range_Breakout,MCX.NS,2815.5,903.55,1187.07,31.38%,2025-04-07,2025-04-21
2026-07-16 11:38:09,V20_Range_Breakout,SBIN.NS,1031.2,989.95,1216.82,22.50%,2026-01-01,2026-01-15
2026-07-16 11:38:09,V20_Range_Breakout,ASIANPAINT.NS,2674.7,2567.71,3156.15,22.50%,2026-01-01,2026-01-15
2026-07-16 11:38:09,V20_Range_Breakout,ULTRACEMCO.NS,11771.0,11300.16,13889.78,22.50%,2026-01-01,2026-01-15
2026-07-16 11:38:09,V20_Range_Breakout,MEDANTA.NS,1332.2,1009.64,1259.55,24.75%,2025-04-07,2025-04-08
2026-07-16 11:38:09,V20_Range_Breakout,BLUESTARCO.NS,1741.7,1581.5,1921.0,21.47%,2026-04-08,2026-04-20
2026-07-16 11:38:09,V20_Range_Breakout,PGHH.NS,8782.0,8430.72,10362.76,22.50%,2026-01-01,2026-01-15
2026-07-16 11:38:09,V20_Range_Breakout,PFIZER.NS,4697.8,4280.78,5692.32,32.97%,2025-05-19,2025-06-05
2026-07-16 11:38:09,V20_Range_Breakout,SANOFI.NS,3410.1,5620.1,10037.9,78.61%,2024-06-07,2024-06-13
2026-07-16 11:38:09,V20_Range_Breakout,QUESS.NS,293.5,240.59,302.5,25.73%,2026-06-30,2026-07-07
2026-07-16 11:38:09,V20_Range_Breakout,ERIS.NS,1488.4,1091.34,1389.64,27.33%,2025-04-07,2025-04-11
2026-07-16 11:38:09,V20_Range_Breakout,CDSL.NS,1410.5,1354.08,1664.39,22.50%,2026-01-01,2026-01-15
2026-07-16 11:38:09,V20_Range_Breakout,TCS.NS,2201.0,2112.96,2597.18,22.50%,2026-01-01,2026-01-15
2026-07-16 11:38:09,V20_Range_Breakout,RELIANCE.NS,1296.6,1244.74,1529.99,22.50%,2026-01-01,2026-01-15
2026-07-16 11:38:09,V20_Range_Breakout,COLPAL.NS,2001.1,1921.06,2361.3,22.50%,2026-01-01,2026-01-15
2026-07-17 08:06:19,V20_Range_Breakout,ABBOTINDIA.NS,27800.0,26688.0,32804.0,22.50%,2026-01-01,2026-01-15
2026-07-17 08:06:19,V20_Range_Breakout,MARICO.NS,840.85,807.22,992.2,22.50%,2026-01-01,2026-01-15
2026-07-17 08:06:19,V20_Range_Breakout,HDFCLIFE.NS,570.0,547.2,672.6,22.50%,2026-01-01,2026-01-15
2026-07-17 08:06:19,V20_Range_Breakout,SBIN.NS,1040.1,998.5,1227.32,22.50%,2026-01-01,2026-01-15
2026-07-17 08:06:19,V20_Range_Breakout,INDHOTEL.NS,729.3,700.13,860.57,22.50%,2026-01-01,2026-01-15
2026-07-17 08:06:19,V20_Range_Breakout,TEAMLEASE.NS,1426.6,2854.65,3478.0,21.84%,2024-07-23,2024-07-29
2026-07-17 08:06:19,V20_Range_Breakout,APOLLOHOSP.NS,8805.0,8452.8,10389.9,22.50%,2026-01-01,2026-01-15
2026-07-17 08:06:19,V20_Range_Breakout,RELIANCE.NS,1322.8,1269.89,1560.9,22.50%,2026-01-01,2026-01-15
2026-07-17 08:06:19,V20_Range_Breakout,RADICO.NS,4098.9,2710.0,3365.0,24.17%,2026-04-10,2026-04-20
2026-07-17 08:06:19,V20_Range_Breakout,GLAXO.NS,2438.6,1894.45,2642.36,39.48%,2025-02-14,2025-02-20
2026-07-17 08:06:19,V20_Range_Breakout,JIOFIN.NS,243.74,271.48,346.46,27.62%,2024-02-19,2024-02-23
2026-07-17 08:06:19,V20_Range_Breakout,CDSL.NS,1405.8,1349.57,1658.84,22.50%,2026-01-01,2026-01-15
2026-07-17 08:06:19,V20_Range_Breakout,BATAINDIA.NS,694.0,666.24,818.92,22.50%,2026-01-01,2026-01-15
2026-07-17 08:06:19,V20_Range_Breakout,BAJAJFINSV.NS,1851.2,1777.15,2184.42,22.50%,2026-01-01,2026-01-15
2026-07-17 08:06:19,V20_Range_Breakout,MARUTI.NS,13778.0,13226.88,16258.04,22.50%,2026-01-01,2026-01-15
2026-07-17 08:06:19,V20_Range_Breakout,ANGELONE.NS,327.9,228.45,284.2,24.40%,2026-04-01,2026-04-09
2026-07-17 08:06:19,V20_Range_Breakout,VBL.NS,462.25,394.43,474.75,20.36%,2026-04-07,2026-04-17
2026-07-17 08:06:19,V20_Range_Breakout,PIDILITIND.NS,1560.0,1497.6,1840.8,22.50%,2026-01-01,2026-01-15
2026-07-17 08:06:19,V20_Range_Breakout,LALPATHLAB.NS,1696.2,1628.35,2001.52,22.50%,2026-01-01,2026-01-15
2026-07-17 08:06:19,V20_Range_Breakout,ASTRAZEN.NS,8055.0,7793.36,9998.82,28.30%,2025-05-29,2025-06-05
2026-07-17 08:06:19,V20_Range_Breakout,HDFCAMC.NS,2643.6,2537.86,3119.45,22.50%,2026-01-01,2026-01-15
2026-07-17 08:06:19,V20_Range_Breakout,KAJARIACER.NS,1234.8,945.5,1178.0,24.59%,2026-04-01,2026-04-15
2026-07-17 08:06:19,V20_Range_Breakout,FORTIS.NS,950.5,912.48,1121.59,22.50%,2026-01-01,2026-01-15
2026-07-17 08:06:19,V20_Range_Breakout,HAVELLS.NS,1179.0,1373.11,1654.06,20.46%,2025-04-07,2025-04-22
2026-07-17 08:06:19,V20_Range_Breakout,RELAXO.NS,436.9,363.7,437.4,20.26%,2026-07-17,2026-07-17
2026-07-17 08:06:19,V20_Range_Breakout,ACC.NS,1363.9,1309.34,1609.4,22.50%,2026-01-01,2026-01-15
2026-07-17 08:06:19,V20_Range_Breakout,GODREJCP.NS,1066.1,1023.46,1258.0,22.50%,2026-01-01,2026-01-15
2026-07-17 08:06:19,V20_Range_Breakout,CIPLA.NS,1411.0,1354.56,1664.98,22.50%,2026-01-01,2026-01-15
2026-07-17 08:06:19,V20_Range_Breakout,ADANIPORTS.NS,1839.8,1766.21,2170.96,22.50%,2026-01-01,2026-01-15
2026-07-17 08:06:19,V20_Range_Breakout,HDFCBANK.NS,818.1,785.38,965.36,22.50%,2026-01-01,2026-01-15
2026-07-17 08:06:19,V20_Range_Breakout,PGHH.NS,8728.5,8379.36,10299.63,22.50%,2026-01-01,2026-01-15
2026-07-17 08:06:19,V20_Range_Breakout,BLUESTARCO.NS,1709.3,1581.5,1921.0,21.47%,2026-04-08,2026-04-20
2026-07-17 08:06:19,V20_Range_Breakout,ITC.NS,280.8,269.57,331.34,22.50%,2026-01-01,2026-01-15
2026-07-17 08:06:19,V20_Range_Breakout,BOSCHLTD.NS,40950.0,29120.0,37670.0,29.36%,2026-04-01,2026-04-10
2026-07-17 08:06:19,V20_Range_Breakout,AXISBANK.NS,1320.6,1267.78,1558.31,22.50%,2026-01-01,2026-01-15
2026-07-17 08:06:19,V20_Range_Breakout,MCX.NS,2734.6,903.55,1187.07,31.38%,2025-04-07,2025-04-21
2026-07-17 08:06:19,V20_Range_Breakout,ERIS.NS,1452.0,1091.34,1389.64,27.33%,2025-04-07,2025-04-11
2026-07-17 08:06:19,V20_Range_Breakout,ICICIPRULI.NS,503.2,483.07,593.78,22.50%,2026-01-01,2026-01-15
2026-07-17 08:06:19,V20_Range_Breakout,EICHERMOT.NS,7547.0,7245.12,8905.46,22.50%,2026-01-01,2026-01-15
2026-07-17 08:06:19,V20_Range_Breakout,BAJAJ-AUTO.NS,10420.0,10003.2,12295.6,22.50%,2026-01-01,2026-01-15
2026-07-17 08:06:19,V20_Range_Breakout,MEDANTA.NS,1316.1,1009.64,1259.55,24.75%,2025-04-07,2025-04-08
2026-07-17 08:06:19,V20_Range_Breakout,VOLTAS.NS,1363.8,1125.16,1394.41,23.93%,2025-02-01,2025-02-03
2026-07-17 08:06:19,V20_Range_Breakout,PFIZER.NS,4592.3,4280.78,5692.32,32.97%,2025-05-19,2025-06-05
2026-07-17 08:06:19,V20_Range_Breakout,NESTLEIND.NS,1419.0,1362.24,1674.42,22.50%,2026-01-01,2026-01-15
2026-07-17 08:06:19,V20_Range_Breakout,ASIANPAINT.NS,2683.6,2576.26,3166.65,22.50%,2026-01-01,2026-01-15
2026-07-17 08:06:19,V20_Range_Breakout,CAMS.NS,753.9,869.97,1044.41,20.05%,2024-11-25,2024-12-05
2026-07-17 08:06:19,V20_Range_Breakout,ULTRACEMCO.NS,11738.0,11268.48,13850.84,22.50%,2026-01-01,2026-01-15
2026-07-17 08:06:19,V20_Range_Breakout,HCLTECH.NS,1205.0,1156.8,1421.9,22.50%,2026-01-01,2026-01-15
2026-07-17 08:06:19,V20_Range_Breakout,ICICIGI.NS,1603.2,1539.07,1891.78,22.50%,2026-01-01,2026-01-15
2026-07-17 08:06:19,V20_Range_Breakout,KOTAKBANK.NS,385.15,369.74,454.48,22.50%,2026-01-01,2026-01-15
2026-07-17 08:06:19,V20_Range_Breakout,INFY.NS,1100.4,1056.38,1298.47,22.50%,2026-01-01,2026-01-15
2026-07-17 08:06:19,V20_Range_Breakout,BAJFINANCE.NS,1052.8,1010.69,1242.3,22.50%,2026-01-01,2026-01-15
2026-07-17 08:06:19,V20_Range_Breakout,HYUNDAI.NS,1980.7,1901.47,2337.23,22.50%,2026-01-01,2026-01-15
2026-07-17 08:06:19,V20_Range_Breakout,LT.NS,3798.4,3646.46,4482.11,22.50%,2026-01-01,2026-01-15
2026-07-17 08:06:19,V20_Range_Breakout,TCS.NS,2271.0,2180.16,2679.78,22.50%,2026-01-01,2026-01-15
2026-07-17 08:06:19,V20_Range_Breakout,DIXON.NS,14450.0,12749.33,16820.51,31.93%,2025-04-09,2025-04-22
2026-07-17 08:06:19,V20_Range_Breakout,PAGEIND.NS,39820.0,38227.2,46987.6,22.50%,2026-01-01,2026-01-15
2026-07-17 08:06:19,V20_Range_Breakout,ICICIBANK.NS,1435.5,1378.08,1693.89,22.50%,2026-01-01,2026-01-15
2026-07-17 08:06:19,V20_Range_Breakout,HONAUT.NS,38745.0,28540.0,36550.0,28.07%,2026-05-19,2026-05-22
2026-07-17 08:06:19,V20_Range_Breakout,M&M.NS,3173.6,3046.66,3744.85,22.50%,2026-01-01,2026-01-15
2026-07-17 08:06:19,V20_Range_Breakout,UBL.NS,1338.0,1284.48,1578.84,22.50%,2026-01-01,2026-01-15
2026-07-17 08:06:19,V20_Range_Breakout,TITAN.NS,4634.0,4448.64,5468.12,22.50%,2026-01-01,2026-01-15
2026-07-17 08:06:19,V20_Range_Breakout,GILLETTE.NS,7771.0,7265.28,8796.35,21.07%,2025-02-18,2025-02-20
2026-07-17 08:06:19,V20_Range_Breakout,DABUR.NS,426.4,409.34,503.15,22.50%,2026-01-01,2026-01-15
2026-07-17 08:06:19,V20_Range_Breakout,DMART.NS,3955.6,3685.1,4562.6,23.81%,2026-03-24,2026-04-06
2026-07-17 08:06:19,V20_Range_Breakout,NAM-INDIA.NS,1183.6,304.5,369.14,21.23%,2023-10-09,2023-10-13
2026-07-17 08:06:19,V20_Range_Breakout,COLPAL.NS,2019.0,1938.24,2382.42,22.50%,2026-01-01,2026-01-15
2026-07-17 08:06:19,V20_Range_Breakout,UNITDSPR.NS,1377.1,1322.02,1624.98,22.50%,2026-01-01,2026-01-15
2026-07-17 08:06:19,V20_Range_Breakout,HINDUNILVR.NS,2137.0,2051.52,2521.66,22.50%,2026-01-01,2026-01-15
2026-07-17 08:06:19,V20_Range_Breakout,MRF.NS,130540.0,125318.4,154037.2,22.50%,2026-01-01,2026-01-15
2026-07-17 08:06:19,V20_Range_Breakout,AWL.NS,188.99,181.43,223.01,22.50%,2026-01-01,2026-01-15
2026-07-17 08:06:19,V20_Range_Breakout,JSWINFRA.NS,339.6,326.02,400.73,22.50%,2026-01-01,2026-01-15
2026-07-17 08:06:19,V20_Range_Breakout,QUESS.NS,288.65,240.59,302.5,25.73%,2026-06-30,2026-07-07
2026-07-17 08:06:19,V20_Range_Breakout,SANOFI.NS,3399.9,5620.1,10037.9,78.61%,2024-06-07,2024-06-13
2026-07-17 08:06:19,V20_Range_Breakout,BSE.NS,3586.0,2384.72,2910.33,22.04%,2025-05-29,2025-06-05
2026-07-17 11:19:59,V20_Range_Breakout,CAMS.NS,751.1,869.97,1044.41,20.05%,2024-11-25,2024-12-05
2026-07-17 11:19:59,V20_Range_Breakout,M&M.NS,3179.2,3052.03,3751.46,22.50%,2026-01-01,2026-01-15
2026-07-17 11:19:59,V20_Range_Breakout,HINDUNILVR.NS,2143.8,2058.05,2529.68,22.50%,2026-01-01,2026-01-15
2026-07-17 11:19:59,V20_Range_Breakout,PAGEIND.NS,39900.0,38304.0,47082.0,22.50%,2026-01-01,2026-01-15
2026-07-17 11:19:59,V20_Range_Breakout,UBL.NS,1339.7,1286.11,1580.85,22.50%,2026-01-01,2026-01-15
2026-07-17 11:19:59,V20_Range_Breakout,HDFCLIFE.NS,563.65,541.1,665.11,22.50%,2026-01-01,2026-01-15
2026-07-17 11:19:59,V20_Range_Breakout,ICICIBANK.NS,1444.3,1386.53,1704.27,22.50%,2026-01-01,2026-01-15
2026-07-17 11:19:59,V20_Range_Breakout,APOLLOHOSP.NS,8826.0,8472.96,10414.68,22.50%,2026-01-01,2026-01-15
2026-07-17 11:19:59,V20_Range_Breakout,RADICO.NS,4097.9,2710.0,3365.0,24.17%,2026-04-10,2026-04-20
2026-07-17 11:19:59,V20_Range_Breakout,ASTRAZEN.NS,8023.5,7793.36,9998.82,28.30%,2025-05-29,2025-06-05
2026-07-17 11:19:59,V20_Range_Breakout,EICHERMOT.NS,7563.5,7260.96,8924.93,22.50%,2026-01-01,2026-01-15
2026-07-17 11:19:59,V20_Range_Breakout,ASIANPAINT.NS,2689.0,2581.44,3173.02,22.50%,2026-01-01,2026-01-15
2026-07-17 11:19:59,V20_Range_Breakout,DIXON.NS,14329.0,12749.33,16820.51,31.93%,2025-04-09,2025-04-22
2026-07-17 11:19:59,V20_Range_Breakout,ERIS.NS,1455.4,1091.34,1389.64,27.33%,2025-04-07,2025-04-11
2026-07-17 11:19:59,V20_Range_Breakout,GLAXO.NS,2454.8,1894.45,2642.36,39.48%,2025-02-14,2025-02-20
2026-07-17 11:19:59,V20_Range_Breakout,BAJFINANCE.NS,1056.3,1014.05,1246.43,22.50%,2026-01-01,2026-01-15
2026-07-17 11:19:59,V20_Range_Breakout,MARUTI.NS,13803.0,13250.88,16287.54,22.50%,2026-01-01,2026-01-15
2026-07-17 11:19:59,V20_Range_Breakout,BLUESTARCO.NS,1686.9,1573.78,1911.62,21.47%,2026-04-08,2026-04-20
2026-07-17 11:19:59,V20_Range_Breakout,TITAN.NS,4638.1,4452.58,5472.96,22.50%,2026-01-01,2026-01-15
2026-07-17 11:19:59,V20_Range_Breakout,CIPLA.NS,1418.7,1361.95,1674.07,22.50%,2026-01-01,2026-01-15
2026-07-17 11:19:59,V20_Range_Breakout,MEDANTA.NS,1316.9,1009.64,1259.55,24.75%,2025-04-07,2025-04-08
2026-07-17 11:19:59,V20_Range_Breakout,QUESS.NS,290.95,240.59,302.5,25.73%,2026-06-30,2026-07-07
2026-07-17 11:19:59,V20_Range_Breakout,LALPATHLAB.NS,1687.4,1619.9,1991.13,22.50%,2026-01-01,2026-01-15
2026-07-17 11:19:59,V20_Range_Breakout,ABBOTINDIA.NS,28055.0,26932.8,33104.9,22.50%,2026-01-01,2026-01-15
2026-07-17 11:19:59,V20_Range_Breakout,AWL.NS,188.66,181.11,222.62,22.50%,2026-01-01,2026-01-15
2026-07-17 11:19:59,V20_Range_Breakout,FORTIS.NS,952.45,914.35,1123.89,22.50%,2026-01-01,2026-01-15
2026-07-17 11:19:59,V20_Range_Breakout,HDFCAMC.NS,2651.2,2545.15,3128.42,22.50%,2026-01-01,2026-01-15
2026-07-17 11:19:59,V20_Range_Breakout,KAJARIACER.NS,1239.5,945.5,1178.0,24.59%,2026-04-01,2026-04-15
2026-07-17 11:19:59,V20_Range_Breakout,COLPAL.NS,2042.4,1960.7,2410.03,22.50%,2026-01-01,2026-01-15
2026-07-17 11:19:59,V20_Range_Breakout,ICICIPRULI.NS,497.15,477.26,586.64,22.50%,2026-01-01,2026-01-15
2026-07-17 11:19:59,V20_Range_Breakout,BSE.NS,3581.8,2384.72,2910.33,22.04%,2025-05-29,2025-06-05
2026-07-17 11:19:59,V20_Range_Breakout,DABUR.NS,427.2,410.11,504.1,22.50%,2026-01-01,2026-01-15
2026-07-17 11:19:59,V20_Range_Breakout,BAJAJFINSV.NS,1854.0,1779.84,2187.72,22.50%,2026-01-01,2026-01-15
2026-07-17 11:19:59,V20_Range_Breakout,KOTAKBANK.NS,389.95,374.35,460.14,22.50%,2026-01-01,2026-01-15
2026-07-17 11:19:59,V20_Range_Breakout,VBL.NS,463.35,394.43,474.75,20.36%,2026-04-07,2026-04-17
2026-07-17 11:19:59,V20_Range_Breakout,VOLTAS.NS,1342.4,1125.16,1394.41,23.93%,2025-02-01,2025-02-03
2026-07-17 11:19:59,V20_Range_Breakout,MRF.NS,130695.0,125467.2,154220.1,22.50%,2026-01-01,2026-01-15
2026-07-17 11:19:59,V20_Range_Breakout,ADANIPORTS.NS,1837.4,1763.9,2168.13,22.50%,2026-01-01,2026-01-15
2026-07-17 11:19:59,V20_Range_Breakout,RELIANCE.NS,1327.2,1274.11,1566.1,22.50%,2026-01-01,2026-01-15
2026-07-17 11:19:59,V20_Range_Breakout,PGHH.NS,8720.5,8371.68,10290.19,22.50%,2026-01-01,2026-01-15
2026-07-17 11:19:59,V20_Range_Breakout,BOSCHLTD.NS,40855.0,29120.0,37670.0,29.36%,2026-04-01,2026-04-10
2026-07-17 11:19:59,V20_Range_Breakout,SBIN.NS,1044.3,1002.53,1232.27,22.50%,2026-01-01,2026-01-15
2026-07-17 11:19:59,V20_Range_Breakout,ACC.NS,1377.7,1322.59,1625.69,22.50%,2026-01-01,2026-01-15
2026-07-17 11:19:59,V20_Range_Breakout,BAJAJ-AUTO.NS,10443.0,10025.28,12322.74,22.50%,2026-01-01,2026-01-15
2026-07-17 11:19:59,V20_Range_Breakout,UNITDSPR.NS,1375.8,1320.77,1623.44,22.50%,2026-01-01,2026-01-15
2026-07-17 11:19:59,V20_Range_Breakout,JSWINFRA.NS,342.15,328.46,403.74,22.50%,2026-01-01,2026-01-15
2026-07-17 11:19:59,V20_Range_Breakout,HONAUT.NS,38955.0,28459.53,36446.95,28.07%,2026-05-19,2026-05-22
2026-07-17 11:19:59,V20_Range_Breakout,ULTRACEMCO.NS,11727.0,11257.92,13837.86,22.50%,2026-01-01,2026-01-15
2026-07-17 11:19:59,V20_Range_Breakout,AXISBANK.NS,1328.5,1275.36,1567.63,22.50%,2026-01-01,2026-01-15
2026-07-17 11:19:59,V20_Range_Breakout,HCLTECH.NS,1203.9,1155.74,1420.6,22.50%,2026-01-01,2026-01-15
2026-07-17 11:19:59,V20_Range_Breakout,PIDILITIND.NS,1566.1,1503.46,1848.0,22.50%,2026-01-01,2026-01-15
2026-07-17 11:19:59,V20_Range_Breakout,HDFCBANK.NS,819.6,786.82,967.13,22.50%,2026-01-01,2026-01-15
2026-07-17 11:19:59,V20_Range_Breakout,LT.NS,3814.5,3661.92,4501.11,22.50%,2026-01-01,2026-01-15
2026-07-17 11:19:59,V20_Range_Breakout,ICICIGI.NS,1612.2,1547.71,1902.4,22.50%,2026-01-01,2026-01-15
2026-07-17 11:19:59,V20_Range_Breakout,GILLETTE.NS,7810.0,7265.28,8796.35,21.07%,2025-02-18,2025-02-20
2026-07-17 11:19:59,V20_Range_Breakout,PFIZER.NS,4566.9,4212.44,5601.44,32.97%,2025-05-19,2025-06-05
2026-07-17 11:19:59,V20_Range_Breakout,NAM-INDIA.NS,1186.5,304.5,369.14,21.23%,2023-10-09,2023-10-13
2026-07-17 11:19:59,V20_Range_Breakout,BATAINDIA.NS,693.4,665.66,818.21,22.50%,2026-01-01,2026-01-15
2026-07-17 11:19:59,V20_Range_Breakout,JIOFIN.NS,242.98,271.48,346.46,27.62%,2024-02-19,2024-02-23
2026-07-17 11:19:59,V20_Range_Breakout,SANOFI.NS,3414.2,5620.1,10037.9,78.61%,2024-06-07,2024-06-13
2026-07-17 11:19:59,V20_Range_Breakout,INDHOTEL.NS,727.9,698.78,858.92,22.50%,2026-01-01,2026-01-15
2026-07-17 11:19:59,V20_Range_Breakout,TCS.NS,2269.0,2178.24,2677.42,22.50%,2026-01-01,2026-01-15
2026-07-17 11:19:59,V20_Range_Breakout,INFY.NS,1096.5,1052.64,1293.87,22.50%,2026-01-01,2026-01-15
2026-07-17 11:19:59,V20_Range_Breakout,DMART.NS,3951.9,3685.1,4562.6,23.81%,2026-03-24,2026-04-06
2026-07-17 11:19:59,V20_Range_Breakout,ANGELONE.NS,328.95,228.45,284.2,24.40%,2026-04-01,2026-04-09
2026-07-17 11:19:59,V20_Range_Breakout,HAVELLS.NS,1187.3,1373.11,1654.06,20.46%,2025-04-07,2025-04-22
2026-07-17 11:19:59,V20_Range_Breakout,NESTLEIND.NS,1427.2,1370.11,1684.1,22.50%,2026-01-01,2026-01-15
2026-07-17 11:19:59,V20_Range_Breakout,MCX.NS,2747.5,903.55,1187.07,31.38%,2025-04-07,2025-04-21
2026-07-17 11:19:59,V20_Range_Breakout,MARICO.NS,844.0,810.24,995.92,22.50%,2026-01-01,2026-01-15
2026-07-17 11:19:59,V20_Range_Breakout,TEAMLEASE.NS,1428.6,2854.65,3478.0,21.84%,2024-07-23,2024-07-29
2026-07-17 11:19:59,V20_Range_Breakout,CDSL.NS,1418.2,1361.47,1673.48,22.50%,2026-01-01,2026-01-15
2026-07-17 11:19:59,V20_Range_Breakout,RELAXO.NS,439.95,363.7,439.95,20.97%,2026-07-17,2026-07-17
2026-07-17 11:19:59,V20_Range_Breakout,HYUNDAI.NS,1993.3,1913.57,2352.09,22.50%,2026-01-01,2026-01-15
2026-07-17 11:19:59,V20_Range_Breakout,ITC.NS,280.7,269.47,331.23,22.50%,2026-01-01,2026-01-15
2026-07-17 11:19:59,V20_Range_Breakout,GODREJCP.NS,1071.9,1029.02,1264.84,22.50%,2026-01-01,2026-01-15
2026-07-20 08:53:53,V20_Range_Breakout,UNITDSPR.NS,1385.9,1330.46,1635.36,22.50%,2026-01-01,2026-01-15
2026-07-20 08:53:53,V20_Range_Breakout,DIXON.NS,14558.0,12749.33,16820.51,31.93%,2025-04-09,2025-04-22
2026-07-20 08:53:53,V20_Range_Breakout,KAJARIACER.NS,1239.1,945.5,1178.0,24.59%,2026-04-01,2026-04-15
2026-07-20 08:53:53,V20_Range_Breakout,RELIANCE.NS,1326.0,1272.96,1564.68,22.50%,2026-01-01,2026-01-15
2026-07-20 08:53:53,V20_Range_Breakout,INDHOTEL.NS,722.7,693.79,852.79,22.50%,2026-01-01,2026-01-15
2026-07-20 08:53:53,V20_Range_Breakout,AXISBANK.NS,1258.4,1208.06,1484.91,22.50%,2026-01-01,2026-01-15
2026-07-20 08:53:53,V20_Range_Breakout,QUESS.NS,293.7,240.59,302.5,25.73%,2026-06-30,2026-07-07
2026-07-20 08:53:53,V20_Range_Breakout,ASTRAZEN.NS,8103.5,7793.36,9998.82,28.30%,2025-05-29,2025-06-05
2026-07-20 08:53:53,V20_Range_Breakout,CAMS.NS,769.15,869.97,1044.41,20.05%,2024-11-25,2024-12-05
2026-07-20 08:53:53,V20_Range_Breakout,BATAINDIA.NS,702.85,674.74,829.36,22.50%,2026-01-01,2026-01-15
2026-07-20 08:53:53,V20_Range_Breakout,KOTAKBANK.NS,383.05,367.73,452.0,22.50%,2026-01-01,2026-01-15
2026-07-20 08:53:53,V20_Range_Breakout,ICICIBANK.NS,1461.2,1402.75,1724.22,22.50%,2026-01-01,2026-01-15
2026-07-20 08:53:53,V20_Range_Breakout,JSWINFRA.NS,348.55,334.61,411.29,22.50%,2026-01-01,2026-01-15
2026-07-20 08:53:53,V20_Range_Breakout,TEAMLEASE.NS,1398.3,2854.65,3478.0,21.84%,2024-07-23,2024-07-29
2026-07-20 08:53:53,V20_Range_Breakout,BAJAJFINSV.NS,1863.7,1789.15,2199.17,22.50%,2026-01-01,2026-01-15
2026-07-20 08:53:53,V20_Range_Breakout,DABUR.NS,426.4,409.34,503.15,22.50%,2026-01-01,2026-01-15
2026-07-20 08:53:53,V20_Range_Breakout,ERIS.NS,1465.8,1091.34,1389.64,27.33%,2025-04-07,2025-04-11
2026-07-20 08:53:53,V20_Range_Breakout,M&M.NS,3163.9,3037.34,3733.4,22.50%,2026-01-01,2026-01-15
2026-07-20 08:53:53,V20_Range_Breakout,JIOFIN.NS,238.98,271.48,346.46,27.62%,2024-02-19,2024-02-23
2026-07-20 08:53:53,V20_Range_Breakout,HDFCLIFE.NS,564.5,541.92,666.11,22.50%,2026-01-01,2026-01-15
2026-07-20 08:53:53,V20_Range_Breakout,INFY.NS,1089.8,1046.21,1285.96,22.50%,2026-01-01,2026-01-15
2026-07-20 08:53:53,V20_Range_Breakout,ADANIPORTS.NS,1848.4,1774.46,2181.11,22.50%,2026-01-01,2026-01-15
2026-07-20 08:53:53,V20_Range_Breakout,EICHERMOT.NS,7552.0,7249.92,8911.36,22.50%,2026-01-01,2026-01-15
2026-07-20 08:53:53,V20_Range_Breakout,BAJFINANCE.NS,1066.5,1023.84,1258.47,22.50%,2026-01-01,2026-01-15
2026-07-20 08:53:53,V20_Range_Breakout,HINDUNILVR.NS,2136.4,2050.94,2520.95,22.50%,2026-01-01,2026-01-15
2026-07-20 08:53:53,V20_Range_Breakout,ABBOTINDIA.NS,28285.0,27153.6,33376.3,22.50%,2026-01-01,2026-01-15
2026-07-20 08:53:53,V20_Range_Breakout,DMART.NS,3977.7,3685.1,4562.6,23.81%,2026-03-24,2026-04-06
2026-07-20 08:53:53,V20_Range_Breakout,ULTRACEMCO.NS,11915.0,11438.4,14059.7,22.50%,2026-01-01,2026-01-15
2026-07-20 08:53:53,V20_Range_Breakout,PFIZER.NS,4553.6,4212.44,5601.44,32.97%,2025-05-19,2025-06-05
2026-07-20 08:53:53,V20_Range_Breakout,TCS.NS,2254.0,2163.84,2659.72,22.50%,2026-01-01,2026-01-15
2026-07-20 08:53:53,V20_Range_Breakout,MARUTI.NS,13451.0,12912.96,15872.18,22.50%,2026-01-01,2026-01-15
2026-07-20 08:53:53,V20_Range_Breakout,ICICIGI.NS,1620.2,1555.39,1911.84,22.50%,2026-01-01,2026-01-15
2026-07-20 08:53:53,V20_Range_Breakout,COLPAL.NS,2115.0,2030.4,2495.7,22.50%,2026-01-01,2026-01-15
2026-07-20 08:53:53,V20_Range_Breakout,FORTIS.NS,956.75,918.48,1128.96,22.50%,2026-01-01,2026-01-15
2026-07-20 08:53:53,V20_Range_Breakout,CDSL.NS,1390.0,1334.4,1640.2,22.50%,2026-01-01,2026-01-15
2026-07-20 08:53:53,V20_Range_Breakout,BOSCHLTD.NS,40840.0,29120.0,37670.0,29.36%,2026-04-01,2026-04-10
2026-07-20 08:53:53,V20_Range_Breakout,LT.NS,3844.0,3690.24,4535.92,22.50%,2026-01-01,2026-01-15
2026-07-20 08:53:53,V20_Range_Breakout,GODREJCP.NS,1065.0,1022.4,1256.7,22.50%,2026-01-01,2026-01-15
2026-07-20 08:53:53,V20_Range_Breakout,ANGELONE.NS,327.0,228.45,284.2,24.40%,2026-04-01,2026-04-09
2026-07-20 08:53:53,V20_Range_Breakout,HDFCAMC.NS,2641.2,2535.55,3116.62,22.50%,2026-01-01,2026-01-15
2026-07-20 08:53:53,V20_Range_Breakout,MCX.NS,2832.2,903.55,1187.07,31.38%,2025-04-07,2025-04-21
2026-07-20 08:53:53,V20_Range_Breakout,PGHH.NS,8725.0,8376.0,10295.5,22.50%,2026-01-01,2026-01-15
2026-07-20 08:53:53,V20_Range_Breakout,ITC.NS,282.3,271.01,333.11,22.50%,2026-01-01,2026-01-15
2026-07-20 08:53:53,V20_Range_Breakout,SANOFI.NS,3386.0,5620.1,10037.9,78.61%,2024-06-07,2024-06-13
2026-07-20 08:53:53,V20_Range_Breakout,HCLTECH.NS,1218.9,1170.14,1438.3,22.50%,2026-01-01,2026-01-15
2026-07-20 08:53:53,V20_Range_Breakout,APOLLOHOSP.NS,8899.0,8543.04,10500.82,22.50%,2026-01-01,2026-01-15
2026-07-20 08:53:53,V20_Range_Breakout,VBL.NS,465.65,394.43,474.75,20.36%,2026-04-07,2026-04-17
2026-07-20 08:53:53,V20_Range_Breakout,ACC.NS,1380.2,1324.99,1628.64,22.50%,2026-01-01,2026-01-15
2026-07-20 08:53:53,V20_Range_Breakout,SBIN.NS,1058.8,1016.45,1249.38,22.50%,2026-01-01,2026-01-15
2026-07-20 08:53:53,V20_Range_Breakout,RADICO.NS,4155.5,2710.0,3365.0,24.17%,2026-04-10,2026-04-20
2026-07-20 08:53:53,V20_Range_Breakout,BAJAJ-AUTO.NS,10480.0,10060.8,12366.4,22.50%,2026-01-01,2026-01-15
2026-07-20 08:53:53,V20_Range_Breakout,PAGEIND.NS,40355.0,38740.8,47618.9,22.50%,2026-01-01,2026-01-15
2026-07-20 08:53:53,V20_Range_Breakout,GLAXO.NS,2473.3,1894.45,2642.36,39.48%,2025-02-14,2025-02-20
2026-07-20 08:53:53,V20_Range_Breakout,HYUNDAI.NS,1975.0,1896.0,2330.5,22.50%,2026-01-01,2026-01-15
2026-07-20 08:53:53,V20_Range_Breakout,PIDILITIND.NS,1565.4,1502.78,1847.17,22.50%,2026-01-01,2026-01-15
2026-07-20 08:53:53,V20_Range_Breakout,CIPLA.NS,1449.0,1391.04,1709.82,22.50%,2026-01-01,2026-01-15
2026-07-20 08:53:53,V20_Range_Breakout,RELAXO.NS,441.3,363.7,439.95,20.97%,2026-07-17,2026-07-17
2026-07-20 08:53:53,V20_Range_Breakout,HAVELLS.NS,1197.5,1373.11,1654.06,20.46%,2025-04-07,2025-04-22
2026-07-20 08:53:53,V20_Range_Breakout,HONAUT.NS,38245.0,28459.53,36446.95,28.07%,2026-05-19,2026-05-22
2026-07-20 08:53:53,V20_Range_Breakout,MEDANTA.NS,1322.9,1009.64,1259.55,24.75%,2025-04-07,2025-04-08
2026-07-20 08:53:53,V20_Range_Breakout,MARICO.NS,856.4,822.14,1010.55,22.50%,2026-01-01,2026-01-15
2026-07-20 08:53:53,V20_Range_Breakout,ASIANPAINT.NS,2685.4,2577.98,3168.77,22.50%,2026-01-01,2026-01-15
2026-07-20 08:53:53,V20_Range_Breakout,TITAN.NS,4643.0,4457.28,5478.74,22.50%,2026-01-01,2026-01-15
2026-07-20 08:53:53,V20_Range_Breakout,BSE.NS,3658.0,2384.72,2910.33,22.04%,2025-05-29,2025-06-05
2026-07-20 08:53:53,V20_Range_Breakout,ICICIPRULI.NS,498.2,478.27,587.88,22.50%,2026-01-01,2026-01-15
2026-07-20 08:53:53,V20_Range_Breakout,NAM-INDIA.NS,1187.0,304.5,369.14,21.23%,2023-10-09,2023-10-13
2026-07-20 08:53:53,V20_Range_Breakout,NESTLEIND.NS,1444.0,1386.24,1703.92,22.50%,2026-01-01,2026-01-15
2026-07-20 08:53:53,V20_Range_Breakout,LALPATHLAB.NS,1695.0,1627.2,2000.1,22.50%,2026-01-01,2026-01-15
2026-07-20 08:53:53,V20_Range_Breakout,BLUESTARCO.NS,1711.8,1573.78,1911.62,21.47%,2026-04-08,2026-04-20
2026-07-20 08:53:53,V20_Range_Breakout,AWL.NS,190.04,182.44,224.25,22.50%,2026-01-01,2026-01-15
2026-07-20 08:53:53,V20_Range_Breakout,GILLETTE.NS,7818.0,7265.28,8796.35,21.07%,2025-02-18,2025-02-20
2026-07-20 08:53:53,V20_Range_Breakout,UBL.NS,1352.0,1297.92,1595.36,22.50%,2026-01-01,2026-01-15
2026-07-20 08:53:53,V20_Range_Breakout,HDFCBANK.NS,781.0,749.76,921.58,22.50%,2026-01-01,2026-01-15
2026-07-20 08:53:53,V20_Range_Breakout,MRF.NS,132525.0,127224.0,156379.5,22.50%,2026-01-01,2026-01-15
2026-07-20 08:53:53,V20_Range_Breakout,VOLTAS.NS,1354.8,1125.16,1394.41,23.93%,2025-02-01,2025-02-03
2026-07-20 12:14:48,V20_Range_Breakout,APOLLOHOSP.NS,8905.0,8548.8,10507.9,22.50%,2026-01-01,2026-01-15
2026-07-20 12:14:48,V20_Range_Breakout,CAMS.NS,770.65,869.97,1044.41,20.05%,2024-11-25,2024-12-05
2026-07-20 12:14:48,V20_Range_Breakout,LT.NS,3838.8,3685.25,4529.78,22.50%,2026-01-01,2026-01-15
2026-07-20 12:14:48,V20_Range_Breakout,ULTRACEMCO.NS,11903.0,11426.88,14045.54,22.50%,2026-01-01,2026-01-15
2026-07-20 12:14:48,V20_Range_Breakout,VBL.NS,468.0,394.43,474.75,20.36%,2026-04-07,2026-04-17
2026-07-20 12:14:48,V20_Range_Breakout,ANGELONE.NS,324.35,228.45,284.2,24.40%,2026-04-01,2026-04-09
2026-07-20 12:14:48,V20_Range_Breakout,SANOFI.NS,3391.8,5620.1,10037.9,78.61%,2024-06-07,2024-06-13
2026-07-20 12:14:48,V20_Range_Breakout,LALPATHLAB.NS,1693.3,1625.57,1998.09,22.50%,2026-01-01,2026-01-15
2026-07-20 12:14:48,V20_Range_Breakout,KOTAKBANK.NS,382.05,366.77,450.82,22.50%,2026-01-01,2026-01-15
2026-07-20 12:14:48,V20_Range_Breakout,ICICIPRULI.NS,498.4,478.46,588.11,22.50%,2026-01-01,2026-01-15
2026-07-20 12:14:48,V20_Range_Breakout,GLAXO.NS,2483.1,1894.45,2642.36,39.48%,2025-02-14,2025-02-20
2026-07-20 12:14:48,V20_Range_Breakout,M&M.NS,3165.5,3038.88,3735.29,22.50%,2026-01-01,2026-01-15
2026-07-20 12:14:48,V20_Range_Breakout,HYUNDAI.NS,1972.3,1893.41,2327.31,22.50%,2026-01-01,2026-01-15
2026-07-20 12:14:48,V20_Range_Breakout,ADANIPORTS.NS,1844.0,1770.24,2175.92,22.50%,2026-01-01,2026-01-15
2026-07-20 12:14:48,V20_Range_Breakout,TEAMLEASE.NS,1382.4,2854.65,3478.0,21.84%,2024-07-23,2024-07-29
2026-07-20 12:14:48,V20_Range_Breakout,GILLETTE.NS,7816.0,7265.28,8796.35,21.07%,2025-02-18,2025-02-20
2026-07-20 12:14:48,V20_Range_Breakout,ABBOTINDIA.NS,28275.0,27144.0,33364.5,22.50%,2026-01-01,2026-01-15
2026-07-20 12:14:48,V20_Range_Breakout,ICICIGI.NS,1621.6,1556.74,1913.49,22.50%,2026-01-01,2026-01-15
2026-07-20 12:14:48,V20_Range_Breakout,HDFCLIFE.NS,564.65,542.06,666.29,22.50%,2026-01-01,2026-01-15
2026-07-20 12:14:48,V20_Range_Breakout,ACC.NS,1381.4,1326.14,1630.05,22.50%,2026-01-01,2026-01-15
2026-07-20 12:14:48,V20_Range_Breakout,TITAN.NS,4643.4,4457.66,5479.21,22.50%,2026-01-01,2026-01-15
2026-07-20 12:14:48,V20_Range_Breakout,ERIS.NS,1463.3,1091.34,1389.64,27.33%,2025-04-07,2025-04-11
2026-07-20 12:14:48,V20_Range_Breakout,BOSCHLTD.NS,40960.0,29120.0,37670.0,29.36%,2026-04-01,2026-04-10
2026-07-20 12:14:48,V20_Range_Breakout,AWL.NS,189.37,181.8,223.46,22.50%,2026-01-01,2026-01-15
2026-07-20 12:14:48,V20_Range_Breakout,DIXON.NS,14589.0,12749.33,16820.51,31.93%,2025-04-09,2025-04-22
2026-07-20 12:14:48,V20_Range_Breakout,RADICO.NS,4132.4,2710.0,3365.0,24.17%,2026-04-10,2026-04-20
2026-07-20 12:14:48,V20_Range_Breakout,HAVELLS.NS,1200.3,1373.11,1654.06,20.46%,2025-04-07,2025-04-22
2026-07-20 12:14:48,V20_Range_Breakout,BAJAJFINSV.NS,1861.5,1787.04,2196.57,22.50%,2026-01-01,2026-01-15
2026-07-20 12:14:48,V20_Range_Breakout,GODREJCP.NS,1064.8,1022.21,1256.46,22.50%,2026-01-01,2026-01-15
2026-07-20 12:14:48,V20_Range_Breakout,RELAXO.NS,437.05,363.7,439.95,20.97%,2026-07-17,2026-07-17
2026-07-20 12:14:48,V20_Range_Breakout,MARUTI.NS,13514.0,12973.44,15946.52,22.50%,2026-01-01,2026-01-15
2026-07-20 12:14:48,V20_Range_Breakout,TCS.NS,2251.1,2161.06,2656.3,22.50%,2026-01-01,2026-01-15
2026-07-20 12:14:48,V20_Range_Breakout,PIDILITIND.NS,1565.8,1503.17,1847.64,22.50%,2026-01-01,2026-01-15
2026-07-20 12:14:48,V20_Range_Breakout,FORTIS.NS,951.2,913.15,1122.42,22.50%,2026-01-01,2026-01-15
2026-07-20 12:14:48,V20_Range_Breakout,SBIN.NS,1060.0,1017.6,1250.8,22.50%,2026-01-01,2026-01-15
2026-07-20 12:14:48,V20_Range_Breakout,COLPAL.NS,2113.1,2028.58,2493.46,22.50%,2026-01-01,2026-01-15
2026-07-20 12:14:48,V20_Range_Breakout,BLUESTARCO.NS,1714.3,1573.78,1911.62,21.47%,2026-04-08,2026-04-20
2026-07-20 12:14:48,V20_Range_Breakout,ITC.NS,282.7,271.39,333.59,22.50%,2026-01-01,2026-01-15
2026-07-20 12:14:48,V20_Range_Breakout,MARICO.NS,855.3,821.09,1009.25,22.50%,2026-01-01,2026-01-15
2026-07-20 12:14:48,V20_Range_Breakout,JIOFIN.NS,238.92,271.48,346.46,27.62%,2024-02-19,2024-02-23
2026-07-20 12:14:48,V20_Range_Breakout,CDSL.NS,1385.2,1329.79,1634.54,22.50%,2026-01-01,2026-01-15
2026-07-20 12:14:48,V20_Range_Breakout,BSE.NS,3647.9,2384.72,2910.33,22.04%,2025-05-29,2025-06-05
2026-07-20 12:14:48,V20_Range_Breakout,PFIZER.NS,4577.9,4212.44,5601.44,32.97%,2025-05-19,2025-06-05
2026-07-20 12:14:48,V20_Range_Breakout,PGHH.NS,8723.5,8374.56,10293.73,22.50%,2026-01-01,2026-01-15
2026-07-20 12:14:48,V20_Range_Breakout,DMART.NS,3975.5,3685.1,4562.6,23.81%,2026-03-24,2026-04-06
2026-07-20 12:14:48,V20_Range_Breakout,AXISBANK.NS,1256.0,1205.76,1482.08,22.50%,2026-01-01,2026-01-15
2026-07-20 12:14:48,V20_Range_Breakout,BATAINDIA.NS,700.5,672.48,826.59,22.50%,2026-01-01,2026-01-15
2026-07-20 12:14:48,V20_Range_Breakout,INFY.NS,1087.1,1043.62,1282.78,22.50%,2026-01-01,2026-01-15
2026-07-20 12:14:48,V20_Range_Breakout,JSWINFRA.NS,348.45,334.51,411.17,22.50%,2026-01-01,2026-01-15
2026-07-20 12:14:48,V20_Range_Breakout,UNITDSPR.NS,1395.3,1339.49,1646.45,22.50%,2026-01-01,2026-01-15
2026-07-20 12:14:48,V20_Range_Breakout,CIPLA.NS,1441.6,1383.94,1701.09,22.50%,2026-01-01,2026-01-15
2026-07-20 12:14:48,V20_Range_Breakout,NAM-INDIA.NS,1183.2,304.5,369.14,21.23%,2023-10-09,2023-10-13
2026-07-20 12:14:48,V20_Range_Breakout,BAJFINANCE.NS,1064.0,1021.44,1255.52,22.50%,2026-01-01,2026-01-15
2026-07-20 12:14:48,V20_Range_Breakout,HCLTECH.NS,1221.3,1172.45,1441.13,22.50%,2026-01-01,2026-01-15
2026-07-20 12:14:48,V20_Range_Breakout,KAJARIACER.NS,1242.2,945.5,1178.0,24.59%,2026-04-01,2026-04-15
2026-07-20 12:14:48,V20_Range_Breakout,ASTRAZEN.NS,8054.5,7793.36,9998.82,28.30%,2025-05-29,2025-06-05
2026-07-20 12:14:48,V20_Range_Breakout,HDFCAMC.NS,2644.9,2539.1,3120.98,22.50%,2026-01-01,2026-01-15
2026-07-20 12:14:48,V20_Range_Breakout,MRF.NS,132800.0,127488.0,156704.0,22.50%,2026-01-01,2026-01-15
2026-07-20 12:14:48,V20_Range_Breakout,HONAUT.NS,38215.0,28459.53,36446.95,28.07%,2026-05-19,2026-05-22
2026-07-20 12:14:48,V20_Range_Breakout,HINDUNILVR.NS,2139.7,2054.11,2524.85,22.50%,2026-01-01,2026-01-15
2026-07-20 12:14:48,V20_Range_Breakout,HDFCBANK.NS,777.6,746.5,917.57,22.50%,2026-01-01,2026-01-15
2026-07-20 12:14:48,V20_Range_Breakout,ASIANPAINT.NS,2691.4,2583.74,3175.85,22.50%,2026-01-01,2026-01-15
2026-07-20 12:14:48,V20_Range_Breakout,QUESS.NS,294.95,240.59,302.5,25.73%,2026-06-30,2026-07-07
2026-07-20 12:14:48,V20_Range_Breakout,UBL.NS,1350.9,1296.86,1594.06,22.50%,2026-01-01,2026-01-15
2026-07-20 12:14:48,V20_Range_Breakout,MEDANTA.NS,1331.4,1009.64,1259.55,24.75%,2025-04-07,2025-04-08
2026-07-20 12:14:48,V20_Range_Breakout,NESTLEIND.NS,1446.3,1388.45,1706.63,22.50%,2026-01-01,2026-01-15
2026-07-20 12:14:48,V20_Range_Breakout,BAJAJ-AUTO.NS,10522.5,10101.6,12416.55,22.50%,2026-01-01,2026-01-15
2026-07-20 12:14:48,V20_Range_Breakout,EICHERMOT.NS,7563.5,7260.96,8924.93,22.50%,2026-01-01,2026-01-15
2026-07-20 12:14:48,V20_Range_Breakout,VOLTAS.NS,1357.4,1125.16,1394.41,23.93%,2025-02-01,2025-02-03
2026-07-20 12:14:48,V20_Range_Breakout,INDHOTEL.NS,725.05,696.05,855.56,22.50%,2026-01-01,2026-01-15
2026-07-20 12:14:48,V20_Range_Breakout,MCX.NS,2818.0,903.55,1187.07,31.38%,2025-04-07,2025-04-21
2026-07-20 12:14:48,V20_Range_Breakout,RELIANCE.NS,1323.1,1270.18,1561.26,22.50%,2026-01-01,2026-01-15
2026-07-20 12:14:48,V20_Range_Breakout,DABUR.NS,426.5,409.44,503.27,22.50%,2026-01-01,2026-01-15
2026-07-20 12:14:48,V20_Range_Breakout,PAGEIND.NS,40325.0,38712.0,47583.5,22.50%,2026-01-01,2026-01-15
2026-07-20 12:14:48,V20_Range_Breakout,ICICIBANK.NS,1460.2,1401.79,1723.04,22.50%,2026-01-01,2026-01-15
2026-07-21 08:24:45,V20_Range_Breakout,ASIANPAINT.NS,2682.2,2574.91,3165.0,22.50%,2026-01-01,2026-01-15
2026-07-21 08:24:45,V20_Range_Breakout,MARICO.NS,846.95,813.07,999.4,22.50%,2026-01-01,2026-01-15
2026-07-21 08:24:45,V20_Range_Breakout,ULTRACEMCO.NS,12089.0,11605.44,14265.02,22.50%,2026-01-01,2026-01-15
2026-07-21 08:24:45,V20_Range_Breakout,ASTRAZEN.NS,8062.0,7793.36,9998.82,28.30%,2025-05-29,2025-06-05
2026-07-21 08:24:45,V20_Range_Breakout,MRF.NS,133010.0,127689.6,156951.8,22.50%,2026-01-01,2026-01-15
2026-07-21 08:24:45,V20_Range_Breakout,ICICIBANK.NS,1462.1,1403.62,1725.28,22.50%,2026-01-01,2026-01-15
2026-07-21 08:24:45,V20_Range_Breakout,SBIN.NS,1050.5,1008.48,1239.59,22.50%,2026-01-01,2026-01-15
2026-07-21 08:24:45,V20_Range_Breakout,ERIS.NS,1463.2,1091.34,1389.64,27.33%,2025-04-07,2025-04-11
2026-07-21 08:24:45,V20_Range_Breakout,CAMS.NS,769.65,869.97,1044.41,20.05%,2024-11-25,2024-12-05
2026-07-21 08:24:45,V20_Range_Breakout,ADANIPORTS.NS,1847.5,1773.6,2180.05,22.50%,2026-01-01,2026-01-15
2026-07-21 08:24:45,V20_Range_Breakout,ABBOTINDIA.NS,28750.0,27600.0,33925.0,22.50%,2026-01-01,2026-01-15
2026-07-21 08:24:45,V20_Range_Breakout,AWL.NS,194.0,186.24,228.92,22.50%,2026-01-01,2026-01-15
2026-07-21 08:24:45,V20_Range_Breakout,HONAUT.NS,38620.0,28459.53,36446.95,28.07%,2026-05-19,2026-05-22
2026-07-21 08:24:45,V20_Range_Breakout,TITAN.NS,4676.8,4489.73,5518.62,22.50%,2026-01-01,2026-01-15
2026-07-21 08:24:45,V20_Range_Breakout,AXISBANK.NS,1259.2,1208.83,1485.86,22.50%,2026-01-01,2026-01-15
2026-07-21 08:24:45,V20_Range_Breakout,INDHOTEL.NS,728.6,699.46,859.75,22.50%,2026-01-01,2026-01-15
2026-07-21 08:24:45,V20_Range_Breakout,DABUR.NS,424.4,407.42,500.79,22.50%,2026-01-01,2026-01-15
2026-07-21 08:24:45,V20_Range_Breakout,NESTLEIND.NS,1452.6,1394.5,1714.07,22.50%,2026-01-01,2026-01-15
2026-07-21 08:24:45,V20_Range_Breakout,PIDILITIND.NS,1575.0,1512.0,1858.5,22.50%,2026-01-01,2026-01-15
2026-07-21 08:24:45,V20_Range_Breakout,HYUNDAI.NS,1957.5,1879.2,2309.85,22.50%,2026-01-01,2026-01-15
2026-07-21 08:24:45,V20_Range_Breakout,BAJFINANCE.NS,1068.7,1025.95,1261.07,22.50%,2026-01-01,2026-01-15
2026-07-21 08:24:45,V20_Range_Breakout,RELAXO.NS,414.4,363.7,439.95,20.97%,2026-07-17,2026-07-17
2026-07-21 08:24:45,V20_Range_Breakout,JIOFIN.NS,240.19,271.48,346.46,27.62%,2024-02-19,2024-02-23
2026-07-21 08:24:45,V20_Range_Breakout,DIXON.NS,14178.0,12749.33,16820.51,31.93%,2025-04-09,2025-04-22
2026-07-21 08:24:45,V20_Range_Breakout,MEDANTA.NS,1342.1,1009.64,1259.55,24.75%,2025-04-07,2025-04-08
2026-07-21 08:24:45,V20_Range_Breakout,TEAMLEASE.NS,1327.9,2854.65,3478.0,21.84%,2024-07-23,2024-07-29
2026-07-21 08:24:45,V20_Range_Breakout,CDSL.NS,1365.5,1310.88,1611.29,22.50%,2026-01-01,2026-01-15
2026-07-21 08:24:45,V20_Range_Breakout,LALPATHLAB.NS,1695.2,1627.39,2000.34,22.50%,2026-01-01,2026-01-15
2026-07-21 08:24:45,V20_Range_Breakout,ACC.NS,1391.9,1336.22,1642.44,22.50%,2026-01-01,2026-01-15
2026-07-21 08:24:45,V20_Range_Breakout,EICHERMOT.NS,7603.0,7298.88,8971.54,22.50%,2026-01-01,2026-01-15
2026-07-21 08:24:45,V20_Range_Breakout,JSWINFRA.NS,346.25,332.4,408.57,22.50%,2026-01-01,2026-01-15
2026-07-21 08:24:45,V20_Range_Breakout,NAM-INDIA.NS,1172.4,304.5,369.14,21.23%,2023-10-09,2023-10-13
2026-07-21 08:24:45,V20_Range_Breakout,PGHH.NS,8781.5,8430.24,10362.17,22.50%,2026-01-01,2026-01-15
2026-07-21 08:24:45,V20_Range_Breakout,CIPLA.NS,1432.4,1375.1,1690.23,22.50%,2026-01-01,2026-01-15
2026-07-21 08:24:45,V20_Range_Breakout,PAGEIND.NS,39630.0,38044.8,46763.4,22.50%,2026-01-01,2026-01-15
2026-07-21 08:24:45,V20_Range_Breakout,MARUTI.NS,13465.0,12926.4,15888.7,22.50%,2026-01-01,2026-01-15
2026-07-21 08:24:45,V20_Range_Breakout,MCX.NS,2820.5,903.55,1187.07,31.38%,2025-04-07,2025-04-21
2026-07-21 08:24:45,V20_Range_Breakout,RELIANCE.NS,1308.4,1256.06,1543.91,22.50%,2026-01-01,2026-01-15
2026-07-21 08:24:45,V20_Range_Breakout,UBL.NS,1406.9,1350.62,1660.14,22.50%,2026-01-01,2026-01-15
2026-07-21 08:24:45,V20_Range_Breakout,COLPAL.NS,2095.3,2011.49,2472.45,22.50%,2026-01-01,2026-01-15
2026-07-21 08:24:45,V20_Range_Breakout,KOTAKBANK.NS,386.8,371.33,456.42,22.50%,2026-01-01,2026-01-15
2026-07-21 08:24:45,V20_Range_Breakout,HINDUNILVR.NS,2140.0,2054.4,2525.2,22.50%,2026-01-01,2026-01-15
2026-07-21 08:24:45,V20_Range_Breakout,INFY.NS,1071.4,1028.54,1264.25,22.50%,2026-01-01,2026-01-15
2026-07-21 08:24:45,V20_Range_Breakout,UNITDSPR.NS,1386.0,1330.56,1635.48,22.50%,2026-01-01,2026-01-15
2026-07-21 08:24:45,V20_Range_Breakout,HDFCAMC.NS,2594.0,2490.24,3060.92,22.50%,2026-01-01,2026-01-15
2026-07-21 08:24:45,V20_Range_Breakout,BAJAJ-AUTO.NS,10462.0,10043.52,12345.16,22.50%,2026-01-01,2026-01-15
2026-07-21 08:24:45,V20_Range_Breakout,QUESS.NS,299.8,240.59,302.5,25.73%,2026-06-30,2026-07-07
2026-07-21 08:24:45,V20_Range_Breakout,BOSCHLTD.NS,40845.0,29120.0,37670.0,29.36%,2026-04-01,2026-04-10
2026-07-21 08:24:45,V20_Range_Breakout,HDFCLIFE.NS,560.65,538.22,661.57,22.50%,2026-01-01,2026-01-15
2026-07-21 08:24:45,V20_Range_Breakout,TCS.NS,2227.5,2138.4,2628.45,22.50%,2026-01-01,2026-01-15
2026-07-21 08:24:45,V20_Range_Breakout,SANOFI.NS,3397.2,5620.1,10037.9,78.61%,2024-06-07,2024-06-13
2026-07-21 08:24:45,V20_Range_Breakout,VOLTAS.NS,1357.3,1125.16,1394.41,23.93%,2025-02-01,2025-02-03
2026-07-21 08:24:45,V20_Range_Breakout,BATAINDIA.NS,696.35,668.5,821.69,22.50%,2026-01-01,2026-01-15
2026-07-21 08:24:45,V20_Range_Breakout,ITC.NS,279.95,268.75,330.34,22.50%,2026-01-01,2026-01-15
2026-07-21 08:24:45,V20_Range_Breakout,BSE.NS,3662.9,2384.72,2910.33,22.04%,2025-05-29,2025-06-05
2026-07-21 08:24:45,V20_Range_Breakout,HCLTECH.NS,1237.2,1187.71,1459.9,22.50%,2026-01-01,2026-01-15
2026-07-21 08:24:45,V20_Range_Breakout,BLUESTARCO.NS,1701.4,1573.78,1911.62,21.47%,2026-04-08,2026-04-20
2026-07-21 08:24:45,V20_Range_Breakout,BAJAJFINSV.NS,1886.4,1810.94,2225.95,22.50%,2026-01-01,2026-01-15
2026-07-21 08:24:45,V20_Range_Breakout,GILLETTE.NS,7907.5,7265.28,8796.35,21.07%,2025-02-18,2025-02-20
2026-07-21 08:24:45,V20_Range_Breakout,APOLLOHOSP.NS,8898.5,8542.56,10500.23,22.50%,2026-01-01,2026-01-15
2026-07-21 08:24:45,V20_Range_Breakout,GODREJCP.NS,1046.3,1004.45,1234.63,22.50%,2026-01-01,2026-01-15
2026-07-21 08:24:45,V20_Range_Breakout,RADICO.NS,4089.7,2710.0,3365.0,24.17%,2026-04-10,2026-04-20
2026-07-21 08:24:45,V20_Range_Breakout,DMART.NS,3973.2,3685.1,4562.6,23.81%,2026-03-24,2026-04-06
2026-07-21 08:24:45,V20_Range_Breakout,ANGELONE.NS,322.75,227.75,283.32,24.40%,2026-04-01,2026-04-09
2026-07-21 08:24:45,V20_Range_Breakout,HAVELLS.NS,1211.6,1373.11,1654.06,20.46%,2025-04-07,2025-04-22
2026-07-21 08:24:45,V20_Range_Breakout,ICICIPRULI.NS,498.35,478.42,588.05,22.50%,2026-01-01,2026-01-15
2026-07-21 08:24:45,V20_Range_Breakout,PFIZER.NS,4590.9,4212.44,5601.44,32.97%,2025-05-19,2025-06-05
2026-07-21 08:24:45,V20_Range_Breakout,GLAXO.NS,2502.1,1894.45,2642.36,39.48%,2025-02-14,2025-02-20
2026-07-21 08:24:45,V20_Range_Breakout,M&M.NS,3183.6,3056.26,3756.65,22.50%,2026-01-01,2026-01-15
2026-07-21 08:24:45,V20_Range_Breakout,ICICIGI.NS,1623.9,1558.94,1916.2,22.50%,2026-01-01,2026-01-15
2026-07-21 08:24:45,V20_Range_Breakout,LT.NS,3828.6,3675.46,4517.75,22.50%,2026-01-01,2026-01-15
2026-07-21 08:24:45,V20_Range_Breakout,KAJARIACER.NS,1238.8,945.5,1178.0,24.59%,2026-04-01,2026-04-15
2026-07-21 08:24:45,V20_Range_Breakout,VBL.NS,465.85,394.43,474.75,20.36%,2026-04-07,2026-04-17
2026-07-21 08:24:45,V20_Range_Breakout,HDFCBANK.NS,763.55,733.01,900.99,22.50%,2026-01-01,2026-01-15
2026-07-21 08:24:45,V20_Range_Breakout,FORTIS.NS,966.55,927.89,1140.53,22.50%,2026-01-01,2026-01-15
2026-07-21 11:45:31,V20_Range_Breakout,ANGELONE.NS,321.9,227.75,283.32,24.40%,2026-04-01,2026-04-09
2026-07-21 11:45:31,V20_Range_Breakout,JIOFIN.NS,240.03,271.48,346.46,27.62%,2024-02-19,2024-02-23
2026-07-21 11:45:31,V20_Range_Breakout,NAM-INDIA.NS,1166.9,304.5,369.14,21.23%,2023-10-09,2023-10-13
2026-07-21 11:45:31,V20_Range_Breakout,ULTRACEMCO.NS,12094.0,11610.24,14270.92,22.50%,2026-01-01,2026-01-15
2026-07-21 11:45:31,V20_Range_Breakout,HAVELLS.NS,1217.6,1373.11,1654.06,20.46%,2025-04-07,2025-04-22
2026-07-21 11:45:31,V20_Range_Breakout,NESTLEIND.NS,1451.9,1393.82,1713.24,22.50%,2026-01-01,2026-01-15
2026-07-21 11:45:31,V20_Range_Breakout,TCS.NS,2221.1,2132.26,2620.9,22.50%,2026-01-01,2026-01-15
2026-07-21 11:45:31,V20_Range_Breakout,BOSCHLTD.NS,40870.0,29120.0,37670.0,29.36%,2026-04-01,2026-04-10
2026-07-21 11:45:31,V20_Range_Breakout,GLAXO.NS,2506.6,1894.45,2642.36,39.48%,2025-02-14,2025-02-20
2026-07-21 11:45:31,V20_Range_Breakout,DMART.NS,3975.6,3685.1,4562.6,23.81%,2026-03-24,2026-04-06
2026-07-21 11:45:31,V20_Range_Breakout,AXISBANK.NS,1258.2,1207.87,1484.68,22.50%,2026-01-01,2026-01-15
2026-07-21 11:45:31,V20_Range_Breakout,HYUNDAI.NS,1958.6,1880.26,2311.15,22.50%,2026-01-01,2026-01-15
2026-07-21 11:45:31,V20_Range_Breakout,ITC.NS,281.0,269.76,331.58,22.50%,2026-01-01,2026-01-15
2026-07-21 11:45:31,V20_Range_Breakout,PGHH.NS,8771.0,8420.16,10349.78,22.50%,2026-01-01,2026-01-15
2026-07-21 11:45:31,V20_Range_Breakout,MCX.NS,2801.2,903.55,1187.07,31.38%,2025-04-07,2025-04-21
2026-07-21 11:45:31,V20_Range_Breakout,BAJAJ-AUTO.NS,10403.5,9987.36,12276.13,22.50%,2026-01-01,2026-01-15
2026-07-21 11:45:31,V20_Range_Breakout,ERIS.NS,1470.0,1091.34,1389.64,27.33%,2025-04-07,2025-04-11
2026-07-21 11:45:31,V20_Range_Breakout,PIDILITIND.NS,1591.3,1527.65,1877.73,22.50%,2026-01-01,2026-01-15
2026-07-21 11:45:31,V20_Range_Breakout,INFY.NS,1073.5,1030.56,1266.73,22.50%,2026-01-01,2026-01-15
2026-07-21 11:45:31,V20_Range_Breakout,QUESS.NS,299.65,240.59,302.5,25.73%,2026-06-30,2026-07-07
2026-07-21 11:45:31,V20_Range_Breakout,TITAN.NS,4688.7,4501.15,5532.67,22.50%,2026-01-01,2026-01-15
2026-07-21 11:45:31,V20_Range_Breakout,ICICIPRULI.NS,500.5,480.48,590.59,22.50%,2026-01-01,2026-01-15
2026-07-21 11:45:31,V20_Range_Breakout,RADICO.NS,4088.4,2710.0,3365.0,24.17%,2026-04-10,2026-04-20
2026-07-21 11:45:31,V20_Range_Breakout,BSE.NS,3664.0,2384.72,2910.33,22.04%,2025-05-29,2025-06-05
2026-07-21 11:45:31,V20_Range_Breakout,MARUTI.NS,13597.0,13053.12,16044.46,22.50%,2026-01-01,2026-01-15
2026-07-21 11:45:31,V20_Range_Breakout,HDFCAMC.NS,2581.1,2477.86,3045.7,22.50%,2026-01-01,2026-01-15
2026-07-21 11:45:31,V20_Range_Breakout,HINDUNILVR.NS,2142.5,2056.8,2528.15,22.50%,2026-01-01,2026-01-15
2026-07-21 11:45:31,V20_Range_Breakout,HCLTECH.NS,1239.5,1189.92,1462.61,22.50%,2026-01-01,2026-01-15
2026-07-21 11:45:31,V20_Range_Breakout,INDHOTEL.NS,731.6,702.34,863.29,22.50%,2026-01-01,2026-01-15
2026-07-21 11:45:31,V20_Range_Breakout,LALPATHLAB.NS,1700.1,1632.1,2006.12,22.50%,2026-01-01,2026-01-15
2026-07-21 11:45:31,V20_Range_Breakout,DIXON.NS,14118.0,12749.33,16820.51,31.93%,2025-04-09,2025-04-22
2026-07-21 11:45:31,V20_Range_Breakout,MRF.NS,134000.0,128640.0,158120.0,22.50%,2026-01-01,2026-01-15
2026-07-21 11:45:31,V20_Range_Breakout,ABBOTINDIA.NS,28800.0,27648.0,33984.0,22.50%,2026-01-01,2026-01-15
2026-07-21 11:45:31,V20_Range_Breakout,CDSL.NS,1364.9,1310.3,1610.58,22.50%,2026-01-01,2026-01-15
2026-07-21 11:45:31,V20_Range_Breakout,HDFCLIFE.NS,561.0,538.56,661.98,22.50%,2026-01-01,2026-01-15
2026-07-21 11:45:31,V20_Range_Breakout,M&M.NS,3201.7,3073.63,3778.01,22.50%,2026-01-01,2026-01-15
2026-07-21 11:45:31,V20_Range_Breakout,ACC.NS,1387.8,1332.29,1637.6,22.50%,2026-01-01,2026-01-15
2026-07-21 11:45:31,V20_Range_Breakout,BLUESTARCO.NS,1702.8,1573.78,1911.62,21.47%,2026-04-08,2026-04-20
2026-07-21 11:45:31,V20_Range_Breakout,ASTRAZEN.NS,8088.5,7793.36,9998.82,28.30%,2025-05-29,2025-06-05
2026-07-21 11:45:31,V20_Range_Breakout,UBL.NS,1404.4,1348.22,1657.19,22.50%,2026-01-01,2026-01-15
2026-07-21 11:45:31,V20_Range_Breakout,LT.NS,3846.6,3692.74,4538.99,22.50%,2026-01-01,2026-01-15
2026-07-21 11:45:31,V20_Range_Breakout,CIPLA.NS,1432.5,1375.2,1690.35,22.50%,2026-01-01,2026-01-15
2026-07-21 11:45:31,V20_Range_Breakout,ASIANPAINT.NS,2692.4,2584.7,3177.03,22.50%,2026-01-01,2026-01-15
2026-07-21 11:45:31,V20_Range_Breakout,ICICIBANK.NS,1463.1,1404.58,1726.46,22.50%,2026-01-01,2026-01-15
2026-07-21 11:45:31,V20_Range_Breakout,CAMS.NS,767.25,869.97,1044.41,20.05%,2024-11-25,2024-12-05
2026-07-21 11:45:31,V20_Range_Breakout,RELIANCE.NS,1303.7,1251.55,1538.37,22.50%,2026-01-01,2026-01-15
2026-07-21 11:45:31,V20_Range_Breakout,VOLTAS.NS,1359.2,1125.16,1394.41,23.93%,2025-02-01,2025-02-03
2026-07-21 11:45:31,V20_Range_Breakout,JSWINFRA.NS,344.55,330.77,406.57,22.50%,2026-01-01,2026-01-15
2026-07-21 11:45:31,V20_Range_Breakout,PAGEIND.NS,40095.0,38491.2,47312.1,22.50%,2026-01-01,2026-01-15
2026-07-21 11:45:31,V20_Range_Breakout,ICICIGI.NS,1624.0,1559.04,1916.32,22.50%,2026-01-01,2026-01-15
2026-07-21 11:45:31,V20_Range_Breakout,FORTIS.NS,969.0,930.24,1143.42,22.50%,2026-01-01,2026-01-15
2026-07-21 11:45:31,V20_Range_Breakout,BAJAJFINSV.NS,1900.6,1824.58,2242.71,22.50%,2026-01-01,2026-01-15
2026-07-21 11:45:31,V20_Range_Breakout,EICHERMOT.NS,7689.5,7381.92,9073.61,22.50%,2026-01-01,2026-01-15
2026-07-21 11:45:31,V20_Range_Breakout,MEDANTA.NS,1342.6,1009.64,1259.55,24.75%,2025-04-07,2025-04-08
2026-07-21 11:45:31,V20_Range_Breakout,TEAMLEASE.NS,1325.4,2854.65,3478.0,21.84%,2024-07-23,2024-07-29
2026-07-21 11:45:31,V20_Range_Breakout,COLPAL.NS,2092.9,2009.18,2469.62,22.50%,2026-01-01,2026-01-15
2026-07-21 11:45:31,V20_Range_Breakout,ADANIPORTS.NS,1846.5,1772.64,2178.87,22.50%,2026-01-01,2026-01-15
2026-07-21 11:45:31,V20_Range_Breakout,KAJARIACER.NS,1229.3,945.5,1178.0,24.59%,2026-04-01,2026-04-15
2026-07-21 11:45:31,V20_Range_Breakout,AWL.NS,193.93,186.17,228.84,22.50%,2026-01-01,2026-01-15
2026-07-21 11:45:31,V20_Range_Breakout,RELAXO.NS,410.95,363.7,439.95,20.97%,2026-07-17,2026-07-17
2026-07-21 11:45:31,V20_Range_Breakout,APOLLOHOSP.NS,8926.5,8569.44,10533.27,22.50%,2026-01-01,2026-01-15
2026-07-21 11:45:31,V20_Range_Breakout,HONAUT.NS,38575.0,28459.53,36446.95,28.07%,2026-05-19,2026-05-22
2026-07-21 11:45:31,V20_Range_Breakout,VBL.NS,463.45,394.43,474.75,20.36%,2026-04-07,2026-04-17
2026-07-21 11:45:31,V20_Range_Breakout,BAJFINANCE.NS,1069.2,1026.43,1261.66,22.50%,2026-01-01,2026-01-15
2026-07-21 11:45:31,V20_Range_Breakout,HDFCBANK.NS,761.45,730.99,898.51,22.50%,2026-01-01,2026-01-15
2026-07-21 11:45:31,V20_Range_Breakout,SBIN.NS,1044.4,1002.62,1232.39,22.50%,2026-01-01,2026-01-15
2026-07-21 11:45:31,V20_Range_Breakout,GODREJCP.NS,1054.2,1012.03,1243.96,22.50%,2026-01-01,2026-01-15
2026-07-21 11:45:31,V20_Range_Breakout,DABUR.NS,426.1,409.06,502.8,22.50%,2026-01-01,2026-01-15
2026-07-21 11:45:31,V20_Range_Breakout,BATAINDIA.NS,698.9,670.94,824.7,22.50%,2026-01-01,2026-01-15
2026-07-21 11:45:31,V20_Range_Breakout,SANOFI.NS,3383.3,5620.1,10037.9,78.61%,2024-06-07,2024-06-13
2026-07-21 11:45:31,V20_Range_Breakout,MARICO.NS,853.55,819.41,1007.19,22.50%,2026-01-01,2026-01-15
2026-07-21 11:45:31,V20_Range_Breakout,KOTAKBANK.NS,385.95,370.51,455.42,22.50%,2026-01-01,2026-01-15
2026-07-21 11:45:31,V20_Range_Breakout,GILLETTE.NS,7906.0,7265.28,8796.35,21.07%,2025-02-18,2025-02-20
2026-07-21 11:45:31,V20_Range_Breakout,PFIZER.NS,4593.3,4212.44,5601.44,32.97%,2025-05-19,2025-06-05
2026-07-21 11:45:31,V20_Range_Breakout,UNITDSPR.NS,1390.8,1335.17,1641.14,22.50%,2026-01-01,2026-01-15
2026-07-22 06:15:51,V20_Range_Breakout,VOLTAS.NS,1323.5,1125.16,1394.41,23.93%,2025-02-01,2025-02-03
2026-07-22 06:15:51,V20_Range_Breakout,PIDILITIND.NS,1576.9,1513.82,1860.74,22.50%,2026-01-01,2026-01-15
2026-07-22 06:15:51,V20_Range_Breakout,MARUTI.NS,13592.0,13048.32,16038.56,22.50%,2026-01-01,2026-01-15
2026-07-22 06:15:51,V20_Range_Breakout,RELIANCE.NS,1290.0,1238.4,1522.2,22.50%,2026-01-01,2026-01-15
2026-07-22 06:15:51,V20_Range_Breakout,PFIZER.NS,4604.0,4212.44,5601.44,32.97%,2025-05-19,2025-06-05
2026-07-22 06:15:51,V20_Range_Breakout,TITAN.NS,4724.1,4535.14,5574.44,22.50%,2026-01-01,2026-01-15
2026-07-22 06:15:51,V20_Range_Breakout,ASTRAZEN.NS,7999.5,7793.36,9998.82,28.30%,2025-05-29,2025-06-05
2026-07-22 06:15:51,V20_Range_Breakout,DABUR.NS,426.75,409.68,503.56,22.50%,2026-01-01,2026-01-15
2026-07-22 06:15:51,V20_Range_Breakout,HDFCLIFE.NS,555.2,532.99,655.14,22.50%,2026-01-01,2026-01-15
2026-07-22 06:15:51,V20_Range_Breakout,ANGELONE.NS,316.65,227.75,283.32,24.40%,2026-04-01,2026-04-09
2026-07-22 06:15:51,V20_Range_Breakout,HDFCAMC.NS,2555.8,2453.57,3015.84,22.50%,2026-01-01,2026-01-15
2026-07-22 06:15:51,V20_Range_Breakout,ACC.NS,1365.6,1310.98,1611.41,22.50%,2026-01-01,2026-01-15
2026-07-22 06:15:51,V20_Range_Breakout,UNITDSPR.NS,1396.8,1340.93,1648.22,22.50%,2026-01-01,2026-01-15
2026-07-22 06:15:51,V20_Range_Breakout,NESTLEIND.NS,1498.2,1438.27,1767.88,22.50%,2026-01-01,2026-01-15
2026-07-22 06:15:51,V20_Range_Breakout,ABBOTINDIA.NS,28750.0,27600.0,33925.0,22.50%,2026-01-01,2026-01-15
2026-07-22 06:15:51,V20_Range_Breakout,ASIANPAINT.NS,2696.5,2588.64,3181.87,22.50%,2026-01-01,2026-01-15
2026-07-22 06:15:51,V20_Range_Breakout,M&M.NS,3205.0,3076.8,3781.9,22.50%,2026-01-01,2026-01-15
2026-07-22 06:15:51,V20_Range_Breakout,ITC.NS,280.2,268.99,330.64,22.50%,2026-01-01,2026-01-15
2026-07-22 06:15:51,V20_Range_Breakout,BATAINDIA.NS,695.0,667.2,820.1,22.50%,2026-01-01,2026-01-15
2026-07-22 06:15:51,V20_Range_Breakout,DIXON.NS,14022.0,12749.33,16820.51,31.93%,2025-04-09,2025-04-22
2026-07-22 06:15:51,V20_Range_Breakout,CDSL.NS,1340.0,1286.4,1581.2,22.50%,2026-01-01,2026-01-15
2026-07-22 06:15:51,V20_Range_Breakout,EICHERMOT.NS,7638.0,7332.48,9012.84,22.50%,2026-01-01,2026-01-15
2026-07-22 06:15:51,V20_Range_Breakout,TCS.NS,2226.0,2136.96,2626.68,22.50%,2026-01-01,2026-01-15
2026-07-22 06:15:51,V20_Range_Breakout,SBIN.NS,1024.4,983.42,1208.79,22.50%,2026-01-01,2026-01-15
2026-07-22 06:15:51,V20_Range_Breakout,INDHOTEL.NS,724.8,695.81,855.26,22.50%,2026-01-01,2026-01-15
2026-07-22 06:15:51,V20_Range_Breakout,QUESS.NS,294.6,240.59,302.5,25.73%,2026-06-30,2026-07-07
2026-07-22 06:15:51,V20_Range_Breakout,FORTIS.NS,956.1,917.86,1128.2,22.50%,2026-01-01,2026-01-15
2026-07-22 06:15:51,V20_Range_Breakout,BAJFINANCE.NS,1060.2,1017.79,1251.04,22.50%,2026-01-01,2026-01-15
2026-07-22 06:15:51,V20_Range_Breakout,MCX.NS,2777.0,903.55,1187.07,31.38%,2025-04-07,2025-04-21
2026-07-22 06:15:51,V20_Range_Breakout,HONAUT.NS,38145.0,28459.53,36446.95,28.07%,2026-05-19,2026-05-22
2026-07-22 06:15:51,V20_Range_Breakout,GLAXO.NS,2525.1,1894.45,2642.36,39.48%,2025-02-14,2025-02-20
2026-07-22 06:15:51,V20_Range_Breakout,HINDUNILVR.NS,2155.9,2069.66,2543.96,22.50%,2026-01-01,2026-01-15
2026-07-22 06:15:51,V20_Range_Breakout,SANOFI.NS,3382.8,5620.1,10037.9,78.61%,2024-06-07,2024-06-13
2026-07-22 06:15:51,V20_Range_Breakout,HDFCBANK.NS,753.9,723.74,889.6,22.50%,2026-01-01,2026-01-15
2026-07-22 06:15:51,V20_Range_Breakout,NAM-INDIA.NS,1155.5,304.5,369.14,21.23%,2023-10-09,2023-10-13
2026-07-22 06:15:51,V20_Range_Breakout,PGHH.NS,8902.5,8546.4,10504.95,22.50%,2026-01-01,2026-01-15
2026-07-22 06:15:51,V20_Range_Breakout,JIOFIN.NS,236.66,271.48,346.46,27.62%,2024-02-19,2024-02-23
2026-07-22 06:15:51,V20_Range_Breakout,JSWINFRA.NS,334.55,321.17,394.77,22.50%,2026-01-01,2026-01-15
2026-07-22 06:15:51,V20_Range_Breakout,LALPATHLAB.NS,1692.1,1624.42,1996.68,22.50%,2026-01-01,2026-01-15
2026-07-22 06:15:51,V20_Range_Breakout,INFY.NS,1058.8,1016.45,1249.38,22.50%,2026-01-01,2026-01-15
2026-07-22 06:15:51,V20_Range_Breakout,CAMS.NS,773.85,869.97,1044.41,20.05%,2024-11-25,2024-12-05
2026-07-22 06:15:51,V20_Range_Breakout,GODREJCP.NS,1059.9,1017.5,1250.68,22.50%,2026-01-01,2026-01-15
2026-07-22 06:15:51,V20_Range_Breakout,DMART.NS,3998.5,3685.1,4562.6,23.81%,2026-03-24,2026-04-06
2026-07-22 06:15:51,V20_Range_Breakout,APOLLOHOSP.NS,8911.5,8555.04,10515.57,22.50%,2026-01-01,2026-01-15
2026-07-22 06:15:51,V20_Range_Breakout,BAJAJFINSV.NS,1882.5,1807.2,2221.35,22.50%,2026-01-01,2026-01-15
2026-07-22 06:15:51,V20_Range_Breakout,BAJAJ-AUTO.NS,10873.0,10438.08,12830.14,22.50%,2026-01-01,2026-01-15
2026-07-22 06:15:51,V20_Range_Breakout,HYUNDAI.NS,1968.4,1889.66,2322.71,22.50%,2026-01-01,2026-01-15
2026-07-22 06:15:51,V20_Range_Breakout,RADICO.NS,4129.6,2710.0,3365.0,24.17%,2026-04-10,2026-04-20
2026-07-22 06:15:51,V20_Range_Breakout,ICICIPRULI.NS,494.0,474.24,582.92,22.50%,2026-01-01,2026-01-15
2026-07-22 06:15:51,V20_Range_Breakout,KAJARIACER.NS,1223.8,945.5,1178.0,24.59%,2026-04-01,2026-04-15
2026-07-22 06:15:51,V20_Range_Breakout,ADANIPORTS.NS,1838.1,1764.58,2168.96,22.50%,2026-01-01,2026-01-15
2026-07-22 06:15:51,V20_Range_Breakout,BOSCHLTD.NS,41240.0,29120.0,37670.0,29.36%,2026-04-01,2026-04-10
2026-07-22 06:15:51,V20_Range_Breakout,COLPAL.NS,2094.1,2010.34,2471.04,22.50%,2026-01-01,2026-01-15
2026-07-22 06:15:51,V20_Range_Breakout,MRF.NS,133460.0,128121.6,157482.8,22.50%,2026-01-01,2026-01-15
2026-07-22 06:15:51,V20_Range_Breakout,LT.NS,3831.0,3677.76,4520.58,22.50%,2026-01-01,2026-01-15
2026-07-22 06:15:51,V20_Range_Breakout,AXISBANK.NS,1237.8,1188.29,1460.6,22.50%,2026-01-01,2026-01-15
2026-07-22 06:15:51,V20_Range_Breakout,AWL.NS,191.8,184.13,226.32,22.50%,2026-01-01,2026-01-15
2026-07-22 06:15:51,V20_Range_Breakout,KOTAKBANK.NS,381.8,366.53,450.52,22.50%,2026-01-01,2026-01-15
2026-07-22 06:15:51,V20_Range_Breakout,ERIS.NS,1446.8,1091.34,1389.64,27.33%,2025-04-07,2025-04-11
2026-07-22 06:15:51,V20_Range_Breakout,ULTRACEMCO.NS,11987.0,11507.52,14144.66,22.50%,2026-01-01,2026-01-15
2026-07-22 06:15:51,V20_Range_Breakout,ICICIBANK.NS,1449.0,1391.04,1709.82,22.50%,2026-01-01,2026-01-15
2026-07-22 06:15:51,V20_Range_Breakout,BSE.NS,3648.0,2384.72,2910.33,22.04%,2025-05-29,2025-06-05
2026-07-22 06:15:51,V20_Range_Breakout,TEAMLEASE.NS,1340.0,2854.65,3478.0,21.84%,2024-07-23,2024-07-29
2026-07-22 06:15:51,V20_Range_Breakout,BLUESTARCO.NS,1677.5,1573.78,1911.62,21.47%,2026-04-08,2026-04-20
2026-07-22 06:15:51,V20_Range_Breakout,CIPLA.NS,1410.8,1354.37,1664.74,22.50%,2026-01-01,2026-01-15
2026-07-22 06:15:51,V20_Range_Breakout,VBL.NS,458.4,394.43,474.75,20.36%,2026-04-07,2026-04-17
2026-07-22 06:15:51,V20_Range_Breakout,HAVELLS.NS,1212.3,1373.11,1654.06,20.46%,2025-04-07,2025-04-22
2026-07-22 06:15:51,V20_Range_Breakout,RELAXO.NS,401.2,363.7,439.95,20.97%,2026-07-17,2026-07-17
2026-07-22 06:15:51,V20_Range_Breakout,MEDANTA.NS,1360.1,1009.64,1259.55,24.75%,2025-04-07,2025-04-08
2026-07-22 06:15:51,V20_Range_Breakout,GILLETTE.NS,7879.5,7265.28,8796.35,21.07%,2025-02-18,2025-02-20
2026-07-22 06:15:51,V20_Range_Breakout,ICICIGI.NS,1595.9,1532.06,1883.16,22.50%,2026-01-01,2026-01-15
2026-07-22 06:15:51,V20_Range_Breakout,PAGEIND.NS,40000.0,38400.0,47200.0,22.50%,2026-01-01,2026-01-15
2026-07-22 06:15:51,V20_Range_Breakout,HCLTECH.NS,1238.8,1189.25,1461.78,22.50%,2026-01-01,2026-01-15
2026-07-22 06:15:51,V20_Range_Breakout,UBL.NS,1434.7,1377.31,1692.95,22.50%,2026-01-01,2026-01-15
2026-07-22 06:15:51,V20_Range_Breakout,MARICO.NS,856.35,822.1,1010.49,22.50%,2026-01-01,2026-01-15
2026-07-22 08:24:51,V20_Range_Breakout,HDFCBANK.NS,751.65,721.58,886.95,22.50%,2026-01-01,2026-01-15
2026-07-22 08:24:51,V20_Range_Breakout,PFIZER.NS,4671.5,4212.44,5601.44,32.97%,2025-05-19,2025-06-05
2026-07-22 08:24:51,V20_Range_Breakout,MCX.NS,2784.4,903.55,1187.07,31.38%,2025-04-07,2025-04-21
2026-07-22 08:24:51,V20_Range_Breakout,PGHH.NS,9000.0,8640.0,10620.0,22.50%,2026-01-01,2026-01-15
2026-07-22 08:24:51,V20_Range_Breakout,AWL.NS,189.71,182.12,223.86,22.50%,2026-01-01,2026-01-15
2026-07-22 08:24:51,V20_Range_Breakout,NESTLEIND.NS,1489.5,1429.92,1757.61,22.50%,2026-01-01,2026-01-15
2026-07-22 08:24:51,V20_Range_Breakout,ADANIPORTS.NS,1832.9,1759.58,2162.82,22.50%,2026-01-01,2026-01-15
2026-07-22 08:24:51,V20_Range_Breakout,TCS.NS,2207.8,2119.49,2605.2,22.50%,2026-01-01,2026-01-15
2026-07-22 08:24:51,V20_Range_Breakout,M&M.NS,3193.1,3065.38,3767.86,22.50%,2026-01-01,2026-01-15
2026-07-22 08:24:51,V20_Range_Breakout,HINDUNILVR.NS,2153.4,2067.26,2541.01,22.50%,2026-01-01,2026-01-15
2026-07-22 08:24:51,V20_Range_Breakout,ASTRAZEN.NS,8001.5,7793.36,9998.82,28.30%,2025-05-29,2025-06-05
2026-07-22 08:24:51,V20_Range_Breakout,GLAXO.NS,2557.5,1894.45,2642.36,39.48%,2025-02-14,2025-02-20
2026-07-22 08:24:51,V20_Range_Breakout,RELAXO.NS,398.2,363.7,439.95,20.97%,2026-07-17,2026-07-17
2026-07-22 08:24:51,V20_Range_Breakout,PIDILITIND.NS,1587.5,1524.0,1873.25,22.50%,2026-01-01,2026-01-15
2026-07-22 08:24:51,V20_Range_Breakout,KOTAKBANK.NS,379.2,364.03,447.46,22.50%,2026-01-01,2026-01-15
2026-07-22 08:24:51,V20_Range_Breakout,JIOFIN.NS,234.67,271.48,346.46,27.62%,2024-02-19,2024-02-23
2026-07-22 08:24:51,V20_Range_Breakout,HDFCLIFE.NS,551.7,529.63,651.01,22.50%,2026-01-01,2026-01-15
2026-07-22 08:24:51,V20_Range_Breakout,TEAMLEASE.NS,1338.9,2854.65,3478.0,21.84%,2024-07-23,2024-07-29
2026-07-22 08:24:51,V20_Range_Breakout,GODREJCP.NS,1063.2,1020.67,1254.58,22.50%,2026-01-01,2026-01-15
2026-07-22 08:24:51,V20_Range_Breakout,HYUNDAI.NS,1948.0,1870.08,2298.64,22.50%,2026-01-01,2026-01-15
2026-07-22 08:24:51,V20_Range_Breakout,AXISBANK.NS,1237.0,1187.52,1459.66,22.50%,2026-01-01,2026-01-15
2026-07-22 08:24:51,V20_Range_Breakout,VBL.NS,456.8,394.43,474.75,20.36%,2026-04-07,2026-04-17
2026-07-22 08:24:51,V20_Range_Breakout,PAGEIND.NS,39720.0,38131.2,46869.6,22.50%,2026-01-01,2026-01-15
2026-07-22 08:24:51,V20_Range_Breakout,ICICIBANK.NS,1439.9,1382.3,1699.08,22.50%,2026-01-01,2026-01-15
2026-07-22 08:24:51,V20_Range_Breakout,NAM-INDIA.NS,1146.3,304.5,369.14,21.23%,2023-10-09,2023-10-13
2026-07-22 08:24:51,V20_Range_Breakout,MARUTI.NS,13545.0,13003.2,15983.1,22.50%,2026-01-01,2026-01-15
2026-07-22 08:24:51,V20_Range_Breakout,VOLTAS.NS,1306.6,1125.16,1394.41,23.93%,2025-02-01,2025-02-03
2026-07-22 08:24:51,V20_Range_Breakout,RADICO.NS,4111.5,2710.0,3365.0,24.17%,2026-04-10,2026-04-20
2026-07-22 08:24:51,V20_Range_Breakout,HDFCAMC.NS,2543.0,2441.28,3000.74,22.50%,2026-01-01,2026-01-15
2026-07-22 08:24:51,V20_Range_Breakout,BAJFINANCE.NS,1059.4,1017.02,1250.09,22.50%,2026-01-01,2026-01-15
2026-07-22 08:24:51,V20_Range_Breakout,ACC.NS,1360.1,1305.7,1604.92,22.50%,2026-01-01,2026-01-15
2026-07-22 08:24:51,V20_Range_Breakout,HONAUT.NS,38060.0,28459.53,36446.95,28.07%,2026-05-19,2026-05-22
2026-07-22 08:24:51,V20_Range_Breakout,JSWINFRA.NS,331.45,318.19,391.11,22.50%,2026-01-01,2026-01-15
2026-07-22 08:24:51,V20_Range_Breakout,KAJARIACER.NS,1231.2,945.5,1178.0,24.59%,2026-04-01,2026-04-15
2026-07-22 08:24:51,V20_Range_Breakout,MEDANTA.NS,1350.6,1009.64,1259.55,24.75%,2025-04-07,2025-04-08
2026-07-22 08:24:51,V20_Range_Breakout,DIXON.NS,14000.0,12749.33,16820.51,31.93%,2025-04-09,2025-04-22
2026-07-22 08:24:51,V20_Range_Breakout,APOLLOHOSP.NS,8900.0,8544.0,10502.0,22.50%,2026-01-01,2026-01-15
2026-07-22 08:24:51,V20_Range_Breakout,LT.NS,3813.2,3660.67,4499.58,22.50%,2026-01-01,2026-01-15
2026-07-22 08:24:51,V20_Range_Breakout,BAJAJFINSV.NS,1873.9,1798.94,2211.2,22.50%,2026-01-01,2026-01-15
2026-07-22 08:24:51,V20_Range_Breakout,BAJAJ-AUTO.NS,10968.0,10529.28,12942.24,22.50%,2026-01-01,2026-01-15
2026-07-22 08:24:51,V20_Range_Breakout,SANOFI.NS,3404.7,5620.1,10037.9,78.61%,2024-06-07,2024-06-13
2026-07-22 08:24:51,V20_Range_Breakout,INFY.NS,1048.2,1006.27,1236.88,22.50%,2026-01-01,2026-01-15
2026-07-22 08:24:51,V20_Range_Breakout,ICICIPRULI.NS,494.35,474.58,583.33,22.50%,2026-01-01,2026-01-15
2026-07-22 08:24:51,V20_Range_Breakout,DABUR.NS,425.1,408.1,501.62,22.50%,2026-01-01,2026-01-15
2026-07-22 08:24:51,V20_Range_Breakout,ERIS.NS,1445.1,1091.34,1389.64,27.33%,2025-04-07,2025-04-11
2026-07-22 08:24:51,V20_Range_Breakout,UNITDSPR.NS,1398.6,1342.66,1650.35,22.50%,2026-01-01,2026-01-15
2026-07-22 08:24:51,V20_Range_Breakout,INDHOTEL.NS,724.5,695.52,854.91,22.50%,2026-01-01,2026-01-15
2026-07-22 08:24:51,V20_Range_Breakout,LALPATHLAB.NS,1698.8,1630.85,2004.58,22.50%,2026-01-01,2026-01-15
2026-07-22 08:24:51,V20_Range_Breakout,SBIN.NS,1022.0,981.12,1205.96,22.50%,2026-01-01,2026-01-15
2026-07-22 08:24:51,V20_Range_Breakout,QUESS.NS,294.75,240.59,302.5,25.73%,2026-06-30,2026-07-07
2026-07-22 08:24:51,V20_Range_Breakout,EICHERMOT.NS,7620.0,7315.2,8991.6,22.50%,2026-01-01,2026-01-15
2026-07-22 08:24:51,V20_Range_Breakout,CDSL.NS,1333.8,1280.45,1573.88,22.50%,2026-01-01,2026-01-15
2026-07-22 08:24:51,V20_Range_Breakout,ANGELONE.NS,312.6,227.75,283.32,24.40%,2026-04-01,2026-04-09
2026-07-22 08:24:51,V20_Range_Breakout,RELIANCE.NS,1291.4,1239.74,1523.85,22.50%,2026-01-01,2026-01-15
2026-07-22 08:24:51,V20_Range_Breakout,GILLETTE.NS,7880.0,7265.28,8796.35,21.07%,2025-02-18,2025-02-20
2026-07-22 08:24:51,V20_Range_Breakout,BATAINDIA.NS,694.85,667.06,819.92,22.50%,2026-01-01,2026-01-15
2026-07-22 08:24:51,V20_Range_Breakout,ASIANPAINT.NS,2678.6,2571.46,3160.75,22.50%,2026-01-01,2026-01-15
2026-07-22 08:24:51,V20_Range_Breakout,ULTRACEMCO.NS,11915.0,11438.4,14059.7,22.50%,2026-01-01,2026-01-15
2026-07-22 08:24:51,V20_Range_Breakout,ABBOTINDIA.NS,28920.0,27763.2,34125.6,22.50%,2026-01-01,2026-01-15
2026-07-22 08:24:51,V20_Range_Breakout,MARICO.NS,859.2,824.83,1013.86,22.50%,2026-01-01,2026-01-15
2026-07-22 08:24:51,V20_Range_Breakout,MRF.NS,132955.0,127636.8,156886.9,22.50%,2026-01-01,2026-01-15
2026-07-22 08:24:51,V20_Range_Breakout,BOSCHLTD.NS,41570.0,29120.0,37670.0,29.36%,2026-04-01,2026-04-10
2026-07-22 08:24:51,V20_Range_Breakout,DMART.NS,3988.8,3685.1,4562.6,23.81%,2026-03-24,2026-04-06
2026-07-22 08:24:51,V20_Range_Breakout,BSE.NS,3645.0,2384.72,2910.33,22.04%,2025-05-29,2025-06-05
2026-07-22 08:24:51,V20_Range_Breakout,ITC.NS,281.1,269.86,331.7,22.50%,2026-01-01,2026-01-15
2026-07-22 08:24:51,V20_Range_Breakout,HCLTECH.NS,1238.2,1188.67,1461.08,22.50%,2026-01-01,2026-01-15
2026-07-22 08:24:51,V20_Range_Breakout,COLPAL.NS,2089.0,2005.44,2465.02,22.50%,2026-01-01,2026-01-15
2026-07-22 08:24:51,V20_Range_Breakout,BLUESTARCO.NS,1666.6,1573.78,1911.62,21.47%,2026-04-08,2026-04-20
2026-07-22 08:24:51,V20_Range_Breakout,HAVELLS.NS,1201.2,1373.11,1654.06,20.46%,2025-04-07,2025-04-22
2026-07-22 08:24:51,V20_Range_Breakout,CAMS.NS,772.45,869.97,1044.41,20.05%,2024-11-25,2024-12-05
2026-07-22 08:24:51,V20_Range_Breakout,TITAN.NS,4712.4,4523.9,5560.63,22.50%,2026-01-01,2026-01-15
2026-07-22 08:24:51,V20_Range_Breakout,UBL.NS,1430.0,1372.8,1687.4,22.50%,2026-01-01,2026-01-15
2026-07-22 08:24:51,V20_Range_Breakout,CIPLA.NS,1412.1,1355.62,1666.28,22.50%,2026-01-01,2026-01-15
2026-07-22 08:24:51,V20_Range_Breakout,ICICIGI.NS,1590.0,1526.4,1876.2,22.50%,2026-01-01,2026-01-15
2026-07-22 08:24:51,V20_Range_Breakout,FORTIS.NS,949.1,911.14,1119.94,22.50%,2026-01-01,2026-01-15
2026-07-22 11:45:46,V20_Range_Breakout,MRF.NS,132945.0,127627.2,156875.1,22.50%,2026-01-01,2026-01-15
2026-07-22 11:45:46,V20_Range_Breakout,TCS.NS,2208.3,2119.97,2605.79,22.50%,2026-01-01,2026-01-15
2026-07-22 11:45:46,V20_Range_Breakout,ICICIPRULI.NS,499.5,479.52,589.41,22.50%,2026-01-01,2026-01-15
2026-07-22 11:45:46,V20_Range_Breakout,AWL.NS,189.9,182.3,224.08,22.50%,2026-01-01,2026-01-15
2026-07-22 11:45:46,V20_Range_Breakout,HONAUT.NS,38095.0,28459.53,36446.95,28.07%,2026-05-19,2026-05-22
2026-07-22 11:45:46,V20_Range_Breakout,HDFCAMC.NS,2546.0,2444.16,3004.28,22.50%,2026-01-01,2026-01-15
2026-07-22 11:45:46,V20_Range_Breakout,INDHOTEL.NS,724.85,695.86,855.32,22.50%,2026-01-01,2026-01-15
2026-07-22 11:45:46,V20_Range_Breakout,UNITDSPR.NS,1404.2,1348.03,1656.96,22.50%,2026-01-01,2026-01-15
2026-07-22 11:45:46,V20_Range_Breakout,HYUNDAI.NS,1945.6,1867.78,2295.81,22.50%,2026-01-01,2026-01-15
2026-07-22 11:45:46,V20_Range_Breakout,ICICIGI.NS,1583.5,1520.16,1868.53,22.50%,2026-01-01,2026-01-15
2026-07-22 11:45:46,V20_Range_Breakout,PFIZER.NS,4644.6,4212.44,5601.44,32.97%,2025-05-19,2025-06-05
2026-07-22 11:45:46,V20_Range_Breakout,ULTRACEMCO.NS,11893.0,11417.28,14033.74,22.50%,2026-01-01,2026-01-15
2026-07-22 11:45:46,V20_Range_Breakout,KAJARIACER.NS,1229.6,945.5,1178.0,24.59%,2026-04-01,2026-04-15
2026-07-22 11:45:46,V20_Range_Breakout,NESTLEIND.NS,1493.6,1433.86,1762.45,22.50%,2026-01-01,2026-01-15
2026-07-22 11:45:46,V20_Range_Breakout,CAMS.NS,773.0,869.97,1044.41,20.05%,2024-11-25,2024-12-05
2026-07-22 11:45:46,V20_Range_Breakout,BAJAJ-AUTO.NS,10998.5,10558.56,12978.23,22.50%,2026-01-01,2026-01-15
2026-07-22 11:45:46,V20_Range_Breakout,JIOFIN.NS,234.8,271.48,346.46,27.62%,2024-02-19,2024-02-23
2026-07-22 11:45:46,V20_Range_Breakout,HDFCLIFE.NS,553.1,530.98,652.66,22.50%,2026-01-01,2026-01-15
2026-07-22 11:45:46,V20_Range_Breakout,PGHH.NS,8999.5,8639.52,10619.41,22.50%,2026-01-01,2026-01-15
2026-07-22 11:45:46,V20_Range_Breakout,CIPLA.NS,1415.1,1358.5,1669.82,22.50%,2026-01-01,2026-01-15
2026-07-22 11:45:46,V20_Range_Breakout,BSE.NS,3632.2,2384.72,2910.33,22.04%,2025-05-29,2025-06-05
2026-07-22 11:45:46,V20_Range_Breakout,ASIANPAINT.NS,2692.8,2585.09,3177.5,22.50%,2026-01-01,2026-01-15
2026-07-22 11:45:46,V20_Range_Breakout,MEDANTA.NS,1353.4,1009.64,1259.55,24.75%,2025-04-07,2025-04-08
2026-07-22 11:45:46,V20_Range_Breakout,VOLTAS.NS,1308.0,1125.16,1394.41,23.93%,2025-02-01,2025-02-03
2026-07-22 11:45:46,V20_Range_Breakout,COLPAL.NS,2107.1,2022.82,2486.38,22.50%,2026-01-01,2026-01-15
2026-07-22 11:45:46,V20_Range_Breakout,TEAMLEASE.NS,1338.4,2854.65,3478.0,21.84%,2024-07-23,2024-07-29
2026-07-22 11:45:46,V20_Range_Breakout,ACC.NS,1359.0,1304.64,1603.62,22.50%,2026-01-01,2026-01-15
2026-07-22 11:45:46,V20_Range_Breakout,VBL.NS,458.25,394.43,474.75,20.36%,2026-04-07,2026-04-17
2026-07-22 11:45:46,V20_Range_Breakout,DMART.NS,4000.5,3685.1,4562.6,23.81%,2026-03-24,2026-04-06
2026-07-22 11:45:46,V20_Range_Breakout,GLAXO.NS,2552.8,1894.45,2642.36,39.48%,2025-02-14,2025-02-20
2026-07-22 11:45:46,V20_Range_Breakout,AXISBANK.NS,1238.4,1188.86,1461.31,22.50%,2026-01-01,2026-01-15
2026-07-22 11:45:46,V20_Range_Breakout,SANOFI.NS,3409.4,5620.1,10037.9,78.61%,2024-06-07,2024-06-13
2026-07-22 11:45:46,V20_Range_Breakout,PAGEIND.NS,39820.0,38227.2,46987.6,22.50%,2026-01-01,2026-01-15
2026-07-22 11:45:46,V20_Range_Breakout,UBL.NS,1431.0,1373.76,1688.58,22.50%,2026-01-01,2026-01-15
2026-07-22 11:45:46,V20_Range_Breakout,HINDUNILVR.NS,2154.6,2068.42,2542.43,22.50%,2026-01-01,2026-01-15
2026-07-22 11:45:46,V20_Range_Breakout,RADICO.NS,4147.5,2710.0,3365.0,24.17%,2026-04-10,2026-04-20
2026-07-22 11:45:46,V20_Range_Breakout,BAJAJFINSV.NS,1876.4,1801.34,2214.15,22.50%,2026-01-01,2026-01-15
2026-07-22 11:45:46,V20_Range_Breakout,JSWINFRA.NS,330.0,316.8,389.4,22.50%,2026-01-01,2026-01-15
2026-07-22 11:45:46,V20_Range_Breakout,ADANIPORTS.NS,1819.4,1746.62,2146.89,22.50%,2026-01-01,2026-01-15
2026-07-22 11:45:46,V20_Range_Breakout,DABUR.NS,426.5,409.44,503.27,22.50%,2026-01-01,2026-01-15
2026-07-22 11:45:46,V20_Range_Breakout,QUESS.NS,295.65,240.59,302.5,25.73%,2026-06-30,2026-07-07
2026-07-22 11:45:46,V20_Range_Breakout,HCLTECH.NS,1237.3,1187.81,1460.01,22.50%,2026-01-01,2026-01-15
2026-07-22 11:45:46,V20_Range_Breakout,RELAXO.NS,401.5,363.7,439.95,20.97%,2026-07-17,2026-07-17
2026-07-22 11:45:46,V20_Range_Breakout,APOLLOHOSP.NS,8938.0,8580.48,10546.84,22.50%,2026-01-01,2026-01-15
2026-07-22 11:45:46,V20_Range_Breakout,SBIN.NS,1025.0,984.0,1209.5,22.50%,2026-01-01,2026-01-15
2026-07-22 11:45:46,V20_Range_Breakout,M&M.NS,3175.3,3048.29,3746.85,22.50%,2026-01-01,2026-01-15
2026-07-22 11:45:46,V20_Range_Breakout,PIDILITIND.NS,1608.6,1544.26,1898.15,22.50%,2026-01-01,2026-01-15
2026-07-22 11:45:46,V20_Range_Breakout,BOSCHLTD.NS,41560.0,29120.0,37670.0,29.36%,2026-04-01,2026-04-10
2026-07-22 11:45:46,V20_Range_Breakout,INFY.NS,1052.1,1010.02,1241.48,22.50%,2026-01-01,2026-01-15
2026-07-22 11:45:46,V20_Range_Breakout,KOTAKBANK.NS,381.15,365.9,449.76,22.50%,2026-01-01,2026-01-15
2026-07-22 11:45:46,V20_Range_Breakout,BATAINDIA.NS,694.4,666.62,819.39,22.50%,2026-01-01,2026-01-15
2026-07-22 11:45:46,V20_Range_Breakout,ERIS.NS,1440.6,1091.34,1389.64,27.33%,2025-04-07,2025-04-11
2026-07-22 11:45:46,V20_Range_Breakout,ABBOTINDIA.NS,28900.0,27744.0,34102.0,22.50%,2026-01-01,2026-01-15
2026-07-22 11:45:46,V20_Range_Breakout,CDSL.NS,1339.7,1286.11,1580.85,22.50%,2026-01-01,2026-01-15
2026-07-22 11:45:46,V20_Range_Breakout,BLUESTARCO.NS,1660.7,1573.78,1911.62,21.47%,2026-04-08,2026-04-20
2026-07-22 11:45:46,V20_Range_Breakout,HDFCBANK.NS,753.15,723.02,888.72,22.50%,2026-01-01,2026-01-15
2026-07-22 11:45:46,V20_Range_Breakout,FORTIS.NS,949.85,911.86,1120.82,22.50%,2026-01-01,2026-01-15
2026-07-22 11:45:46,V20_Range_Breakout,GILLETTE.NS,7909.0,7265.28,8796.35,21.07%,2025-02-18,2025-02-20
2026-07-22 11:45:46,V20_Range_Breakout,MARICO.NS,862.65,828.14,1017.93,22.50%,2026-01-01,2026-01-15
2026-07-22 11:45:46,V20_Range_Breakout,ANGELONE.NS,312.4,227.75,283.32,24.40%,2026-04-01,2026-04-09
2026-07-22 11:45:46,V20_Range_Breakout,EICHERMOT.NS,7632.0,7326.72,9005.76,22.50%,2026-01-01,2026-01-15
2026-07-22 11:45:46,V20_Range_Breakout,ITC.NS,280.8,269.57,331.34,22.50%,2026-01-01,2026-01-15
2026-07-22 11:45:46,V20_Range_Breakout,LT.NS,3817.4,3664.7,4504.53,22.50%,2026-01-01,2026-01-15
2026-07-22 11:45:46,V20_Range_Breakout,GODREJCP.NS,1068.8,1026.05,1261.18,22.50%,2026-01-01,2026-01-15
2026-07-22 11:45:46,V20_Range_Breakout,MARUTI.NS,13545.0,13003.2,15983.1,22.50%,2026-01-01,2026-01-15
2026-07-22 11:45:46,V20_Range_Breakout,MCX.NS,2803.9,903.55,1187.07,31.38%,2025-04-07,2025-04-21
2026-07-22 11:45:46,V20_Range_Breakout,LALPATHLAB.NS,1699.0,1631.04,2004.82,22.50%,2026-01-01,2026-01-15
2026-07-22 11:45:46,V20_Range_Breakout,NAM-INDIA.NS,1147.9,304.5,369.14,21.23%,2023-10-09,2023-10-13
2026-07-22 11:45:46,V20_Range_Breakout,HAVELLS.NS,1207.1,1373.11,1654.06,20.46%,2025-04-07,2025-04-22
2026-07-22 11:45:46,V20_Range_Breakout,ASTRAZEN.NS,8031.0,7793.36,9998.82,28.30%,2025-05-29,2025-06-05
2026-07-22 11:45:46,V20_Range_Breakout,DIXON.NS,13882.0,12749.33,16820.51,31.93%,2025-04-09,2025-04-22
2026-07-22 11:45:46,V20_Range_Breakout,BAJFINANCE.NS,1060.3,1017.89,1251.15,22.50%,2026-01-01,2026-01-15
2026-07-22 11:45:46,V20_Range_Breakout,TITAN.NS,4711.6,4523.14,5559.69,22.50%,2026-01-01,2026-01-15
2026-07-22 11:45:46,V20_Range_Breakout,RELIANCE.NS,1288.6,1237.06,1520.55,22.50%,2026-01-01,2026-01-15
2026-07-22 11:45:46,V20_Range_Breakout,ICICIBANK.NS,1440.7,1383.07,1700.03,22.50%,2026-01-01,2026-01-15
2026-07-23 08:25:46,V20_Range_Breakout,HINDUNILVR.NS,2157.2,2070.91,2545.5,22.50%,2026-01-01,2026-01-15
2026-07-23 08:25:46,V20_Range_Breakout,KAJARIACER.NS,1211.2,945.5,1178.0,24.59%,2026-04-01,2026-04-15
2026-07-23 08:25:46,V20_Range_Breakout,GILLETTE.NS,7817.0,7265.28,8796.35,21.07%,2025-02-18,2025-02-20
2026-07-23 08:25:46,V20_Range_Breakout,QUESS.NS,295.7,240.59,302.5,25.73%,2026-06-30,2026-07-07
2026-07-23 08:25:46,V20_Range_Breakout,DIXON.NS,13805.0,12749.33,16820.51,31.93%,2025-04-09,2025-04-22
2026-07-23 08:25:46,V20_Range_Breakout,RADICO.NS,4071.0,2710.0,3365.0,24.17%,2026-04-10,2026-04-20
2026-07-23 08:25:46,V20_Range_Breakout,AWL.NS,188.05,180.53,221.9,22.50%,2026-01-01,2026-01-15
2026-07-23 08:25:46,V20_Range_Breakout,BLUESTARCO.NS,1637.4,1573.78,1911.62,21.47%,2026-04-08,2026-04-20
2026-07-23 08:25:46,V20_Range_Breakout,ASTRAZEN.NS,7879.5,7793.36,9998.82,28.30%,2025-05-29,2025-06-05
2026-07-23 08:25:46,V20_Range_Breakout,ITC.NS,281.65,270.38,332.35,22.50%,2026-01-01,2026-01-15
2026-07-23 08:25:46,V20_Range_Breakout,NAM-INDIA.NS,1103.5,304.5,369.14,21.23%,2023-10-09,2023-10-13
2026-07-23 08:25:46,V20_Range_Breakout,MRF.NS,131845.0,126571.2,155577.1,22.50%,2026-01-01,2026-01-15
2026-07-23 08:25:46,V20_Range_Breakout,VOLTAS.NS,1308.2,1125.16,1394.41,23.93%,2025-02-01,2025-02-03
2026-07-23 08:25:46,V20_Range_Breakout,DABUR.NS,422.15,405.26,498.14,22.50%,2026-01-01,2026-01-15
2026-07-23 08:25:46,V20_Range_Breakout,COLPAL.NS,2086.1,2002.66,2461.6,22.50%,2026-01-01,2026-01-15
2026-07-23 08:25:46,V20_Range_Breakout,HCLTECH.NS,1246.8,1196.93,1471.22,22.50%,2026-01-01,2026-01-15
2026-07-23 08:25:46,V20_Range_Breakout,ACC.NS,1338.8,1285.25,1579.78,22.50%,2026-01-01,2026-01-15
2026-07-23 08:25:46,V20_Range_Breakout,ANGELONE.NS,305.45,227.75,283.32,24.40%,2026-04-01,2026-04-09
2026-07-23 08:25:46,V20_Range_Breakout,INFY.NS,1044.0,1002.24,1231.92,22.50%,2026-01-01,2026-01-15
2026-07-23 08:25:46,V20_Range_Breakout,MARICO.NS,852.55,818.45,1006.01,22.50%,2026-01-01,2026-01-15
2026-07-23 08:25:46,V20_Range_Breakout,ICICIBANK.NS,1432.0,1374.72,1689.76,22.50%,2026-01-01,2026-01-15
2026-07-23 08:25:46,V20_Range_Breakout,HDFCLIFE.NS,551.1,529.06,650.3,22.50%,2026-01-01,2026-01-15
2026-07-23 08:25:46,V20_Range_Breakout,ASIANPAINT.NS,2676.6,2569.54,3158.39,22.50%,2026-01-01,2026-01-15
2026-07-23 08:25:46,V20_Range_Breakout,EICHERMOT.NS,7721.0,7412.16,9110.78,22.50%,2026-01-01,2026-01-15
2026-07-23 08:25:46,V20_Range_Breakout,PFIZER.NS,4657.4,4212.44,5601.44,32.97%,2025-05-19,2025-06-05
2026-07-23 08:25:46,V20_Range_Breakout,HYUNDAI.NS,1963.4,1884.86,2316.81,22.50%,2026-01-01,2026-01-15
2026-07-23 08:25:46,V20_Range_Breakout,APOLLOHOSP.NS,8835.0,8481.6,10425.3,22.50%,2026-01-01,2026-01-15
2026-07-23 08:25:46,V20_Range_Breakout,GLAXO.NS,2536.4,1894.45,2642.36,39.48%,2025-02-14,2025-02-20
2026-07-23 08:25:46,V20_Range_Breakout,UNITDSPR.NS,1417.6,1360.9,1672.77,22.50%,2026-01-01,2026-01-15
2026-07-23 08:25:46,V20_Range_Breakout,VBL.NS,459.5,394.43,474.75,20.36%,2026-04-07,2026-04-17
2026-07-23 08:25:46,V20_Range_Breakout,HDFCAMC.NS,2505.6,2405.38,2956.61,22.50%,2026-01-01,2026-01-15
2026-07-23 08:25:46,V20_Range_Breakout,HAVELLS.NS,1210.0,1373.11,1654.06,20.46%,2025-04-07,2025-04-22
2026-07-23 08:25:46,V20_Range_Breakout,RELIANCE.NS,1273.1,1222.18,1502.26,22.50%,2026-01-01,2026-01-15
2026-07-23 08:25:46,V20_Range_Breakout,MARUTI.NS,13427.0,12889.92,15843.86,22.50%,2026-01-01,2026-01-15
2026-07-23 08:25:46,V20_Range_Breakout,BSE.NS,3590.0,2384.72,2910.33,22.04%,2025-05-29,2025-06-05
2026-07-23 08:25:46,V20_Range_Breakout,PGHH.NS,8992.0,8632.32,10610.56,22.50%,2026-01-01,2026-01-15
2026-07-23 08:25:46,V20_Range_Breakout,GODREJCP.NS,1063.7,1021.15,1255.17,22.50%,2026-01-01,2026-01-15
2026-07-23 08:25:46,V20_Range_Breakout,INDHOTEL.NS,723.95,694.99,854.26,22.50%,2026-01-01,2026-01-15
2026-07-23 08:25:46,V20_Range_Breakout,RELAXO.NS,398.9,363.7,439.95,20.97%,2026-07-17,2026-07-17
2026-07-23 08:25:46,V20_Range_Breakout,KOTAKBANK.NS,383.15,367.82,452.12,22.50%,2026-01-01,2026-01-15
2026-07-23 08:25:46,V20_Range_Breakout,ULTRACEMCO.NS,11925.0,11448.0,14071.5,22.50%,2026-01-01,2026-01-15
2026-07-23 08:25:46,V20_Range_Breakout,ABBOTINDIA.NS,28750.0,27600.0,33925.0,22.50%,2026-01-01,2026-01-15
2026-07-23 08:25:46,V20_Range_Breakout,BAJAJ-AUTO.NS,11274.5,10823.52,13303.91,22.50%,2026-01-01,2026-01-15
2026-07-23 08:25:46,V20_Range_Breakout,HONAUT.NS,38030.0,28459.53,36446.95,28.07%,2026-05-19,2026-05-22
2026-07-23 08:25:46,V20_Range_Breakout,TEAMLEASE.NS,1322.7,2854.65,3478.0,21.84%,2024-07-23,2024-07-29
2026-07-23 08:25:46,V20_Range_Breakout,TITAN.NS,4691.3,4503.65,5535.73,22.50%,2026-01-01,2026-01-15
2026-07-23 08:25:46,V20_Range_Breakout,ADANIPORTS.NS,1790.3,1718.69,2112.55,22.50%,2026-01-01,2026-01-15
2026-07-23 08:25:46,V20_Range_Breakout,JIOFIN.NS,233.51,271.48,346.46,27.62%,2024-02-19,2024-02-23
2026-07-23 08:25:46,V20_Range_Breakout,CIPLA.NS,1374.1,1319.14,1621.44,22.50%,2026-01-01,2026-01-15
2026-07-23 08:25:46,V20_Range_Breakout,CDSL.NS,1325.8,1272.77,1564.44,22.50%,2026-01-01,2026-01-15
2026-07-23 08:25:46,V20_Range_Breakout,FORTIS.NS,943.7,905.95,1113.57,22.50%,2026-01-01,2026-01-15
2026-07-23 08:25:46,V20_Range_Breakout,BAJAJFINSV.NS,1888.9,1813.34,2228.9,22.50%,2026-01-01,2026-01-15
2026-07-23 08:25:46,V20_Range_Breakout,M&M.NS,3229.3,3100.13,3810.57,22.50%,2026-01-01,2026-01-15
2026-07-23 08:25:46,V20_Range_Breakout,NESTLEIND.NS,1452.4,1394.3,1713.83,22.50%,2026-01-01,2026-01-15
2026-07-23 08:25:46,V20_Range_Breakout,LALPATHLAB.NS,1687.6,1620.1,1991.37,22.50%,2026-01-01,2026-01-15
2026-07-23 08:25:46,V20_Range_Breakout,ICICIPRULI.NS,499.0,479.04,588.82,22.50%,2026-01-01,2026-01-15
2026-07-23 08:25:46,V20_Range_Breakout,MCX.NS,2733.0,903.55,1187.07,31.38%,2025-04-07,2025-04-21
2026-07-23 08:25:46,V20_Range_Breakout,MEDANTA.NS,1380.9,1009.64,1259.55,24.75%,2025-04-07,2025-04-08
2026-07-23 08:25:46,V20_Range_Breakout,PAGEIND.NS,40250.0,38640.0,47495.0,22.50%,2026-01-01,2026-01-15
2026-07-23 08:25:46,V20_Range_Breakout,BATAINDIA.NS,677.2,650.11,799.1,22.50%,2026-01-01,2026-01-15
2026-07-23 08:25:46,V20_Range_Breakout,UBL.NS,1399.6,1343.62,1651.53,22.50%,2026-01-01,2026-01-15
2026-07-23 08:25:46,V20_Range_Breakout,BOSCHLTD.NS,42280.0,29120.0,37670.0,29.36%,2026-04-01,2026-04-10
2026-07-23 08:25:46,V20_Range_Breakout,LT.NS,3791.2,3639.55,4473.62,22.50%,2026-01-01,2026-01-15
2026-07-23 08:25:46,V20_Range_Breakout,CAMS.NS,757.15,869.97,1044.41,20.05%,2024-11-25,2024-12-05
2026-07-23 08:25:46,V20_Range_Breakout,ERIS.NS,1417.0,1091.34,1389.64,27.33%,2025-04-07,2025-04-11
2026-07-23 08:25:46,V20_Range_Breakout,SBIN.NS,1014.1,973.54,1196.64,22.50%,2026-01-01,2026-01-15
2026-07-23 08:25:46,V20_Range_Breakout,HDFCBANK.NS,745.5,715.68,879.69,22.50%,2026-01-01,2026-01-15
2026-07-23 08:25:46,V20_Range_Breakout,SANOFI.NS,3388.5,5620.1,10037.9,78.61%,2024-06-07,2024-06-13
2026-07-23 08:25:46,V20_Range_Breakout,TCS.NS,2239.0,2149.44,2642.02,22.50%,2026-01-01,2026-01-15
2026-07-23 08:25:46,V20_Range_Breakout,ICICIGI.NS,1605.2,1540.99,1894.14,22.50%,2026-01-01,2026-01-15
2026-07-23 08:25:46,V20_Range_Breakout,PIDILITIND.NS,1568.5,1505.76,1850.83,22.50%,2026-01-01,2026-01-15
2026-07-23 08:25:46,V20_Range_Breakout,DMART.NS,4038.7,3685.1,4562.6,23.81%,2026-03-24,2026-04-06
2026-07-23 08:25:46,V20_Range_Breakout,JSWINFRA.NS,325.0,312.0,383.5,22.50%,2026-01-01,2026-01-15
2026-07-23 08:25:46,V20_Range_Breakout,AXISBANK.NS,1222.7,1173.79,1442.79,22.50%,2026-01-01,2026-01-15
2026-07-23 08:25:46,V20_Range_Breakout,BAJFINANCE.NS,1046.7,1004.83,1235.11,22.50%,2026-01-01,2026-01-15
2026-07-23 11:49:14,V20_Range_Breakout,LALPATHLAB.NS,1687.1,1619.62,1990.78,22.50%,2026-01-01,2026-01-15
2026-07-23 11:49:14,V20_Range_Breakout,HDFCLIFE.NS,550.95,528.91,650.12,22.50%,2026-01-01,2026-01-15
2026-07-23 11:49:14,V20_Range_Breakout,UBL.NS,1397.7,1341.79,1649.29,22.50%,2026-01-01,2026-01-15
2026-07-23 11:49:14,V20_Range_Breakout,ACC.NS,1333.9,1280.54,1574.0,22.50%,2026-01-01,2026-01-15
2026-07-23 11:49:14,V20_Range_Breakout,DABUR.NS,423.15,406.22,499.32,22.50%,2026-01-01,2026-01-15
2026-07-23 11:49:14,V20_Range_Breakout,GILLETTE.NS,7787.0,7265.28,8796.35,21.07%,2025-02-18,2025-02-20
2026-07-23 11:49:14,V20_Range_Breakout,GODREJCP.NS,1058.6,1016.26,1249.15,22.50%,2026-01-01,2026-01-15
2026-07-23 11:49:14,V20_Range_Breakout,ULTRACEMCO.NS,11908.0,11431.68,14051.44,22.50%,2026-01-01,2026-01-15
2026-07-23 11:49:14,V20_Range_Breakout,NESTLEIND.NS,1447.9,1389.98,1708.52,22.50%,2026-01-01,2026-01-15
2026-07-23 11:49:14,V20_Range_Breakout,INFY.NS,1047.4,1005.5,1235.93,22.50%,2026-01-01,2026-01-15
2026-07-23 11:49:14,V20_Range_Breakout,PFIZER.NS,4652.4,4212.44,5601.44,32.97%,2025-05-19,2025-06-05
2026-07-23 11:49:14,V20_Range_Breakout,BOSCHLTD.NS,42240.0,29120.0,37670.0,29.36%,2026-04-01,2026-04-10
2026-07-23 11:49:14,V20_Range_Breakout,HDFCBANK.NS,747.25,717.36,881.75,22.50%,2026-01-01,2026-01-15
2026-07-23 11:49:14,V20_Range_Breakout,INDHOTEL.NS,724.05,695.09,854.38,22.50%,2026-01-01,2026-01-15
2026-07-23 11:49:14,V20_Range_Breakout,HDFCAMC.NS,2508.7,2408.35,2960.27,22.50%,2026-01-01,2026-01-15
2026-07-23 11:49:14,V20_Range_Breakout,ASTRAZEN.NS,7872.0,7793.36,9998.82,28.30%,2025-05-29,2025-06-05
2026-07-23 11:49:14,V20_Range_Breakout,DMART.NS,4035.0,3685.1,4562.6,23.81%,2026-03-24,2026-04-06
2026-07-23 11:49:14,V20_Range_Breakout,BAJFINANCE.NS,1039.8,998.21,1226.96,22.50%,2026-01-01,2026-01-15
2026-07-23 11:49:14,V20_Range_Breakout,ICICIBANK.NS,1434.6,1377.22,1692.83,22.50%,2026-01-01,2026-01-15
2026-07-23 11:49:14,V20_Range_Breakout,TITAN.NS,4697.3,4509.41,5542.81,22.50%,2026-01-01,2026-01-15
2026-07-23 11:49:14,V20_Range_Breakout,MARUTI.NS,13403.0,12866.88,15815.54,22.50%,2026-01-01,2026-01-15
2026-07-23 11:49:14,V20_Range_Breakout,VBL.NS,459.05,394.43,474.75,20.36%,2026-04-07,2026-04-17
2026-07-23 11:49:14,V20_Range_Breakout,KOTAKBANK.NS,383.35,368.02,452.35,22.50%,2026-01-01,2026-01-15
2026-07-23 11:49:14,V20_Range_Breakout,SANOFI.NS,3394.3,5620.1,10037.9,78.61%,2024-06-07,2024-06-13
2026-07-23 11:49:14,V20_Range_Breakout,HCLTECH.NS,1244.7,1194.91,1468.75,22.50%,2026-01-01,2026-01-15
2026-07-23 11:49:14,V20_Range_Breakout,HONAUT.NS,37905.0,28459.53,36446.95,28.07%,2026-05-19,2026-05-22
2026-07-23 11:49:14,V20_Range_Breakout,HAVELLS.NS,1209.9,1373.11,1654.06,20.46%,2025-04-07,2025-04-22
2026-07-23 11:49:14,V20_Range_Breakout,HINDUNILVR.NS,2161.8,2075.33,2550.92,22.50%,2026-01-01,2026-01-15
2026-07-23 11:49:14,V20_Range_Breakout,TEAMLEASE.NS,1311.8,2854.65,3478.0,21.84%,2024-07-23,2024-07-29
2026-07-23 11:49:14,V20_Range_Breakout,KAJARIACER.NS,1209.6,945.5,1178.0,24.59%,2026-04-01,2026-04-15
2026-07-23 11:49:14,V20_Range_Breakout,NAM-INDIA.NS,1105.8,304.5,369.14,21.23%,2023-10-09,2023-10-13
2026-07-23 11:49:14,V20_Range_Breakout,GLAXO.NS,2495.0,1894.45,2642.36,39.48%,2025-02-14,2025-02-20
2026-07-23 11:49:14,V20_Range_Breakout,PAGEIND.NS,40270.0,38659.2,47518.6,22.50%,2026-01-01,2026-01-15
2026-07-23 11:49:14,V20_Range_Breakout,MCX.NS,2752.6,903.55,1187.07,31.38%,2025-04-07,2025-04-21
2026-07-23 11:49:14,V20_Range_Breakout,RELIANCE.NS,1272.2,1221.31,1501.2,22.50%,2026-01-01,2026-01-15
2026-07-23 11:49:14,V20_Range_Breakout,AWL.NS,187.42,179.92,221.16,22.50%,2026-01-01,2026-01-15
2026-07-23 11:49:14,V20_Range_Breakout,DIXON.NS,13829.0,12749.33,16820.51,31.93%,2025-04-09,2025-04-22
2026-07-23 11:49:14,V20_Range_Breakout,CIPLA.NS,1393.0,1337.28,1643.74,22.50%,2026-01-01,2026-01-15
2026-07-23 11:49:14,V20_Range_Breakout,UNITDSPR.NS,1418.0,1361.28,1673.24,22.50%,2026-01-01,2026-01-15
2026-07-23 11:49:14,V20_Range_Breakout,PGHH.NS,8984.0,8624.64,10601.12,22.50%,2026-01-01,2026-01-15
2026-07-23 11:49:14,V20_Range_Breakout,ITC.NS,281.3,270.05,331.93,22.50%,2026-01-01,2026-01-15
2026-07-23 11:49:14,V20_Range_Breakout,QUESS.NS,297.65,240.59,302.5,25.73%,2026-06-30,2026-07-07
2026-07-23 11:49:14,V20_Range_Breakout,RADICO.NS,4065.3,2710.0,3365.0,24.17%,2026-04-10,2026-04-20
2026-07-23 11:49:14,V20_Range_Breakout,BATAINDIA.NS,676.25,649.2,797.97,22.50%,2026-01-01,2026-01-15
2026-07-23 11:49:14,V20_Range_Breakout,TCS.NS,2242.9,2153.18,2646.62,22.50%,2026-01-01,2026-01-15
2026-07-23 11:49:14,V20_Range_Breakout,BAJAJ-AUTO.NS,11283.5,10832.16,13314.53,22.50%,2026-01-01,2026-01-15
2026-07-23 11:49:14,V20_Range_Breakout,CAMS.NS,758.15,869.97,1044.41,20.05%,2024-11-25,2024-12-05
2026-07-23 11:49:14,V20_Range_Breakout,AXISBANK.NS,1223.0,1174.08,1443.14,22.50%,2026-01-01,2026-01-15
2026-07-23 11:49:14,V20_Range_Breakout,COLPAL.NS,2085.8,2002.37,2461.24,22.50%,2026-01-01,2026-01-15
2026-07-23 11:49:14,V20_Range_Breakout,CDSL.NS,1323.4,1270.46,1561.61,22.50%,2026-01-01,2026-01-15
2026-07-23 11:49:14,V20_Range_Breakout,LT.NS,3792.4,3640.7,4475.03,22.50%,2026-01-01,2026-01-15
2026-07-23 11:49:14,V20_Range_Breakout,BLUESTARCO.NS,1633.9,1573.78,1911.62,21.47%,2026-04-08,2026-04-20
2026-07-23 11:49:14,V20_Range_Breakout,ICICIPRULI.NS,501.5,481.44,591.77,22.50%,2026-01-01,2026-01-15
2026-07-23 11:49:14,V20_Range_Breakout,VOLTAS.NS,1310.2,1125.16,1394.41,23.93%,2025-02-01,2025-02-03
2026-07-23 11:49:14,V20_Range_Breakout,ASIANPAINT.NS,2668.8,2562.05,3149.18,22.50%,2026-01-01,2026-01-15
2026-07-23 11:49:14,V20_Range_Breakout,HYUNDAI.NS,1954.4,1876.22,2306.19,22.50%,2026-01-01,2026-01-15
2026-07-23 11:49:14,V20_Range_Breakout,ADANIPORTS.NS,1778.5,1707.36,2098.63,22.50%,2026-01-01,2026-01-15
2026-07-23 11:49:14,V20_Range_Breakout,RELAXO.NS,396.1,363.7,439.95,20.97%,2026-07-17,2026-07-17
2026-07-23 11:49:14,V20_Range_Breakout,FORTIS.NS,943.65,905.9,1113.51,22.50%,2026-01-01,2026-01-15
2026-07-23 11:49:14,V20_Range_Breakout,ANGELONE.NS,306.05,227.75,283.32,24.40%,2026-04-01,2026-04-09
2026-07-23 11:49:14,V20_Range_Breakout,APOLLOHOSP.NS,8862.0,8507.52,10457.16,22.50%,2026-01-01,2026-01-15
2026-07-23 11:49:14,V20_Range_Breakout,ABBOTINDIA.NS,28690.0,27542.4,33854.2,22.50%,2026-01-01,2026-01-15
2026-07-23 11:49:14,V20_Range_Breakout,SBIN.NS,1012.6,972.1,1194.87,22.50%,2026-01-01,2026-01-15
2026-07-23 11:49:14,V20_Range_Breakout,BSE.NS,3579.0,2384.72,2910.33,22.04%,2025-05-29,2025-06-05
2026-07-23 11:49:14,V20_Range_Breakout,MRF.NS,132030.0,126748.8,155795.4,22.50%,2026-01-01,2026-01-15
2026-07-23 11:49:14,V20_Range_Breakout,MEDANTA.NS,1378.2,1009.64,1259.55,24.75%,2025-04-07,2025-04-08
2026-07-23 11:49:14,V20_Range_Breakout,JSWINFRA.NS,324.5,311.52,382.91,22.50%,2026-01-01,2026-01-15
2026-07-23 11:49:14,V20_Range_Breakout,BAJAJFINSV.NS,1889.4,1813.82,2229.49,22.50%,2026-01-01,2026-01-15
2026-07-23 11:49:14,V20_Range_Breakout,ICICIGI.NS,1619.0,1554.24,1910.42,22.50%,2026-01-01,2026-01-15
2026-07-23 11:49:14,V20_Range_Breakout,M&M.NS,3229.7,3100.51,3811.05,22.50%,2026-01-01,2026-01-15
2026-07-23 11:49:14,V20_Range_Breakout,JIOFIN.NS,233.16,271.48,346.46,27.62%,2024-02-19,2024-02-23
2026-07-23 11:49:14,V20_Range_Breakout,PIDILITIND.NS,1564.2,1501.63,1845.76,22.50%,2026-01-01,2026-01-15
2026-07-23 11:49:14,V20_Range_Breakout,ERIS.NS,1395.6,1091.34,1389.64,27.33%,2025-04-07,2025-04-11
2026-07-23 11:49:14,V20_Range_Breakout,EICHERMOT.NS,7721.5,7412.64,9111.37,22.50%,2026-01-01,2026-01-15
2026-07-23 11:49:14,V20_Range_Breakout,MARICO.NS,853.2,819.07,1006.78,22.50%,2026-01-01,2026-01-15
2026-07-24 08:23:58,V20_Range_Breakout,GILLETTE.NS,7813.5,7265.28,8796.35,21.07%,2025-02-18,2025-02-20
2026-07-24 08:23:58,V20_Range_Breakout,MARUTI.NS,13445.0,12907.2,15865.1,22.50%,2026-01-01,2026-01-15
2026-07-24 08:23:58,V20_Range_Breakout,BATAINDIA.NS,683.0,655.68,805.94,22.50%,2026-01-01,2026-01-15
2026-07-24 08:23:58,V20_Range_Breakout,QUESS.NS,294.65,240.59,302.5,25.73%,2026-06-30,2026-07-07
2026-07-24 08:23:58,V20_Range_Breakout,JSWINFRA.NS,320.45,307.63,378.13,22.50%,2026-01-01,2026-01-15
2026-07-24 08:23:58,V20_Range_Breakout,MCX.NS,2732.0,903.55,1187.07,31.38%,2025-04-07,2025-04-21
2026-07-24 08:23:58,V20_Range_Breakout,EICHERMOT.NS,7623.5,7318.56,8995.73,22.50%,2026-01-01,2026-01-15
2026-07-24 08:23:58,V20_Range_Breakout,ASTRAZEN.NS,7926.0,7793.36,9998.82,28.30%,2025-05-29,2025-06-05
2026-07-24 08:23:58,V20_Range_Breakout,RELIANCE.NS,1278.6,1227.46,1508.75,22.50%,2026-01-01,2026-01-15
2026-07-24 08:23:58,V20_Range_Breakout,SBIN.NS,1013.4,972.86,1195.81,22.50%,2026-01-01,2026-01-15
2026-07-24 08:23:58,V20_Range_Breakout,HDFCLIFE.NS,555.35,533.14,655.31,22.50%,2026-01-01,2026-01-15
2026-07-24 08:23:58,V20_Range_Breakout,BLUESTARCO.NS,1645.0,1573.78,1911.62,21.47%,2026-04-08,2026-04-20
2026-07-24 08:23:58,V20_Range_Breakout,VOLTAS.NS,1328.9,1125.16,1394.41,23.93%,2025-02-01,2025-02-03
2026-07-24 08:23:58,V20_Range_Breakout,M&M.NS,3154.1,3027.94,3721.84,22.50%,2026-01-01,2026-01-15
2026-07-24 08:23:58,V20_Range_Breakout,RADICO.NS,4075.2,2704.0,3357.55,24.17%,2026-04-10,2026-04-20
2026-07-24 08:23:58,V20_Range_Breakout,MRF.NS,130855.0,125620.8,154408.9,22.50%,2026-01-01,2026-01-15
2026-07-24 08:23:58,V20_Range_Breakout,BAJAJFINSV.NS,1875.7,1800.67,2213.33,22.50%,2026-01-01,2026-01-15
2026-07-24 08:23:58,V20_Range_Breakout,BAJFINANCE.NS,1012.3,971.81,1194.51,22.50%,2026-01-01,2026-01-15
2026-07-24 08:23:58,V20_Range_Breakout,NESTLEIND.NS,1444.5,1386.72,1704.51,22.50%,2026-01-01,2026-01-15
2026-07-24 08:23:58,V20_Range_Breakout,AXISBANK.NS,1227.5,1178.4,1448.45,22.50%,2026-01-01,2026-01-15
2026-07-24 08:23:58,V20_Range_Breakout,TEAMLEASE.NS,1313.2,2854.65,3478.0,21.84%,2024-07-23,2024-07-29
2026-07-24 08:23:58,V20_Range_Breakout,ASIANPAINT.NS,2644.7,2538.91,3120.75,22.50%,2026-01-01,2026-01-15
2026-07-24 08:23:58,V20_Range_Breakout,PFIZER.NS,4623.0,4212.44,5601.44,32.97%,2025-05-19,2025-06-05
2026-07-24 08:23:58,V20_Range_Breakout,HDFCBANK.NS,746.75,716.88,881.16,22.50%,2026-01-01,2026-01-15
2026-07-24 08:23:58,V20_Range_Breakout,ADANIPORTS.NS,1768.6,1697.86,2086.95,22.50%,2026-01-01,2026-01-15
2026-07-24 08:23:58,V20_Range_Breakout,PIDILITIND.NS,1576.5,1513.44,1860.27,22.50%,2026-01-01,2026-01-15
2026-07-24 08:23:58,V20_Range_Breakout,HAVELLS.NS,1233.8,1373.11,1654.06,20.46%,2025-04-07,2025-04-22
2026-07-24 08:23:58,V20_Range_Breakout,COLPAL.NS,2093.2,2009.47,2469.98,22.50%,2026-01-01,2026-01-15
2026-07-24 08:23:58,V20_Range_Breakout,HYUNDAI.NS,1970.2,1891.39,2324.84,22.50%,2026-01-01,2026-01-15
2026-07-24 08:23:58,V20_Range_Breakout,RELAXO.NS,399.25,363.7,439.95,20.97%,2026-07-17,2026-07-17
2026-07-24 08:23:58,V20_Range_Breakout,PAGEIND.NS,40300.0,38688.0,47554.0,22.50%,2026-01-01,2026-01-15
2026-07-24 08:23:58,V20_Range_Breakout,HONAUT.NS,37280.0,28459.53,36446.95,28.07%,2026-05-19,2026-05-22
2026-07-24 08:23:58,V20_Range_Breakout,ERIS.NS,1404.6,1091.34,1389.64,27.33%,2025-04-07,2025-04-11
2026-07-24 08:23:58,V20_Range_Breakout,LALPATHLAB.NS,1697.1,1629.22,2002.58,22.50%,2026-01-01,2026-01-15
2026-07-24 08:23:58,V20_Range_Breakout,SANOFI.NS,3397.0,5620.1,10037.9,78.61%,2024-06-07,2024-06-13
2026-07-24 08:23:58,V20_Range_Breakout,DIXON.NS,13770.0,12749.33,16820.51,31.93%,2025-04-09,2025-04-22
2026-07-24 08:23:58,V20_Range_Breakout,BAJAJ-AUTO.NS,11150.0,10704.0,13157.0,22.50%,2026-01-01,2026-01-15
2026-07-24 08:23:58,V20_Range_Breakout,HINDUNILVR.NS,2142.5,2056.8,2528.15,22.50%,2026-01-01,2026-01-15
2026-07-24 08:23:58,V20_Range_Breakout,TITAN.NS,4687.0,4499.52,5530.66,22.50%,2026-01-01,2026-01-15
2026-07-24 08:23:58,V20_Range_Breakout,ULTRACEMCO.NS,11802.0,11329.92,13926.36,22.50%,2026-01-01,2026-01-15
2026-07-24 08:23:58,V20_Range_Breakout,MEDANTA.NS,1371.4,1009.64,1259.55,24.75%,2025-04-07,2025-04-08
2026-07-24 08:23:58,V20_Range_Breakout,TCS.NS,2245.7,2155.87,2649.93,22.50%,2026-01-01,2026-01-15
2026-07-24 08:23:58,V20_Range_Breakout,PGHH.NS,9000.0,8640.0,10620.0,22.50%,2026-01-01,2026-01-15
2026-07-24 08:23:58,V20_Range_Breakout,CAMS.NS,763.35,869.97,1044.41,20.05%,2024-11-25,2024-12-05
2026-07-24 08:23:58,V20_Range_Breakout,VBL.NS,456.45,394.43,474.75,20.36%,2026-04-07,2026-04-17
2026-07-24 08:23:58,V20_Range_Breakout,NAM-INDIA.NS,1115.7,304.5,369.14,21.23%,2023-10-09,2023-10-13
2026-07-24 08:23:58,V20_Range_Breakout,KAJARIACER.NS,1218.1,945.5,1178.0,24.59%,2026-04-01,2026-04-15
2026-07-24 08:23:58,V20_Range_Breakout,UNITDSPR.NS,1476.9,1417.82,1742.74,22.50%,2026-01-01,2026-01-15
2026-07-24 08:23:58,V20_Range_Breakout,UBL.NS,1402.7,1346.59,1655.19,22.50%,2026-01-01,2026-01-15
2026-07-24 08:23:58,V20_Range_Breakout,KOTAKBANK.NS,385.7,370.27,455.13,22.50%,2026-01-01,2026-01-15
2026-07-24 08:23:58,V20_Range_Breakout,FORTIS.NS,940.3,902.69,1109.55,22.50%,2026-01-01,2026-01-15
2026-07-24 08:23:58,V20_Range_Breakout,INFY.NS,1026.0,984.96,1210.68,22.50%,2026-01-01,2026-01-15
2026-07-24 08:23:58,V20_Range_Breakout,DABUR.NS,423.7,406.75,499.97,22.50%,2026-01-01,2026-01-15
2026-07-24 08:23:58,V20_Range_Breakout,HDFCAMC.NS,2517.4,2416.7,2970.53,22.50%,2026-01-01,2026-01-15
2026-07-24 08:23:58,V20_Range_Breakout,MARICO.NS,853.4,819.26,1007.01,22.50%,2026-01-01,2026-01-15
2026-07-24 08:23:58,V20_Range_Breakout,GLAXO.NS,2479.2,1894.45,2642.36,39.48%,2025-02-14,2025-02-20
2026-07-24 08:23:58,V20_Range_Breakout,CIPLA.NS,1419.6,1362.82,1675.13,22.50%,2026-01-01,2026-01-15
2026-07-24 08:23:58,V20_Range_Breakout,HCLTECH.NS,1261.3,1210.85,1488.33,22.50%,2026-01-01,2026-01-15
2026-07-24 08:23:58,V20_Range_Breakout,ITC.NS,284.25,272.88,335.41,22.50%,2026-01-01,2026-01-15
2026-07-24 08:23:58,V20_Range_Breakout,LT.NS,3793.8,3642.05,4476.68,22.50%,2026-01-01,2026-01-15
2026-07-24 08:23:58,V20_Range_Breakout,BOSCHLTD.NS,41805.0,29120.0,37670.0,29.36%,2026-04-01,2026-04-10
2026-07-24 08:23:58,V20_Range_Breakout,ABBOTINDIA.NS,27955.0,26836.8,32986.9,22.50%,2026-01-01,2026-01-15
2026-07-24 08:23:58,V20_Range_Breakout,ACC.NS,1337.1,1283.62,1577.78,22.50%,2026-01-01,2026-01-15
2026-07-24 08:23:58,V20_Range_Breakout,DMART.NS,4010.8,3685.1,4562.6,23.81%,2026-03-24,2026-04-06
2026-07-24 08:23:58,V20_Range_Breakout,ICICIBANK.NS,1435.3,1377.89,1693.65,22.50%,2026-01-01,2026-01-15
2026-07-24 08:23:58,V20_Range_Breakout,BSE.NS,3547.1,2384.72,2910.33,22.04%,2025-05-29,2025-06-05
2026-07-24 08:23:58,V20_Range_Breakout,ANGELONE.NS,309.1,227.75,283.32,24.40%,2026-04-01,2026-04-09
2026-07-24 08:23:58,V20_Range_Breakout,CDSL.NS,1336.5,1283.04,1577.07,22.50%,2026-01-01,2026-01-15
2026-07-24 08:23:58,V20_Range_Breakout,AWL.NS,188.49,180.95,222.42,22.50%,2026-01-01,2026-01-15
2026-07-24 08:23:58,V20_Range_Breakout,GODREJCP.NS,1064.1,1021.54,1255.64,22.50%,2026-01-01,2026-01-15
2026-07-24 08:23:58,V20_Range_Breakout,ICICIGI.NS,1658.7,1592.35,1957.27,22.50%,2026-01-01,2026-01-15
2026-07-24 08:23:58,V20_Range_Breakout,ICICIPRULI.NS,500.75,480.72,590.88,22.50%,2026-01-01,2026-01-15
2026-07-24 08:23:58,V20_Range_Breakout,APOLLOHOSP.NS,8813.5,8460.96,10399.93,22.50%,2026-01-01,2026-01-15
2026-07-24 08:23:58,V20_Range_Breakout,INDHOTEL.NS,722.0,693.12,851.96,22.50%,2026-01-01,2026-01-15
2026-07-24 08:23:58,V20_Range_Breakout,JIOFIN.NS,234.93,271.48,346.46,27.62%,2024-02-19,2024-02-23
2026-07-24 11:40:05,V20_Range_Breakout,QUESS.NS,295.4,240.59,302.5,25.73%,2026-06-30,2026-07-07
2026-07-24 11:40:05,V20_Range_Breakout,MARUTI.NS,13442.0,12904.32,15861.56,22.50%,2026-01-01,2026-01-15
2026-07-24 11:40:05,V20_Range_Breakout,HONAUT.NS,37345.0,28459.53,36446.95,28.07%,2026-05-19,2026-05-22
2026-07-24 11:40:05,V20_Range_Breakout,M&M.NS,3161.4,3034.94,3730.45,22.50%,2026-01-01,2026-01-15
2026-07-24 11:40:05,V20_Range_Breakout,HCLTECH.NS,1271.0,1220.16,1499.78,22.50%,2026-01-01,2026-01-15
2026-07-24 11:40:05,V20_Range_Breakout,HINDUNILVR.NS,2145.0,2059.2,2531.1,22.50%,2026-01-01,2026-01-15
2026-07-24 11:40:05,V20_Range_Breakout,UBL.NS,1398.6,1342.66,1650.35,22.50%,2026-01-01,2026-01-15
2026-07-24 11:40:05,V20_Range_Breakout,CDSL.NS,1333.1,1279.78,1573.06,22.50%,2026-01-01,2026-01-15
2026-07-24 11:40:05,V20_Range_Breakout,VOLTAS.NS,1327.3,1125.16,1394.41,23.93%,2025-02-01,2025-02-03
2026-07-24 11:40:05,V20_Range_Breakout,MARICO.NS,855.6,821.38,1009.61,22.50%,2026-01-01,2026-01-15
2026-07-24 11:40:05,V20_Range_Breakout,PFIZER.NS,4623.6,4212.44,5601.44,32.97%,2025-05-19,2025-06-05
2026-07-24 11:40:05,V20_Range_Breakout,BATAINDIA.NS,689.95,662.35,814.14,22.50%,2026-01-01,2026-01-15
2026-07-24 11:40:05,V20_Range_Breakout,FORTIS.NS,948.7,910.75,1119.47,22.50%,2026-01-01,2026-01-15
2026-07-24 11:40:05,V20_Range_Breakout,DIXON.NS,13846.0,12749.33,16820.51,31.93%,2025-04-09,2025-04-22
2026-07-24 11:40:05,V20_Range_Breakout,ERIS.NS,1400.6,1091.34,1389.64,27.33%,2025-04-07,2025-04-11
2026-07-24 11:40:05,V20_Range_Breakout,MCX.NS,2730.0,903.55,1187.07,31.38%,2025-04-07,2025-04-21
2026-07-24 11:40:05,V20_Range_Breakout,ASTRAZEN.NS,8005.5,7793.36,9998.82,28.30%,2025-05-29,2025-06-05
2026-07-24 11:40:05,V20_Range_Breakout,ICICIPRULI.NS,500.55,480.53,590.65,22.50%,2026-01-01,2026-01-15
2026-07-24 11:40:05,V20_Range_Breakout,BAJFINANCE.NS,1012.8,972.29,1195.1,22.50%,2026-01-01,2026-01-15
2026-07-24 11:40:05,V20_Range_Breakout,MEDANTA.NS,1371.0,1009.64,1259.55,24.75%,2025-04-07,2025-04-08
2026-07-24 11:40:05,V20_Range_Breakout,GILLETTE.NS,7828.5,7265.28,8796.35,21.07%,2025-02-18,2025-02-20
2026-07-24 11:40:05,V20_Range_Breakout,BAJAJFINSV.NS,1876.7,1801.63,2214.51,22.50%,2026-01-01,2026-01-15
2026-07-24 11:40:05,V20_Range_Breakout,TCS.NS,2254.3,2164.13,2660.07,22.50%,2026-01-01,2026-01-15
2026-07-24 11:40:05,V20_Range_Breakout,PAGEIND.NS,40275.0,38664.0,47524.5,22.50%,2026-01-01,2026-01-15
2026-07-24 11:40:05,V20_Range_Breakout,DMART.NS,4018.8,3685.1,4562.6,23.81%,2026-03-24,2026-04-06
2026-07-24 11:40:05,V20_Range_Breakout,CIPLA.NS,1410.6,1354.18,1664.51,22.50%,2026-01-01,2026-01-15
2026-07-24 11:40:05,V20_Range_Breakout,AWL.NS,188.16,180.63,222.03,22.50%,2026-01-01,2026-01-15
2026-07-24 11:40:05,V20_Range_Breakout,PIDILITIND.NS,1570.9,1508.06,1853.66,22.50%,2026-01-01,2026-01-15
2026-07-24 11:40:05,V20_Range_Breakout,SANOFI.NS,3388.9,5620.1,10037.9,78.61%,2024-06-07,2024-06-13
2026-07-24 11:40:05,V20_Range_Breakout,PGHH.NS,8974.5,8615.52,10589.91,22.50%,2026-01-01,2026-01-15
2026-07-24 11:40:05,V20_Range_Breakout,HYUNDAI.NS,1952.6,1874.5,2304.07,22.50%,2026-01-01,2026-01-15
2026-07-24 11:40:05,V20_Range_Breakout,ANGELONE.NS,307.95,227.75,283.32,24.40%,2026-04-01,2026-04-09
2026-07-24 11:40:05,V20_Range_Breakout,MRF.NS,130755.0,125524.8,154290.9,22.50%,2026-01-01,2026-01-15
2026-07-24 11:40:05,V20_Range_Breakout,SBIN.NS,1015.0,974.4,1197.7,22.50%,2026-01-01,2026-01-15
2026-07-24 11:40:05,V20_Range_Breakout,ADANIPORTS.NS,1768.3,1697.57,2086.59,22.50%,2026-01-01,2026-01-15
2026-07-24 11:40:05,V20_Range_Breakout,KOTAKBANK.NS,384.75,369.36,454.0,22.50%,2026-01-01,2026-01-15
2026-07-24 11:40:05,V20_Range_Breakout,ICICIGI.NS,1661.8,1595.33,1960.92,22.50%,2026-01-01,2026-01-15
2026-07-24 11:40:05,V20_Range_Breakout,HDFCBANK.NS,742.8,713.09,876.5,22.50%,2026-01-01,2026-01-15
2026-07-24 11:40:05,V20_Range_Breakout,ASIANPAINT.NS,2637.9,2532.38,3112.72,22.50%,2026-01-01,2026-01-15
2026-07-24 11:40:05,V20_Range_Breakout,RELIANCE.NS,1278.0,1226.88,1508.04,22.50%,2026-01-01,2026-01-15
2026-07-24 11:40:05,V20_Range_Breakout,BLUESTARCO.NS,1637.2,1573.78,1911.62,21.47%,2026-04-08,2026-04-20
2026-07-24 11:40:05,V20_Range_Breakout,GODREJCP.NS,1059.5,1017.12,1250.21,22.50%,2026-01-01,2026-01-15
2026-07-24 11:40:05,V20_Range_Breakout,HDFCAMC.NS,2505.7,2405.47,2956.73,22.50%,2026-01-01,2026-01-15
2026-07-24 11:40:05,V20_Range_Breakout,HAVELLS.NS,1226.9,1373.11,1654.06,20.46%,2025-04-07,2025-04-22
2026-07-24 11:40:05,V20_Range_Breakout,ACC.NS,1340.9,1287.26,1582.26,22.50%,2026-01-01,2026-01-15
2026-07-24 11:40:05,V20_Range_Breakout,KAJARIACER.NS,1214.9,945.5,1178.0,24.59%,2026-04-01,2026-04-15
2026-07-24 11:40:05,V20_Range_Breakout,DABUR.NS,423.2,406.27,499.38,22.50%,2026-01-01,2026-01-15
2026-07-24 11:40:05,V20_Range_Breakout,CAMS.NS,761.45,869.97,1044.41,20.05%,2024-11-25,2024-12-05
2026-07-24 11:40:05,V20_Range_Breakout,UNITDSPR.NS,1467.2,1408.51,1731.3,22.50%,2026-01-01,2026-01-15
2026-07-24 11:40:05,V20_Range_Breakout,NAM-INDIA.NS,1112.5,304.5,369.14,21.23%,2023-10-09,2023-10-13
2026-07-24 11:40:05,V20_Range_Breakout,ITC.NS,283.45,272.11,334.47,22.50%,2026-01-01,2026-01-15
2026-07-24 11:40:05,V20_Range_Breakout,GLAXO.NS,2514.3,1894.45,2642.36,39.48%,2025-02-14,2025-02-20
2026-07-24 11:40:05,V20_Range_Breakout,LALPATHLAB.NS,1759.2,1688.83,2075.86,22.50%,2026-01-01,2026-01-15
2026-07-24 11:40:05,V20_Range_Breakout,INFY.NS,1040.9,999.26,1228.26,22.50%,2026-01-01,2026-01-15
2026-07-24 11:40:05,V20_Range_Breakout,ULTRACEMCO.NS,11846.0,11372.16,13978.28,22.50%,2026-01-01,2026-01-15
2026-07-24 11:40:05,V20_Range_Breakout,TITAN.NS,4677.0,4489.92,5518.86,22.50%,2026-01-01,2026-01-15
2026-07-24 11:40:05,V20_Range_Breakout,JSWINFRA.NS,322.7,309.79,380.79,22.50%,2026-01-01,2026-01-15
2026-07-24 11:40:05,V20_Range_Breakout,BSE.NS,3549.7,2384.72,2910.33,22.04%,2025-05-29,2025-06-05
2026-07-24 11:40:05,V20_Range_Breakout,LT.NS,3785.6,3634.18,4467.01,22.50%,2026-01-01,2026-01-15
2026-07-24 11:40:05,V20_Range_Breakout,JIOFIN.NS,234.71,271.48,346.46,27.62%,2024-02-19,2024-02-23
2026-07-24 11:40:05,V20_Range_Breakout,ABBOTINDIA.NS,28005.0,26884.8,33045.9,22.50%,2026-01-01,2026-01-15
2026-07-24 11:40:05,V20_Range_Breakout,TEAMLEASE.NS,1313.7,2854.65,3478.0,21.84%,2024-07-23,2024-07-29
2026-07-24 11:40:05,V20_Range_Breakout,COLPAL.NS,2086.1,2002.66,2461.6,22.50%,2026-01-01,2026-01-15
2026-07-24 11:40:05,V20_Range_Breakout,APOLLOHOSP.NS,8805.5,8453.28,10390.49,22.50%,2026-01-01,2026-01-15
2026-07-24 11:40:05,V20_Range_Breakout,ICICIBANK.NS,1432.9,1375.58,1690.82,22.50%,2026-01-01,2026-01-15
2026-07-24 11:40:05,V20_Range_Breakout,EICHERMOT.NS,7628.0,7322.88,9001.04,22.50%,2026-01-01,2026-01-15
2026-07-24 11:40:05,V20_Range_Breakout,HDFCLIFE.NS,555.05,532.85,654.96,22.50%,2026-01-01,2026-01-15
2026-07-24 11:40:05,V20_Range_Breakout,NESTLEIND.NS,1443.5,1385.76,1703.33,22.50%,2026-01-01,2026-01-15
2026-07-24 11:40:05,V20_Range_Breakout,AXISBANK.NS,1227.3,1178.21,1448.21,22.50%,2026-01-01,2026-01-15
2026-07-24 11:40:05,V20_Range_Breakout,BOSCHLTD.NS,41755.0,29120.0,37670.0,29.36%,2026-04-01,2026-04-10
2026-07-24 11:40:05,V20_Range_Breakout,INDHOTEL.NS,727.45,698.35,858.39,22.50%,2026-01-01,2026-01-15
2026-07-24 11:40:05,V20_Range_Breakout,RADICO.NS,4091.3,2704.0,3357.55,24.17%,2026-04-10,2026-04-20
2026-07-24 11:40:05,V20_Range_Breakout,VBL.NS,457.2,394.43,474.75,20.36%,2026-04-07,2026-04-17
2026-07-24 11:40:05,V20_Range_Breakout,BAJAJ-AUTO.NS,11130.0,10684.8,13133.4,22.50%,2026-01-01,2026-01-15
2026-07-24 11:40:05,V20_Range_Breakout,RELAXO.NS,402.95,363.7,439.95,20.97%,2026-07-17,2026-07-17
2026-07-27 09:47:07,V20_Range_Breakout,HDFCAMC.NS,2555.0,2452.8,3014.9,22.50%,2026-01-01,2026-01-15
2026-07-27 09:47:07,V20_Range_Breakout,ICICIGI.NS,1681.0,1613.76,1983.58,22.50%,2026-01-01,2026-01-15
2026-07-27 09:47:07,V20_Range_Breakout,KAJARIACER.NS,1220.0,945.5,1178.0,24.59%,2026-04-01,2026-04-15
2026-07-27 09:47:07,V20_Range_Breakout,HINDUNILVR.NS,2175.2,2088.19,2566.74,22.50%,2026-01-01,2026-01-15
2026-07-27 09:47:07,V20_Range_Breakout,BSE.NS,3535.2,2384.72,2910.33,22.04%,2025-05-29,2025-06-05
2026-07-27 09:47:07,V20_Range_Breakout,ITC.NS,285.95,274.51,337.42,22.50%,2026-01-01,2026-01-15
2026-07-27 09:47:07,V20_Range_Breakout,LALPATHLAB.NS,1830.5,1757.28,2159.99,22.50%,2026-01-01,2026-01-15
2026-07-27 09:47:07,V20_Range_Breakout,JSWINFRA.NS,321.75,308.88,379.66,22.50%,2026-01-01,2026-01-15
2026-07-27 09:47:07,V20_Range_Breakout,RADICO.NS,4148.5,2704.0,3357.55,24.17%,2026-04-10,2026-04-20
2026-07-27 09:47:07,V20_Range_Breakout,BAJFINANCE.NS,1047.8,1005.89,1236.4,22.50%,2026-01-01,2026-01-15
2026-07-27 09:47:07,V20_Range_Breakout,ASTRAZEN.NS,8140.5,7793.36,9998.82,28.30%,2025-05-29,2025-06-05
2026-07-27 09:47:07,V20_Range_Breakout,UBL.NS,1429.2,1372.03,1686.46,22.50%,2026-01-01,2026-01-15
2026-07-27 09:47:07,V20_Range_Breakout,LT.NS,3804.2,3652.03,4488.96,22.50%,2026-01-01,2026-01-15
2026-07-27 09:47:07,V20_Range_Breakout,INDHOTEL.NS,732.35,703.06,864.17,22.50%,2026-01-01,2026-01-15
2026-07-27 09:47:07,V20_Range_Breakout,BOSCHLTD.NS,41155.0,29120.0,37670.0,29.36%,2026-04-01,2026-04-10
2026-07-27 09:47:07,V20_Range_Breakout,AWL.NS,187.65,180.14,221.43,22.50%,2026-01-01,2026-01-15
2026-07-27 09:47:07,V20_Range_Breakout,RELIANCE.NS,1279.6,1228.42,1509.93,22.50%,2026-01-01,2026-01-15
2026-07-27 09:47:07,V20_Range_Breakout,ADANIPORTS.NS,1770.5,1699.68,2089.19,22.50%,2026-01-01,2026-01-15
2026-07-27 09:47:07,V20_Range_Breakout,SANOFI.NS,3368.5,5620.1,10037.9,78.61%,2024-06-07,2024-06-13
2026-07-27 09:47:07,V20_Range_Breakout,RELAXO.NS,401.0,363.7,439.95,20.97%,2026-07-17,2026-07-17
2026-07-27 09:47:07,V20_Range_Breakout,MARICO.NS,859.0,824.64,1013.62,22.50%,2026-01-01,2026-01-15
2026-07-27 09:47:07,V20_Range_Breakout,PAGEIND.NS,39850.0,38256.0,47023.0,22.50%,2026-01-01,2026-01-15
2026-07-27 09:47:07,V20_Range_Breakout,AXISBANK.NS,1228.0,1178.88,1449.04,22.50%,2026-01-01,2026-01-15
2026-07-27 09:47:07,V20_Range_Breakout,HYUNDAI.NS,1983.4,1904.06,2340.41,22.50%,2026-01-01,2026-01-15
2026-07-27 09:47:07,V20_Range_Breakout,VBL.NS,465.05,394.43,474.75,20.36%,2026-04-07,2026-04-17
2026-07-27 09:47:07,V20_Range_Breakout,NAM-INDIA.NS,1153.4,304.5,369.14,21.23%,2023-10-09,2023-10-13
2026-07-27 09:47:07,V20_Range_Breakout,BAJAJ-AUTO.NS,11184.5,10737.12,13197.71,22.50%,2026-01-01,2026-01-15
2026-07-27 09:47:07,V20_Range_Breakout,VOLTAS.NS,1318.9,1125.16,1394.41,23.93%,2025-02-01,2025-02-03
2026-07-27 09:47:07,V20_Range_Breakout,NESTLEIND.NS,1447.0,1389.12,1707.46,22.50%,2026-01-01,2026-01-15
2026-07-27 09:47:07,V20_Range_Breakout,M&M.NS,3238.4,3108.86,3821.31,22.50%,2026-01-01,2026-01-15
2026-07-27 09:47:07,V20_Range_Breakout,INFY.NS,1080.2,1036.99,1274.64,22.50%,2026-01-01,2026-01-15
2026-07-27 09:47:07,V20_Range_Breakout,BLUESTARCO.NS,1643.2,1573.78,1911.62,21.47%,2026-04-08,2026-04-20
2026-07-27 09:47:07,V20_Range_Breakout,GLAXO.NS,2550.1,1894.45,2642.36,39.48%,2025-02-14,2025-02-20
2026-07-27 09:47:07,V20_Range_Breakout,MARUTI.NS,13753.0,13202.88,16228.54,22.50%,2026-01-01,2026-01-15
2026-07-27 09:47:07,V20_Range_Breakout,PGHH.NS,8993.0,8633.28,10611.74,22.50%,2026-01-01,2026-01-15
2026-07-27 09:47:07,V20_Range_Breakout,PFIZER.NS,4690.0,4212.44,5601.44,32.97%,2025-05-19,2025-06-05
2026-07-27 09:47:07,V20_Range_Breakout,CIPLA.NS,1409.3,1352.93,1662.97,22.50%,2026-01-01,2026-01-15
2026-07-27 09:47:07,V20_Range_Breakout,GODREJCP.NS,1073.7,1030.75,1266.97,22.50%,2026-01-01,2026-01-15
2026-07-27 09:47:07,V20_Range_Breakout,KOTAKBANK.NS,384.4,369.02,453.59,22.50%,2026-01-01,2026-01-15
2026-07-27 09:47:07,V20_Range_Breakout,UNITDSPR.NS,1482.3,1423.01,1749.11,22.50%,2026-01-01,2026-01-15
2026-07-27 09:47:07,V20_Range_Breakout,JIOFIN.NS,236.31,271.48,346.46,27.62%,2024-02-19,2024-02-23
2026-07-27 09:47:07,V20_Range_Breakout,ICICIPRULI.NS,510.2,489.79,602.04,22.50%,2026-01-01,2026-01-15
2026-07-27 09:47:07,V20_Range_Breakout,PIDILITIND.NS,1613.0,1548.48,1903.34,22.50%,2026-01-01,2026-01-15
2026-07-27 09:47:07,V20_Range_Breakout,HDFCBANK.NS,739.1,709.54,872.14,22.50%,2026-01-01,2026-01-15
2026-07-27 09:47:07,V20_Range_Breakout,CAMS.NS,785.0,869.97,1044.41,20.05%,2024-11-25,2024-12-05
2026-07-27 09:47:07,V20_Range_Breakout,CDSL.NS,1329.1,1275.94,1568.34,22.50%,2026-01-01,2026-01-15
2026-07-27 09:47:07,V20_Range_Breakout,SBIN.NS,1020.7,979.87,1204.43,22.50%,2026-01-01,2026-01-15
2026-07-27 09:47:07,V20_Range_Breakout,MRF.NS,132000.0,126720.0,155760.0,22.50%,2026-01-01,2026-01-15
2026-07-27 09:47:07,V20_Range_Breakout,HONAUT.NS,37550.0,28459.53,36446.95,28.07%,2026-05-19,2026-05-22
2026-07-27 09:47:07,V20_Range_Breakout,MEDANTA.NS,1407.9,1009.64,1259.55,24.75%,2025-04-07,2025-04-08
2026-07-27 09:47:07,V20_Range_Breakout,MCX.NS,2755.7,903.55,1187.07,31.38%,2025-04-07,2025-04-21
2026-07-27 09:47:07,V20_Range_Breakout,TITAN.NS,4739.0,4549.44,5592.02,22.50%,2026-01-01,2026-01-15
2026-07-27 09:47:07,V20_Range_Breakout,TEAMLEASE.NS,1290.2,2854.65,3478.0,21.84%,2024-07-23,2024-07-29
2026-07-27 09:47:07,V20_Range_Breakout,ICICIBANK.NS,1445.1,1387.3,1705.22,22.50%,2026-01-01,2026-01-15
2026-07-27 09:47:07,V20_Range_Breakout,ABBOTINDIA.NS,27815.0,26702.4,32821.7,22.50%,2026-01-01,2026-01-15
2026-07-27 09:47:07,V20_Range_Breakout,DMART.NS,4021.0,3685.1,4562.6,23.81%,2026-03-24,2026-04-06
2026-07-27 09:47:07,V20_Range_Breakout,COLPAL.NS,2138.1,2052.58,2522.96,22.50%,2026-01-01,2026-01-15
2026-07-27 09:47:07,V20_Range_Breakout,GILLETTE.NS,7933.5,7265.28,8796.35,21.07%,2025-02-18,2025-02-20
2026-07-27 09:47:07,V20_Range_Breakout,ASIANPAINT.NS,2710.6,2602.18,3198.51,22.50%,2026-01-01,2026-01-15
2026-07-27 09:47:07,V20_Range_Breakout,DABUR.NS,427.35,410.26,504.27,22.50%,2026-01-01,2026-01-15
2026-07-27 09:47:07,V20_Range_Breakout,DIXON.NS,13819.0,12749.33,16820.51,31.93%,2025-04-09,2025-04-22
2026-07-27 09:47:07,V20_Range_Breakout,HAVELLS.NS,1236.6,1373.11,1654.06,20.46%,2025-04-07,2025-04-22
2026-07-27 09:47:07,V20_Range_Breakout,HDFCLIFE.NS,552.9,530.78,652.42,22.50%,2026-01-01,2026-01-15
2026-07-27 09:47:07,V20_Range_Breakout,TCS.NS,2295.5,2203.68,2708.69,22.50%,2026-01-01,2026-01-15
2026-07-27 09:47:07,V20_Range_Breakout,EICHERMOT.NS,7770.0,7459.2,9168.6,22.50%,2026-01-01,2026-01-15
2026-07-27 09:47:07,V20_Range_Breakout,APOLLOHOSP.NS,8833.0,8479.68,10422.94,22.50%,2026-01-01,2026-01-15
2026-07-27 09:47:07,V20_Range_Breakout,ANGELONE.NS,304.25,227.75,283.32,24.40%,2026-04-01,2026-04-09
2026-07-27 09:47:07,V20_Range_Breakout,ULTRACEMCO.NS,11884.0,11408.64,14023.12,22.50%,2026-01-01,2026-01-15
2026-07-27 09:47:07,V20_Range_Breakout,ACC.NS,1355.0,1300.8,1598.9,22.50%,2026-01-01,2026-01-15
2026-07-27 09:47:07,V20_Range_Breakout,BATAINDIA.NS,699.05,671.09,824.88,22.50%,2026-01-01,2026-01-15
2026-07-27 09:47:07,V20_Range_Breakout,QUESS.NS,295.45,240.59,302.5,25.73%,2026-06-30,2026-07-07
2026-07-27 09:47:07,V20_Range_Breakout,HCLTECH.NS,1296.3,1244.45,1529.63,22.50%,2026-01-01,2026-01-15
2026-07-27 09:47:07,V20_Range_Breakout,FORTIS.NS,942.1,904.42,1111.68,22.50%,2026-01-01,2026-01-15
2026-07-27 09:47:07,V20_Range_Breakout,ERIS.NS,1401.0,1091.34,1389.64,27.33%,2025-04-07,2025-04-11
2026-07-27 09:47:07,V20_Range_Breakout,BAJAJFINSV.NS,1911.2,1834.75,2255.22,22.50%,2026-01-01,2026-01-15
2026-07-27 12:54:04,V20_Range_Breakout,BAJFINANCE.NS,1048.3,1006.37,1236.99,22.50%,2026-01-01,2026-01-15
2026-07-27 12:54:04,V20_Range_Breakout,AXISBANK.NS,1227.5,1178.4,1448.45,22.50%,2026-01-01,2026-01-15
2026-07-27 12:54:04,V20_Range_Breakout,TEAMLEASE.NS,1294.0,2854.65,3478.0,21.84%,2024-07-23,2024-07-29
2026-07-27 12:54:04,V20_Range_Breakout,EICHERMOT.NS,7769.5,7458.72,9168.01,22.50%,2026-01-01,2026-01-15
2026-07-27 12:54:04,V20_Range_Breakout,HINDUNILVR.NS,2174.6,2087.62,2566.03,22.50%,2026-01-01,2026-01-15
2026-07-27 12:54:04,V20_Range_Breakout,HDFCAMC.NS,2552.4,2450.3,3011.83,22.50%,2026-01-01,2026-01-15
2026-07-27 12:54:04,V20_Range_Breakout,GILLETTE.NS,7940.5,7265.28,8796.35,21.07%,2025-02-18,2025-02-20
2026-07-27 12:54:04,V20_Range_Breakout,NESTLEIND.NS,1446.1,1388.26,1706.4,22.50%,2026-01-01,2026-01-15
2026-07-27 12:54:04,V20_Range_Breakout,JSWINFRA.NS,321.8,308.93,379.72,22.50%,2026-01-01,2026-01-15
2026-07-27 12:54:04,V20_Range_Breakout,HDFCLIFE.NS,552.85,530.74,652.36,22.50%,2026-01-01,2026-01-15
2026-07-27 12:54:04,V20_Range_Breakout,BAJAJ-AUTO.NS,11183.5,10736.16,13196.53,22.50%,2026-01-01,2026-01-15
2026-07-27 12:54:04,V20_Range_Breakout,PAGEIND.NS,39970.0,38371.2,47164.6,22.50%,2026-01-01,2026-01-15
2026-07-27 12:54:04,V20_Range_Breakout,TITAN.NS,4740.1,4550.5,5593.32,22.50%,2026-01-01,2026-01-15
2026-07-27 12:54:04,V20_Range_Breakout,HAVELLS.NS,1237.4,1373.11,1654.06,20.46%,2025-04-07,2025-04-22
2026-07-27 12:54:04,V20_Range_Breakout,JIOFIN.NS,236.17,271.48,346.46,27.62%,2024-02-19,2024-02-23
2026-07-27 12:54:04,V20_Range_Breakout,PIDILITIND.NS,1611.3,1546.85,1901.33,22.50%,2026-01-01,2026-01-15
2026-07-27 12:54:04,V20_Range_Breakout,ASIANPAINT.NS,2710.2,2601.79,3198.04,22.50%,2026-01-01,2026-01-15
2026-07-27 12:54:04,V20_Range_Breakout,BLUESTARCO.NS,1643.2,1573.78,1911.62,21.47%,2026-04-08,2026-04-20
2026-07-27 12:54:04,V20_Range_Breakout,MARUTI.NS,13730.0,13180.8,16201.4,22.50%,2026-01-01,2026-01-15
2026-07-27 12:54:04,V20_Range_Breakout,DIXON.NS,13810.0,12749.33,16820.51,31.93%,2025-04-09,2025-04-22
2026-07-27 12:54:04,V20_Range_Breakout,LALPATHLAB.NS,1827.2,1754.11,2156.1,22.50%,2026-01-01,2026-01-15
2026-07-27 12:54:04,V20_Range_Breakout,RELAXO.NS,401.4,363.7,439.95,20.97%,2026-07-17,2026-07-17
2026-07-27 12:54:04,V20_Range_Breakout,HYUNDAI.NS,1984.6,1905.22,2341.83,22.50%,2026-01-01,2026-01-15
2026-07-27 12:54:04,V20_Range_Breakout,ABBOTINDIA.NS,27800.0,26688.0,32804.0,22.50%,2026-01-01,2026-01-15
2026-07-27 12:54:04,V20_Range_Breakout,FORTIS.NS,942.3,904.61,1111.91,22.50%,2026-01-01,2026-01-15
2026-07-27 12:54:04,V20_Range_Breakout,ACC.NS,1358.1,1303.78,1602.56,22.50%,2026-01-01,2026-01-15
2026-07-27 12:54:04,V20_Range_Breakout,CIPLA.NS,1409.4,1353.02,1663.09,22.50%,2026-01-01,2026-01-15
2026-07-27 12:54:04,V20_Range_Breakout,SANOFI.NS,3368.8,5620.1,10037.9,78.61%,2024-06-07,2024-06-13
2026-07-27 12:54:04,V20_Range_Breakout,HCLTECH.NS,1295.9,1244.06,1529.16,22.50%,2026-01-01,2026-01-15
2026-07-27 12:54:04,V20_Range_Breakout,GODREJCP.NS,1073.7,1030.75,1266.97,22.50%,2026-01-01,2026-01-15
2026-07-27 12:54:04,V20_Range_Breakout,LT.NS,3806.0,3653.76,4491.08,22.50%,2026-01-01,2026-01-15
2026-07-27 12:54:04,V20_Range_Breakout,KAJARIACER.NS,1220.0,945.5,1178.0,24.59%,2026-04-01,2026-04-15
2026-07-27 12:54:04,V20_Range_Breakout,VBL.NS,464.5,394.43,474.75,20.36%,2026-04-07,2026-04-17
2026-07-27 12:54:04,V20_Range_Breakout,RADICO.NS,4149.5,2704.0,3357.55,24.17%,2026-04-10,2026-04-20
2026-07-27 12:54:04,V20_Range_Breakout,INFY.NS,1079.2,1036.03,1273.46,22.50%,2026-01-01,2026-01-15
2026-07-27 12:54:04,V20_Range_Breakout,BOSCHLTD.NS,41250.0,29120.0,37670.0,29.36%,2026-04-01,2026-04-10
2026-07-27 12:54:04,V20_Range_Breakout,ERIS.NS,1403.5,1091.34,1389.64,27.33%,2025-04-07,2025-04-11
2026-07-27 12:54:04,V20_Range_Breakout,ITC.NS,285.85,274.42,337.3,22.50%,2026-01-01,2026-01-15
2026-07-27 12:54:04,V20_Range_Breakout,MRF.NS,132020.0,126739.2,155783.6,22.50%,2026-01-01,2026-01-15
2026-07-27 12:54:04,V20_Range_Breakout,ANGELONE.NS,304.2,227.75,283.32,24.40%,2026-04-01,2026-04-09
2026-07-27 12:54:04,V20_Range_Breakout,PFIZER.NS,4692.6,4212.44,5601.44,32.97%,2025-05-19,2025-06-05
2026-07-27 12:54:04,V20_Range_Breakout,UNITDSPR.NS,1482.0,1422.72,1748.76,22.50%,2026-01-01,2026-01-15
2026-07-27 12:54:04,V20_Range_Breakout,VOLTAS.NS,1319.3,1125.16,1394.41,23.93%,2025-02-01,2025-02-03
2026-07-27 12:54:04,V20_Range_Breakout,SBIN.NS,1020.6,979.78,1204.31,22.50%,2026-01-01,2026-01-15
2026-07-27 12:54:04,V20_Range_Breakout,ICICIPRULI.NS,509.8,489.41,601.56,22.50%,2026-01-01,2026-01-15
2026-07-27 12:54:04,V20_Range_Breakout,NAM-INDIA.NS,1153.9,304.5,369.14,21.23%,2023-10-09,2023-10-13
2026-07-27 12:54:04,V20_Range_Breakout,ICICIGI.NS,1681.0,1613.76,1983.58,22.50%,2026-01-01,2026-01-15
2026-07-27 12:54:04,V20_Range_Breakout,ASTRAZEN.NS,8167.5,7793.36,9998.82,28.30%,2025-05-29,2025-06-05
2026-07-27 12:54:04,V20_Range_Breakout,BATAINDIA.NS,699.65,671.66,825.59,22.50%,2026-01-01,2026-01-15
2026-07-27 12:54:04,V20_Range_Breakout,HONAUT.NS,37525.0,28459.53,36446.95,28.07%,2026-05-19,2026-05-22
2026-07-27 12:54:04,V20_Range_Breakout,QUESS.NS,295.75,240.59,302.5,25.73%,2026-06-30,2026-07-07
2026-07-27 12:54:04,V20_Range_Breakout,M&M.NS,3238.6,3109.06,3821.55,22.50%,2026-01-01,2026-01-15
2026-07-27 12:54:04,V20_Range_Breakout,BSE.NS,3536.8,2384.72,2910.33,22.04%,2025-05-29,2025-06-05
2026-07-27 12:54:04,V20_Range_Breakout,ICICIBANK.NS,1445.7,1387.87,1705.93,22.50%,2026-01-01,2026-01-15
2026-07-27 12:54:04,V20_Range_Breakout,KOTAKBANK.NS,384.65,369.26,453.89,22.50%,2026-01-01,2026-01-15
2026-07-27 12:54:04,V20_Range_Breakout,COLPAL.NS,2136.6,2051.14,2521.19,22.50%,2026-01-01,2026-01-15
2026-07-27 12:54:04,V20_Range_Breakout,UBL.NS,1428.7,1371.55,1685.87,22.50%,2026-01-01,2026-01-15
2026-07-27 12:54:04,V20_Range_Breakout,ADANIPORTS.NS,1770.4,1699.58,2089.07,22.50%,2026-01-01,2026-01-15
2026-07-27 12:54:04,V20_Range_Breakout,MARICO.NS,858.65,824.3,1013.21,22.50%,2026-01-01,2026-01-15
2026-07-27 12:54:04,V20_Range_Breakout,GLAXO.NS,2551.2,1894.45,2642.36,39.48%,2025-02-14,2025-02-20
2026-07-27 12:54:04,V20_Range_Breakout,DMART.NS,4027.7,3685.1,4562.6,23.81%,2026-03-24,2026-04-06
2026-07-27 12:54:04,V20_Range_Breakout,RELIANCE.NS,1280.0,1228.8,1510.4,22.50%,2026-01-01,2026-01-15
2026-07-27 12:54:04,V20_Range_Breakout,ULTRACEMCO.NS,11881.0,11405.76,14019.58,22.50%,2026-01-01,2026-01-15
2026-07-27 12:54:04,V20_Range_Breakout,APOLLOHOSP.NS,8843.5,8489.76,10435.33,22.50%,2026-01-01,2026-01-15
2026-07-27 12:54:04,V20_Range_Breakout,INDHOTEL.NS,733.75,704.4,865.82,22.50%,2026-01-01,2026-01-15
2026-07-27 12:54:04,V20_Range_Breakout,MEDANTA.NS,1407.2,1009.64,1259.55,24.75%,2025-04-07,2025-04-08
2026-07-27 12:54:04,V20_Range_Breakout,BAJAJFINSV.NS,1913.0,1836.48,2257.34,22.50%,2026-01-01,2026-01-15
2026-07-27 12:54:04,V20_Range_Breakout,AWL.NS,187.64,180.13,221.42,22.50%,2026-01-01,2026-01-15
2026-07-27 12:54:04,V20_Range_Breakout,CDSL.NS,1329.0,1275.84,1568.22,22.50%,2026-01-01,2026-01-15
2026-07-27 12:54:04,V20_Range_Breakout,CAMS.NS,785.05,869.97,1044.41,20.05%,2024-11-25,2024-12-05
2026-07-27 12:54:04,V20_Range_Breakout,PGHH.NS,8993.5,8633.76,10612.33,22.50%,2026-01-01,2026-01-15
2026-07-27 12:54:04,V20_Range_Breakout,MCX.NS,2755.1,903.55,1187.07,31.38%,2025-04-07,2025-04-21
2026-07-27 12:54:04,V20_Range_Breakout,DABUR.NS,427.35,410.26,504.27,22.50%,2026-01-01,2026-01-15
2026-07-27 12:54:04,V20_Range_Breakout,TCS.NS,2295.6,2203.78,2708.81,22.50%,2026-01-01,2026-01-15
2026-07-27 12:54:04,V20_Range_Breakout,HDFCBANK.NS,739.55,709.97,872.67,22.50%,2026-01-01,2026-01-15
2026-07-28 08:29:55,V20_Range_Breakout,BLUESTARCO.NS,1635.7,1573.78,1911.62,21.47%,2026-04-08,2026-04-20
2026-07-28 08:29:55,V20_Range_Breakout,MARUTI.NS,13815.0,13262.4,16301.7,22.50%,2026-01-01,2026-01-15
2026-07-28 08:29:55,V20_Range_Breakout,MRF.NS,133050.0,127728.0,156999.0,22.50%,2026-01-01,2026-01-15
2026-07-28 08:29:55,V20_Range_Breakout,PIDILITIND.NS,1617.9,1553.18,1909.12,22.50%,2026-01-01,2026-01-15
2026-07-28 08:29:55,V20_Range_Breakout,TCS.NS,2404.0,2307.84,2836.72,22.50%,2026-01-01,2026-01-15
2026-07-28 08:29:55,V20_Range_Breakout,FORTIS.NS,941.1,903.46,1110.5,22.50%,2026-01-01,2026-01-15
2026-07-28 08:29:55,V20_Range_Breakout,BOSCHLTD.NS,41420.0,29120.0,37670.0,29.36%,2026-04-01,2026-04-10
2026-07-28 08:29:55,V20_Range_Breakout,ASTRAZEN.NS,8118.0,7793.36,9998.82,28.30%,2025-05-29,2025-06-05
2026-07-28 08:29:55,V20_Range_Breakout,RELIANCE.NS,1271.0,1220.16,1499.78,22.50%,2026-01-01,2026-01-15
2026-07-28 08:29:55,V20_Range_Breakout,MCX.NS,2713.5,903.55,1187.07,31.38%,2025-04-07,2025-04-21
2026-07-28 08:29:55,V20_Range_Breakout,BAJFINANCE.NS,1048.5,1006.56,1237.23,22.50%,2026-01-01,2026-01-15
2026-07-28 08:29:55,V20_Range_Breakout,HCLTECH.NS,1322.6,1269.7,1560.67,22.50%,2026-01-01,2026-01-15
2026-07-28 08:29:55,V20_Range_Breakout,ICICIPRULI.NS,510.35,489.94,602.21,22.50%,2026-01-01,2026-01-15
2026-07-28 08:29:55,V20_Range_Breakout,ACC.NS,1354.7,1300.51,1598.55,22.50%,2026-01-01,2026-01-15
2026-07-28 08:29:55,V20_Range_Breakout,ICICIBANK.NS,1425.8,1368.77,1682.44,22.50%,2026-01-01,2026-01-15
2026-07-28 08:29:55,V20_Range_Breakout,LALPATHLAB.NS,1799.4,1727.42,2123.29,22.50%,2026-01-01,2026-01-15
2026-07-28 08:29:55,V20_Range_Breakout,UNITDSPR.NS,1496.1,1436.26,1765.4,22.50%,2026-01-01,2026-01-15
2026-07-28 08:29:55,V20_Range_Breakout,RADICO.NS,4133.0,2704.0,3357.55,24.17%,2026-04-10,2026-04-20
2026-07-28 08:29:55,V20_Range_Breakout,CDSL.NS,1336.4,1282.94,1576.95,22.50%,2026-01-01,2026-01-15
2026-07-28 08:29:55,V20_Range_Breakout,AXISBANK.NS,1225.4,1176.38,1445.97,22.50%,2026-01-01,2026-01-15
2026-07-28 08:29:55,V20_Range_Breakout,PFIZER.NS,4701.4,4212.44,5601.44,32.97%,2025-05-19,2025-06-05
2026-07-28 08:29:55,V20_Range_Breakout,JIOFIN.NS,236.91,271.48,346.46,27.62%,2024-02-19,2024-02-23
2026-07-28 08:29:55,V20_Range_Breakout,ICICIGI.NS,1688.1,1620.58,1991.96,22.50%,2026-01-01,2026-01-15
2026-07-28 08:29:55,V20_Range_Breakout,ABBOTINDIA.NS,27910.0,26793.6,32933.8,22.50%,2026-01-01,2026-01-15
2026-07-28 08:29:55,V20_Range_Breakout,BAJAJFINSV.NS,1935.1,1857.7,2283.42,22.50%,2026-01-01,2026-01-15
2026-07-28 08:29:55,V20_Range_Breakout,COLPAL.NS,2145.0,2059.2,2531.1,22.50%,2026-01-01,2026-01-15
2026-07-28 08:29:55,V20_Range_Breakout,NAM-INDIA.NS,1148.3,304.5,369.14,21.23%,2023-10-09,2023-10-13
2026-07-28 08:29:55,V20_Range_Breakout,QUESS.NS,303.95,240.59,302.5,25.73%,2026-06-30,2026-07-07
2026-07-28 08:29:55,V20_Range_Breakout,NESTLEIND.NS,1496.9,1437.02,1766.34,22.50%,2026-01-01,2026-01-15
2026-07-28 08:29:55,V20_Range_Breakout,ADANIPORTS.NS,1773.9,1702.94,2093.2,22.50%,2026-01-01,2026-01-15
2026-07-28 08:29:55,V20_Range_Breakout,ASIANPAINT.NS,2722.9,2613.98,3213.02,22.50%,2026-01-01,2026-01-15
2026-07-28 08:29:55,V20_Range_Breakout,JSWINFRA.NS,319.1,306.34,376.54,22.50%,2026-01-01,2026-01-15
2026-07-28 08:29:55,V20_Range_Breakout,M&M.NS,3279.0,3147.84,3869.22,22.50%,2026-01-01,2026-01-15
2026-07-28 08:29:55,V20_Range_Breakout,TITAN.NS,4844.2,4650.43,5716.16,22.50%,2026-01-01,2026-01-15
2026-07-28 08:29:55,V20_Range_Breakout,HINDUNILVR.NS,2040.4,1958.78,2407.67,22.50%,2026-01-01,2026-01-15
2026-07-28 08:29:55,V20_Range_Breakout,KAJARIACER.NS,1213.8,945.5,1178.0,24.59%,2026-04-01,2026-04-15
2026-07-28 08:29:55,V20_Range_Breakout,BATAINDIA.NS,698.85,670.9,824.64,22.50%,2026-01-01,2026-01-15
2026-07-28 08:29:55,V20_Range_Breakout,HONAUT.NS,37500.0,28459.53,36446.95,28.07%,2026-05-19,2026-05-22
2026-07-28 08:29:55,V20_Range_Breakout,KOTAKBANK.NS,385.95,370.51,455.42,22.50%,2026-01-01,2026-01-15
2026-07-28 08:29:55,V20_Range_Breakout,CAMS.NS,795.0,869.97,1044.41,20.05%,2024-11-25,2024-12-05
2026-07-28 08:29:55,V20_Range_Breakout,EICHERMOT.NS,7874.0,7559.04,9291.32,22.50%,2026-01-01,2026-01-15
2026-07-28 08:29:55,V20_Range_Breakout,CIPLA.NS,1439.5,1381.92,1698.61,22.50%,2026-01-01,2026-01-15
2026-07-28 08:29:55,V20_Range_Breakout,HDFCAMC.NS,2531.2,2429.95,2986.82,22.50%,2026-01-01,2026-01-15
2026-07-28 08:29:55,V20_Range_Breakout,GODREJCP.NS,1065.3,1022.69,1257.05,22.50%,2026-01-01,2026-01-15
2026-07-28 08:29:55,V20_Range_Breakout,MEDANTA.NS,1396.7,1009.64,1259.55,24.75%,2025-04-07,2025-04-08
2026-07-28 08:29:55,V20_Range_Breakout,TEAMLEASE.NS,1300.4,2854.65,3478.0,21.84%,2024-07-23,2024-07-29
2026-07-28 08:29:55,V20_Range_Breakout,PGHH.NS,8935.0,8577.6,10543.3,22.50%,2026-01-01,2026-01-15
2026-07-28 08:29:55,V20_Range_Breakout,RELAXO.NS,395.4,363.7,439.95,20.97%,2026-07-17,2026-07-17
2026-07-28 08:29:55,V20_Range_Breakout,SBIN.NS,1013.0,972.48,1195.34,22.50%,2026-01-01,2026-01-15
2026-07-28 08:29:55,V20_Range_Breakout,AWL.NS,186.83,179.36,220.46,22.50%,2026-01-01,2026-01-15
2026-07-28 08:29:55,V20_Range_Breakout,HDFCLIFE.NS,557.75,535.44,658.14,22.50%,2026-01-01,2026-01-15
2026-07-28 08:29:55,V20_Range_Breakout,HDFCBANK.NS,737.9,708.38,870.72,22.50%,2026-01-01,2026-01-15
2026-07-28 08:29:55,V20_Range_Breakout,DMART.NS,3852.1,3685.1,4562.6,23.81%,2026-03-24,2026-04-06
2026-07-28 08:29:55,V20_Range_Breakout,LT.NS,3834.7,3681.31,4524.95,22.50%,2026-01-01,2026-01-15
2026-07-28 08:29:55,V20_Range_Breakout,INDHOTEL.NS,734.95,705.55,867.24,22.50%,2026-01-01,2026-01-15
2026-07-28 08:29:55,V20_Range_Breakout,MARICO.NS,879.8,844.61,1038.16,22.50%,2026-01-01,2026-01-15
2026-07-28 08:29:55,V20_Range_Breakout,ITC.NS,284.2,272.83,335.36,22.50%,2026-01-01,2026-01-15
2026-07-28 08:29:55,V20_Range_Breakout,DIXON.NS,13761.0,12749.33,16820.51,31.93%,2025-04-09,2025-04-22
2026-07-28 08:29:55,V20_Range_Breakout,INFY.NS,1108.2,1063.87,1307.68,22.50%,2026-01-01,2026-01-15
2026-07-28 08:29:55,V20_Range_Breakout,SANOFI.NS,3367.4,5620.1,10037.9,78.61%,2024-06-07,2024-06-13
2026-07-28 08:29:55,V20_Range_Breakout,ULTRACEMCO.NS,12011.0,11530.56,14172.98,22.50%,2026-01-01,2026-01-15
2026-07-28 08:29:55,V20_Range_Breakout,HYUNDAI.NS,2001.6,1921.54,2361.89,22.50%,2026-01-01,2026-01-15
2026-07-28 08:29:55,V20_Range_Breakout,DABUR.NS,424.75,407.76,501.2,22.50%,2026-01-01,2026-01-15
2026-07-28 08:29:55,V20_Range_Breakout,ANGELONE.NS,301.1,227.75,283.32,24.40%,2026-04-01,2026-04-09
2026-07-28 08:29:55,V20_Range_Breakout,UBL.NS,1434.9,1377.5,1693.18,22.50%,2026-01-01,2026-01-15
2026-07-28 08:29:55,V20_Range_Breakout,GLAXO.NS,2600.9,1894.45,2642.36,39.48%,2025-02-14,2025-02-20
2026-07-28 08:29:55,V20_Range_Breakout,BAJAJ-AUTO.NS,11354.0,10899.84,13397.72,22.50%,2026-01-01,2026-01-15
2026-07-28 08:29:55,V20_Range_Breakout,VBL.NS,433.85,394.43,474.75,20.36%,2026-04-07,2026-04-17
2026-07-28 08:29:55,V20_Range_Breakout,PAGEIND.NS,40310.0,38697.6,47565.8,22.50%,2026-01-01,2026-01-15
2026-07-28 08:29:55,V20_Range_Breakout,APOLLOHOSP.NS,8897.5,8541.6,10499.05,22.50%,2026-01-01,2026-01-15
2026-07-28 08:29:55,V20_Range_Breakout,BSE.NS,3457.6,2384.72,2910.33,22.04%,2025-05-29,2025-06-05
2026-07-28 08:29:55,V20_Range_Breakout,HAVELLS.NS,1228.0,1373.11,1654.06,20.46%,2025-04-07,2025-04-22
2026-07-28 08:29:55,V20_Range_Breakout,GILLETTE.NS,7856.0,7265.28,8796.35,21.07%,2025-02-18,2025-02-20
2026-07-28 08:29:55,V20_Range_Breakout,ERIS.NS,1393.0,1091.34,1389.64,27.33%,2025-04-07,2025-04-11
2026-07-28 08:29:55,V20_Range_Breakout,VOLTAS.NS,1308.0,1125.16,1394.41,23.93%,2025-02-01,2025-02-03
2026-07-28 11:56:08,V20_Range_Breakout,KOTAKBANK.NS,385.3,369.89,454.65,22.50%,2026-01-01,2026-01-15
2026-07-28 11:56:08,V20_Range_Breakout,HDFCLIFE.NS,558.75,536.4,659.32,22.50%,2026-01-01,2026-01-15
2026-07-28 11:56:08,V20_Range_Breakout,DMART.NS,3846.6,3685.1,4562.6,23.81%,2026-03-24,2026-04-06
2026-07-28 11:56:08,V20_Range_Breakout,ICICIGI.NS,1683.8,1616.45,1986.88,22.50%,2026-01-01,2026-01-15
2026-07-28 11:56:08,V20_Range_Breakout,BSE.NS,3457.8,2384.72,2910.33,22.04%,2025-05-29,2025-06-05
2026-07-28 11:56:08,V20_Range_Breakout,BAJFINANCE.NS,1048.4,1006.46,1237.11,22.50%,2026-01-01,2026-01-15
2026-07-28 11:56:08,V20_Range_Breakout,BATAINDIA.NS,694.95,667.15,820.04,22.50%,2026-01-01,2026-01-15
2026-07-28 11:56:08,V20_Range_Breakout,JIOFIN.NS,237.08,271.48,346.46,27.62%,2024-02-19,2024-02-23
2026-07-28 11:56:08,V20_Range_Breakout,GLAXO.NS,2632.6,1894.45,2642.36,39.48%,2025-02-14,2025-02-20
2026-07-28 11:56:08,V20_Range_Breakout,NESTLEIND.NS,1491.8,1432.13,1760.32,22.50%,2026-01-01,2026-01-15
2026-07-28 11:56:08,V20_Range_Breakout,FORTIS.NS,945.45,907.63,1115.63,22.50%,2026-01-01,2026-01-15
2026-07-28 11:56:08,V20_Range_Breakout,AWL.NS,186.17,178.72,219.68,22.50%,2026-01-01,2026-01-15
2026-07-28 11:56:08,V20_Range_Breakout,GILLETTE.NS,7790.0,7265.28,8796.35,21.07%,2025-02-18,2025-02-20
2026-07-28 11:56:08,V20_Range_Breakout,ULTRACEMCO.NS,11956.0,11477.76,14108.08,22.50%,2026-01-01,2026-01-15
2026-07-28 11:56:08,V20_Range_Breakout,SANOFI.NS,3363.2,5620.1,10037.9,78.61%,2024-06-07,2024-06-13
2026-07-28 11:56:08,V20_Range_Breakout,HCLTECH.NS,1318.6,1265.86,1555.95,22.50%,2026-01-01,2026-01-15
2026-07-28 11:56:08,V20_Range_Breakout,NAM-INDIA.NS,1150.3,304.5,369.14,21.23%,2023-10-09,2023-10-13
2026-07-28 11:56:08,V20_Range_Breakout,PFIZER.NS,4710.7,4212.44,5601.44,32.97%,2025-05-19,2025-06-05
2026-07-28 11:56:08,V20_Range_Breakout,LALPATHLAB.NS,1805.2,1732.99,2130.14,22.50%,2026-01-01,2026-01-15
2026-07-28 11:56:08,V20_Range_Breakout,HONAUT.NS,37510.0,28459.53,36446.95,28.07%,2026-05-19,2026-05-22
2026-07-28 11:56:08,V20_Range_Breakout,APOLLOHOSP.NS,8903.0,8546.88,10505.54,22.50%,2026-01-01,2026-01-15
2026-07-28 11:56:08,V20_Range_Breakout,HDFCAMC.NS,2531.2,2429.95,2986.82,22.50%,2026-01-01,2026-01-15
2026-07-28 11:56:08,V20_Range_Breakout,TCS.NS,2398.0,2302.08,2829.64,22.50%,2026-01-01,2026-01-15
2026-07-28 11:56:08,V20_Range_Breakout,ABBOTINDIA.NS,27905.0,26788.8,32927.9,22.50%,2026-01-01,2026-01-15
2026-07-28 11:56:08,V20_Range_Breakout,TEAMLEASE.NS,1300.5,2854.65,3478.0,21.84%,2024-07-23,2024-07-29
2026-07-28 11:56:08,V20_Range_Breakout,HINDUNILVR.NS,2022.7,1941.79,2386.79,22.50%,2026-01-01,2026-01-15
2026-07-28 11:56:08,V20_Range_Breakout,ANGELONE.NS,302.6,227.75,283.32,24.40%,2026-04-01,2026-04-09
2026-07-28 11:56:08,V20_Range_Breakout,RADICO.NS,4289.7,2704.0,3357.55,24.17%,2026-04-10,2026-04-20
2026-07-28 11:56:08,V20_Range_Breakout,DIXON.NS,13903.0,12749.33,16820.51,31.93%,2025-04-09,2025-04-22
2026-07-28 11:56:08,V20_Range_Breakout,COLPAL.NS,2138.1,2052.58,2522.96,22.50%,2026-01-01,2026-01-15
2026-07-28 11:56:08,V20_Range_Breakout,ADANIPORTS.NS,1774.7,1703.71,2094.15,22.50%,2026-01-01,2026-01-15
2026-07-28 11:56:08,V20_Range_Breakout,CDSL.NS,1345.1,1291.3,1587.22,22.50%,2026-01-01,2026-01-15
2026-07-28 11:56:08,V20_Range_Breakout,AXISBANK.NS,1223.5,1174.56,1443.73,22.50%,2026-01-01,2026-01-15
2026-07-28 11:56:08,V20_Range_Breakout,BOSCHLTD.NS,41310.0,29120.0,37670.0,29.36%,2026-04-01,2026-04-10
2026-07-28 11:56:08,V20_Range_Breakout,MRF.NS,133140.0,127814.4,157105.2,22.50%,2026-01-01,2026-01-15
2026-07-28 11:56:08,V20_Range_Breakout,ITC.NS,284.65,273.26,335.89,22.50%,2026-01-01,2026-01-15
2026-07-28 11:56:08,V20_Range_Breakout,CAMS.NS,800.3,869.97,1044.41,20.05%,2024-11-25,2024-12-05
2026-07-28 11:56:08,V20_Range_Breakout,TITAN.NS,4849.7,4655.71,5722.65,22.50%,2026-01-01,2026-01-15
2026-07-28 11:56:08,V20_Range_Breakout,UNITDSPR.NS,1508.8,1448.45,1780.38,22.50%,2026-01-01,2026-01-15
2026-07-28 11:56:08,V20_Range_Breakout,PGHH.NS,8973.0,8614.08,10588.14,22.50%,2026-01-01,2026-01-15
2026-07-28 11:56:08,V20_Range_Breakout,SBIN.NS,1013.2,972.67,1195.58,22.50%,2026-01-01,2026-01-15
2026-07-28 11:56:08,V20_Range_Breakout,VOLTAS.NS,1311.1,1125.16,1394.41,23.93%,2025-02-01,2025-02-03
2026-07-28 11:56:08,V20_Range_Breakout,PIDILITIND.NS,1619.6,1554.82,1911.13,22.50%,2026-01-01,2026-01-15
2026-07-28 11:56:08,V20_Range_Breakout,MEDANTA.NS,1401.3,1009.64,1259.55,24.75%,2025-04-07,2025-04-08
2026-07-28 11:56:08,V20_Range_Breakout,BAJAJ-AUTO.NS,11374.0,10919.04,13421.32,22.50%,2026-01-01,2026-01-15
2026-07-28 11:56:08,V20_Range_Breakout,ASIANPAINT.NS,2736.2,2626.75,3228.72,22.50%,2026-01-01,2026-01-15
2026-07-28 11:56:08,V20_Range_Breakout,VBL.NS,430.0,394.43,474.75,20.36%,2026-04-07,2026-04-17
2026-07-28 11:56:08,V20_Range_Breakout,BAJAJFINSV.NS,1927.9,1850.78,2274.92,22.50%,2026-01-01,2026-01-15
2026-07-28 11:56:08,V20_Range_Breakout,MARICO.NS,883.25,847.92,1042.23,22.50%,2026-01-01,2026-01-15
2026-07-28 11:56:08,V20_Range_Breakout,HYUNDAI.NS,2001.9,1921.82,2362.24,22.50%,2026-01-01,2026-01-15
2026-07-28 11:56:08,V20_Range_Breakout,UBL.NS,1434.7,1377.31,1692.95,22.50%,2026-01-01,2026-01-15
2026-07-28 11:56:08,V20_Range_Breakout,ASTRAZEN.NS,8071.5,7793.36,9998.82,28.30%,2025-05-29,2025-06-05
2026-07-28 11:56:08,V20_Range_Breakout,PAGEIND.NS,40370.0,38755.2,47636.6,22.50%,2026-01-01,2026-01-15
2026-07-28 11:56:08,V20_Range_Breakout,DABUR.NS,424.6,407.62,501.03,22.50%,2026-01-01,2026-01-15
2026-07-28 11:56:08,V20_Range_Breakout,ERIS.NS,1390.8,1091.34,1389.64,27.33%,2025-04-07,2025-04-11
2026-07-28 11:56:08,V20_Range_Breakout,INDHOTEL.NS,734.7,705.31,866.95,22.50%,2026-01-01,2026-01-15
2026-07-28 11:56:08,V20_Range_Breakout,INFY.NS,1105.7,1061.47,1304.73,22.50%,2026-01-01,2026-01-15
2026-07-28 11:56:08,V20_Range_Breakout,RELAXO.NS,391.95,363.7,439.95,20.97%,2026-07-17,2026-07-17
2026-07-28 11:56:08,V20_Range_Breakout,CIPLA.NS,1444.6,1386.82,1704.63,22.50%,2026-01-01,2026-01-15
2026-07-28 11:56:08,V20_Range_Breakout,ACC.NS,1341.8,1288.13,1583.32,22.50%,2026-01-01,2026-01-15
2026-07-28 11:56:08,V20_Range_Breakout,GODREJCP.NS,1066.9,1024.22,1258.94,22.50%,2026-01-01,2026-01-15
2026-07-28 11:56:08,V20_Range_Breakout,LT.NS,3832.0,3678.72,4521.76,22.50%,2026-01-01,2026-01-15
2026-07-28 11:56:08,V20_Range_Breakout,BLUESTARCO.NS,1645.2,1573.78,1911.62,21.47%,2026-04-08,2026-04-20
2026-07-28 11:56:08,V20_Range_Breakout,ICICIBANK.NS,1430.8,1373.57,1688.34,22.50%,2026-01-01,2026-01-15
2026-07-28 11:56:08,V20_Range_Breakout,MARUTI.NS,13802.0,13249.92,16286.36,22.50%,2026-01-01,2026-01-15
2026-07-28 11:56:08,V20_Range_Breakout,RELIANCE.NS,1267.7,1216.99,1495.89,22.50%,2026-01-01,2026-01-15
2026-07-28 11:56:08,V20_Range_Breakout,MCX.NS,2713.4,903.55,1187.07,31.38%,2025-04-07,2025-04-21
2026-07-28 11:56:08,V20_Range_Breakout,HAVELLS.NS,1227.1,1373.11,1654.06,20.46%,2025-04-07,2025-04-22
2026-07-28 11:56:08,V20_Range_Breakout,M&M.NS,3271.2,3140.35,3860.02,22.50%,2026-01-01,2026-01-15
2026-07-28 11:56:08,V20_Range_Breakout,HDFCBANK.NS,735.4,705.98,867.77,22.50%,2026-01-01,2026-01-15
2026-07-28 11:56:08,V20_Range_Breakout,QUESS.NS,303.25,240.59,302.5,25.73%,2026-06-30,2026-07-07
2026-07-28 11:56:08,V20_Range_Breakout,ICICIPRULI.NS,510.1,489.7,601.92,22.50%,2026-01-01,2026-01-15
2026-07-28 11:56:08,V20_Range_Breakout,KAJARIACER.NS,1209.1,945.5,1178.0,24.59%,2026-04-01,2026-04-15
2026-07-28 11:56:08,V20_Range_Breakout,EICHERMOT.NS,7836.0,7522.56,9246.48,22.50%,2026-01-01,2026-01-15
2026-07-28 11:56:08,V20_Range_Breakout,JSWINFRA.NS,318.2,305.47,375.48,22.50%,2026-01-01,2026-01-15
2026-07-29 08:36:19,V20_Range_Breakout,ASTRAZEN.NS,8158.0,7793.36,9998.82,28.30%,2025-05-29,2025-06-05
2026-07-29 08:36:19,V20_Range_Breakout,JIOFIN.NS,249.23,271.48,346.46,27.62%,2024-02-19,2024-02-23
2026-07-29 08:36:19,V20_Range_Breakout,RELAXO.NS,409.1,363.7,439.95,20.97%,2026-07-17,2026-07-17
2026-07-29 08:36:19,V20_Range_Breakout,GLAXO.NS,2612.2,1894.45,2642.36,39.48%,2025-02-14,2025-02-20
2026-07-29 08:36:19,V20_Range_Breakout,ICICIGI.NS,1654.4,1588.22,1952.19,22.50%,2026-01-01,2026-01-15
2026-07-29 08:36:19,V20_Range_Breakout,BAJFINANCE.NS,1054.4,1012.22,1244.19,22.50%,2026-01-01,2026-01-15
2026-07-29 08:36:19,V20_Range_Breakout,DABUR.NS,434.4,417.02,512.59,22.50%,2026-01-01,2026-01-15
2026-07-29 08:36:19,V20_Range_Breakout,SANOFI.NS,3400.3,5620.1,10037.9,78.61%,2024-06-07,2024-06-13
2026-07-29 08:36:19,V20_Range_Breakout,ERIS.NS,1422.1,1091.34,1389.64,27.33%,2025-04-07,2025-04-11
2026-07-29 08:36:19,V20_Range_Breakout,EICHERMOT.NS,7778.0,7466.88,9178.04,22.50%,2026-01-01,2026-01-15
2026-07-29 08:36:19,V20_Range_Breakout,TCS.NS,2448.8,2350.85,2889.58,22.50%,2026-01-01,2026-01-15
2026-07-29 08:36:19,V20_Range_Breakout,BOSCHLTD.NS,40710.0,29120.0,37670.0,29.36%,2026-04-01,2026-04-10
2026-07-29 08:36:19,V20_Range_Breakout,BLUESTARCO.NS,1673.1,1573.78,1911.62,21.47%,2026-04-08,2026-04-20
2026-07-29 08:36:19,V20_Range_Breakout,HONAUT.NS,41205.0,28459.53,36446.95,28.07%,2026-05-19,2026-05-22
2026-07-29 08:36:19,V20_Range_Breakout,UBL.NS,1438.4,1380.86,1697.31,22.50%,2026-01-01,2026-01-15
2026-07-29 08:36:19,V20_Range_Breakout,AWL.NS,189.67,182.08,223.81,22.50%,2026-01-01,2026-01-15
2026-07-29 08:36:19,V20_Range_Breakout,DIXON.NS,14198.0,12749.33,16820.51,31.93%,2025-04-09,2025-04-22
2026-07-29 08:36:19,V20_Range_Breakout,PFIZER.NS,4756.2,4212.44,5601.44,32.97%,2025-05-19,2025-06-05
2026-07-29 08:36:19,V20_Range_Breakout,PAGEIND.NS,40050.0,38448.0,47259.0,22.50%,2026-01-01,2026-01-15
2026-07-29 08:36:19,V20_Range_Breakout,ICICIPRULI.NS,510.25,489.84,602.09,22.50%,2026-01-01,2026-01-15
2026-07-29 08:36:19,V20_Range_Breakout,PIDILITIND.NS,1627.5,1562.4,1920.45,22.50%,2026-01-01,2026-01-15
2026-07-29 08:36:19,V20_Range_Breakout,MCX.NS,2718.7,903.55,1187.07,31.38%,2025-04-07,2025-04-21
2026-07-29 08:36:19,V20_Range_Breakout,TEAMLEASE.NS,1305.0,2854.65,3478.0,21.84%,2024-07-23,2024-07-29
2026-07-29 08:36:19,V20_Range_Breakout,NAM-INDIA.NS,1165.4,304.5,369.14,21.23%,2023-10-09,2023-10-13
2026-07-29 08:36:19,V20_Range_Breakout,BSE.NS,3536.0,2384.72,2910.33,22.04%,2025-05-29,2025-06-05
2026-07-29 08:36:19,V20_Range_Breakout,KAJARIACER.NS,1209.0,945.5,1178.0,24.59%,2026-04-01,2026-04-15
2026-07-29 08:36:19,V20_Range_Breakout,HAVELLS.NS,1240.6,1373.11,1654.06,20.46%,2025-04-07,2025-04-22
2026-07-29 08:36:19,V20_Range_Breakout,BATAINDIA.NS,698.4,670.46,824.11,22.50%,2026-01-01,2026-01-15
2026-07-29 08:36:19,V20_Range_Breakout,BAJAJFINSV.NS,1914.3,1837.73,2258.87,22.50%,2026-01-01,2026-01-15
2026-07-29 08:36:19,V20_Range_Breakout,BAJAJ-AUTO.NS,11328.5,10875.36,13367.63,22.50%,2026-01-01,2026-01-15
2026-07-29 08:36:19,V20_Range_Breakout,CIPLA.NS,1478.4,1419.26,1744.51,22.50%,2026-01-01,2026-01-15
2026-07-29 08:36:19,V20_Range_Breakout,HDFCBANK.NS,749.7,719.71,884.65,22.50%,2026-01-01,2026-01-15
2026-07-29 08:36:19,V20_Range_Breakout,GODREJCP.NS,1077.1,1034.02,1270.98,22.50%,2026-01-01,2026-01-15
2026-07-29 08:36:19,V20_Range_Breakout,PGHH.NS,8613.5,8268.96,10163.93,22.50%,2026-01-01,2026-01-15
2026-07-29 08:36:19,V20_Range_Breakout,ASIANPAINT.NS,2825.0,2712.0,3333.5,22.50%,2026-01-01,2026-01-15
2026-07-29 08:36:19,V20_Range_Breakout,QUESS.NS,306.65,240.59,302.5,25.73%,2026-06-30,2026-07-07
2026-07-29 08:36:19,V20_Range_Breakout,ICICIBANK.NS,1438.7,1381.15,1697.67,22.50%,2026-01-01,2026-01-15
2026-07-29 08:36:19,V20_Range_Breakout,TITAN.NS,4838.0,4644.48,5708.84,22.50%,2026-01-01,2026-01-15
2026-07-29 08:36:19,V20_Range_Breakout,RELIANCE.NS,1280.6,1229.38,1511.11,22.50%,2026-01-01,2026-01-15
2026-07-29 08:36:19,V20_Range_Breakout,UNITDSPR.NS,1501.7,1441.63,1772.01,22.50%,2026-01-01,2026-01-15
2026-07-29 08:36:19,V20_Range_Breakout,MARUTI.NS,13895.0,13339.2,16396.1,22.50%,2026-01-01,2026-01-15
2026-07-29 08:36:19,V20_Range_Breakout,ADANIPORTS.NS,1711.7,1643.23,2019.81,22.50%,2026-01-01,2026-01-15
2026-07-29 08:36:19,V20_Range_Breakout,MRF.NS,134100.0,128736.0,158238.0,22.50%,2026-01-01,2026-01-15
2026-07-29 08:36:19,V20_Range_Breakout,HINDUNILVR.NS,2115.6,2030.98,2496.41,22.50%,2026-01-01,2026-01-15
2026-07-29 08:36:19,V20_Range_Breakout,ITC.NS,287.0,275.52,338.66,22.50%,2026-01-01,2026-01-15
2026-07-29 08:36:19,V20_Range_Breakout,GILLETTE.NS,7908.5,7265.28,8796.35,21.07%,2025-02-18,2025-02-20
2026-07-29 08:36:19,V20_Range_Breakout,KOTAKBANK.NS,391.3,375.65,461.73,22.50%,2026-01-01,2026-01-15
2026-07-29 08:36:19,V20_Range_Breakout,CAMS.NS,793.4,869.97,1044.41,20.05%,2024-11-25,2024-12-05
2026-07-29 08:36:19,V20_Range_Breakout,INDHOTEL.NS,739.0,709.44,872.02,22.50%,2026-01-01,2026-01-15
2026-07-29 08:36:19,V20_Range_Breakout,HDFCAMC.NS,2547.2,2445.31,3005.7,22.50%,2026-01-01,2026-01-15
2026-07-29 08:36:19,V20_Range_Breakout,APOLLOHOSP.NS,8944.0,8586.24,10553.92,22.50%,2026-01-01,2026-01-15
2026-07-29 08:36:19,V20_Range_Breakout,AXISBANK.NS,1234.0,1184.64,1456.12,22.50%,2026-01-01,2026-01-15
2026-07-29 08:36:19,V20_Range_Breakout,ULTRACEMCO.NS,12003.0,11522.88,14163.54,22.50%,2026-01-01,2026-01-15
2026-07-29 08:36:19,V20_Range_Breakout,HDFCLIFE.NS,558.9,536.54,659.5,22.50%,2026-01-01,2026-01-15
2026-07-29 08:36:19,V20_Range_Breakout,ABBOTINDIA.NS,27715.0,26606.4,32703.7,22.50%,2026-01-01,2026-01-15
2026-07-29 08:36:19,V20_Range_Breakout,M&M.NS,3216.3,3087.65,3795.23,22.50%,2026-01-01,2026-01-15
2026-07-29 08:36:19,V20_Range_Breakout,LALPATHLAB.NS,1886.4,1810.94,2225.95,22.50%,2026-01-01,2026-01-15
2026-07-29 08:36:19,V20_Range_Breakout,VBL.NS,446.6,394.43,474.75,20.36%,2026-04-07,2026-04-17
2026-07-29 08:36:19,V20_Range_Breakout,SBIN.NS,1013.0,972.48,1195.34,22.50%,2026-01-01,2026-01-15
2026-07-29 08:36:19,V20_Range_Breakout,VOLTAS.NS,1316.4,1125.16,1394.41,23.93%,2025-02-01,2025-02-03
2026-07-29 08:36:19,V20_Range_Breakout,ACC.NS,1372.0,1317.12,1618.96,22.50%,2026-01-01,2026-01-15
2026-07-29 08:36:19,V20_Range_Breakout,INFY.NS,1156.5,1110.24,1364.67,22.50%,2026-01-01,2026-01-15
2026-07-29 08:36:19,V20_Range_Breakout,ANGELONE.NS,302.6,227.75,283.32,24.40%,2026-04-01,2026-04-09
2026-07-29 08:36:19,V20_Range_Breakout,RADICO.NS,4364.8,2704.0,3357.55,24.17%,2026-04-10,2026-04-20
2026-07-29 08:36:19,V20_Range_Breakout,NESTLEIND.NS,1503.0,1442.88,1773.54,22.50%,2026-01-01,2026-01-15
2026-07-29 08:36:19,V20_Range_Breakout,MARICO.NS,878.5,843.36,1036.63,22.50%,2026-01-01,2026-01-15
2026-07-29 08:36:19,V20_Range_Breakout,FORTIS.NS,952.75,914.64,1124.24,22.50%,2026-01-01,2026-01-15
2026-07-29 08:36:19,V20_Range_Breakout,MEDANTA.NS,1433.5,1009.64,1259.55,24.75%,2025-04-07,2025-04-08
2026-07-29 08:36:19,V20_Range_Breakout,CDSL.NS,1351.9,1297.82,1595.24,22.50%,2026-01-01,2026-01-15
2026-07-29 08:36:19,V20_Range_Breakout,JSWINFRA.NS,313.0,300.48,369.34,22.50%,2026-01-01,2026-01-15
2026-07-29 08:36:19,V20_Range_Breakout,DMART.NS,3848.2,3685.1,4562.6,23.81%,2026-03-24,2026-04-06
2026-07-29 08:36:19,V20_Range_Breakout,HYUNDAI.NS,1991.5,1911.84,2349.97,22.50%,2026-01-01,2026-01-15
2026-07-29 08:36:19,V20_Range_Breakout,COLPAL.NS,2143.2,2057.47,2528.98,22.50%,2026-01-01,2026-01-15
2026-07-29 08:36:19,V20_Range_Breakout,LT.NS,3939.5,3781.92,4648.61,22.50%,2026-01-01,2026-01-15
2026-07-29 08:36:19,V20_Range_Breakout,HCLTECH.NS,1343.2,1289.47,1584.98,22.50%,2026-01-01,2026-01-15
2026-07-29 11:59:12,V20_Range_Breakout,LALPATHLAB.NS,1882.5,1807.2,2221.35,22.50%,2026-01-01,2026-01-15
2026-07-29 11:59:12,V20_Range_Breakout,ADANIPORTS.NS,1719.7,1650.91,2029.25,22.50%,2026-01-01,2026-01-15
2026-07-29 11:59:12,V20_Range_Breakout,FORTIS.NS,952.05,913.97,1123.42,22.50%,2026-01-01,2026-01-15
2026-07-29 11:59:12,V20_Range_Breakout,KAJARIACER.NS,1209.7,945.5,1178.0,24.59%,2026-04-01,2026-04-15
2026-07-29 11:59:12,V20_Range_Breakout,RELAXO.NS,409.1,363.7,439.95,20.97%,2026-07-17,2026-07-17
2026-07-29 11:59:12,V20_Range_Breakout,NAM-INDIA.NS,1168.1,304.5,369.14,21.23%,2023-10-09,2023-10-13
2026-07-29 11:59:12,V20_Range_Breakout,APOLLOHOSP.NS,8935.0,8577.6,10543.3,22.50%,2026-01-01,2026-01-15
2026-07-29 11:59:12,V20_Range_Breakout,CDSL.NS,1350.0,1296.0,1593.0,22.50%,2026-01-01,2026-01-15
2026-07-29 11:59:12,V20_Range_Breakout,TEAMLEASE.NS,1299.2,2854.65,3478.0,21.84%,2024-07-23,2024-07-29
2026-07-29 11:59:12,V20_Range_Breakout,ICICIPRULI.NS,511.65,491.18,603.75,22.50%,2026-01-01,2026-01-15
2026-07-29 11:59:12,V20_Range_Breakout,HINDUNILVR.NS,2117.8,2033.09,2499.0,22.50%,2026-01-01,2026-01-15
2026-07-29 11:59:12,V20_Range_Breakout,MCX.NS,2717.5,903.55,1187.07,31.38%,2025-04-07,2025-04-21
2026-07-29 11:59:12,V20_Range_Breakout,EICHERMOT.NS,7779.0,7467.84,9179.22,22.50%,2026-01-01,2026-01-15
2026-07-29 11:59:12,V20_Range_Breakout,DMART.NS,3848.1,3685.1,4562.6,23.81%,2026-03-24,2026-04-06
2026-07-29 11:59:12,V20_Range_Breakout,ERIS.NS,1426.5,1091.34,1389.64,27.33%,2025-04-07,2025-04-11
2026-07-29 11:59:12,V20_Range_Breakout,MEDANTA.NS,1432.9,1009.64,1259.55,24.75%,2025-04-07,2025-04-08
2026-07-29 11:59:12,V20_Range_Breakout,RADICO.NS,4373.8,2704.0,3357.55,24.17%,2026-04-10,2026-04-20
2026-07-29 11:59:12,V20_Range_Breakout,BAJAJFINSV.NS,1924.4,1847.42,2270.79,22.50%,2026-01-01,2026-01-15
2026-07-29 11:59:12,V20_Range_Breakout,HONAUT.NS,40105.0,28459.53,36446.95,28.07%,2026-05-19,2026-05-22
2026-07-29 11:59:12,V20_Range_Breakout,JSWINFRA.NS,316.55,303.89,373.53,22.50%,2026-01-01,2026-01-15
2026-07-29 11:59:12,V20_Range_Breakout,VBL.NS,447.2,394.43,474.75,20.36%,2026-04-07,2026-04-17
2026-07-29 11:59:12,V20_Range_Breakout,M&M.NS,3221.8,3092.93,3801.72,22.50%,2026-01-01,2026-01-15
2026-07-29 11:59:12,V20_Range_Breakout,GILLETTE.NS,7892.0,7265.28,8796.35,21.07%,2025-02-18,2025-02-20
2026-07-29 11:59:12,V20_Range_Breakout,BAJAJ-AUTO.NS,11338.0,10884.48,13378.84,22.50%,2026-01-01,2026-01-15
2026-07-29 11:59:12,V20_Range_Breakout,AXISBANK.NS,1235.4,1185.98,1457.77,22.50%,2026-01-01,2026-01-15
2026-07-29 11:59:12,V20_Range_Breakout,PFIZER.NS,4755.1,4212.44,5601.44,32.97%,2025-05-19,2025-06-05
2026-07-29 11:59:12,V20_Range_Breakout,PAGEIND.NS,40270.0,38659.2,47518.6,22.50%,2026-01-01,2026-01-15
2026-07-29 11:59:12,V20_Range_Breakout,BATAINDIA.NS,698.35,670.42,824.05,22.50%,2026-01-01,2026-01-15
2026-07-29 11:59:12,V20_Range_Breakout,ICICIBANK.NS,1437.9,1380.38,1696.72,22.50%,2026-01-01,2026-01-15
2026-07-29 11:59:12,V20_Range_Breakout,VOLTAS.NS,1313.3,1125.16,1394.41,23.93%,2025-02-01,2025-02-03
2026-07-29 11:59:12,V20_Range_Breakout,ACC.NS,1370.8,1315.97,1617.54,22.50%,2026-01-01,2026-01-15
2026-07-29 11:59:12,V20_Range_Breakout,BOSCHLTD.NS,41065.0,29120.0,37670.0,29.36%,2026-04-01,2026-04-10
2026-07-29 11:59:12,V20_Range_Breakout,ABBOTINDIA.NS,27745.0,26635.2,32739.1,22.50%,2026-01-01,2026-01-15
2026-07-29 11:59:12,V20_Range_Breakout,HCLTECH.NS,1344.3,1290.53,1586.27,22.50%,2026-01-01,2026-01-15
2026-07-29 11:59:12,V20_Range_Breakout,PGHH.NS,8598.5,8254.56,10146.23,22.50%,2026-01-01,2026-01-15
2026-07-29 11:59:12,V20_Range_Breakout,DIXON.NS,14275.0,12749.33,16820.51,31.93%,2025-04-09,2025-04-22
2026-07-29 11:59:12,V20_Range_Breakout,MRF.NS,134200.0,128832.0,158356.0,22.50%,2026-01-01,2026-01-15
2026-07-29 11:59:12,V20_Range_Breakout,GLAXO.NS,2626.4,1894.45,2642.36,39.48%,2025-02-14,2025-02-20
2026-07-29 11:59:12,V20_Range_Breakout,ICICIGI.NS,1648.8,1582.85,1945.58,22.50%,2026-01-01,2026-01-15
2026-07-29 11:59:12,V20_Range_Breakout,BSE.NS,3541.4,2384.72,2910.33,22.04%,2025-05-29,2025-06-05
2026-07-29 11:59:12,V20_Range_Breakout,PIDILITIND.NS,1629.9,1564.7,1923.28,22.50%,2026-01-01,2026-01-15
2026-07-29 11:59:12,V20_Range_Breakout,MARUTI.NS,13948.0,13390.08,16458.64,22.50%,2026-01-01,2026-01-15
2026-07-29 11:59:12,V20_Range_Breakout,CIPLA.NS,1474.3,1415.33,1739.67,22.50%,2026-01-01,2026-01-15
2026-07-29 11:59:12,V20_Range_Breakout,DABUR.NS,433.7,416.35,511.77,22.50%,2026-01-01,2026-01-15
2026-07-29 11:59:12,V20_Range_Breakout,JIOFIN.NS,249.48,271.48,346.46,27.62%,2024-02-19,2024-02-23
2026-07-29 11:59:12,V20_Range_Breakout,LT.NS,3931.4,3774.14,4639.05,22.50%,2026-01-01,2026-01-15
2026-07-29 11:59:12,V20_Range_Breakout,HDFCBANK.NS,748.2,718.27,882.88,22.50%,2026-01-01,2026-01-15
2026-07-29 11:59:12,V20_Range_Breakout,UNITDSPR.NS,1504.4,1444.22,1775.19,22.50%,2026-01-01,2026-01-15
2026-07-29 11:59:12,V20_Range_Breakout,TITAN.NS,4850.2,4656.19,5723.24,22.50%,2026-01-01,2026-01-15
2026-07-29 11:59:12,V20_Range_Breakout,TCS.NS,2446.6,2348.74,2886.99,22.50%,2026-01-01,2026-01-15
2026-07-29 11:59:12,V20_Range_Breakout,COLPAL.NS,2166.4,2079.74,2556.35,22.50%,2026-01-01,2026-01-15
2026-07-29 11:59:12,V20_Range_Breakout,HYUNDAI.NS,1992.9,1913.18,2351.62,22.50%,2026-01-01,2026-01-15
2026-07-29 11:59:12,V20_Range_Breakout,RELIANCE.NS,1275.9,1224.86,1505.56,22.50%,2026-01-01,2026-01-15
2026-07-29 11:59:12,V20_Range_Breakout,QUESS.NS,307.4,240.59,302.5,25.73%,2026-06-30,2026-07-07
2026-07-29 11:59:12,V20_Range_Breakout,KOTAKBANK.NS,390.2,374.59,460.44,22.50%,2026-01-01,2026-01-15
2026-07-29 11:59:12,V20_Range_Breakout,BLUESTARCO.NS,1680.8,1573.78,1911.62,21.47%,2026-04-08,2026-04-20
2026-07-29 11:59:12,V20_Range_Breakout,INFY.NS,1155.6,1109.38,1363.61,22.50%,2026-01-01,2026-01-15
2026-07-29 11:59:12,V20_Range_Breakout,NESTLEIND.NS,1503.3,1443.17,1773.89,22.50%,2026-01-01,2026-01-15
2026-07-29 11:59:12,V20_Range_Breakout,ASTRAZEN.NS,8185.0,7793.36,9998.82,28.30%,2025-05-29,2025-06-05
2026-07-29 11:59:12,V20_Range_Breakout,CAMS.NS,792.4,869.97,1044.41,20.05%,2024-11-25,2024-12-05
2026-07-29 11:59:12,V20_Range_Breakout,BAJFINANCE.NS,1054.4,1012.22,1244.19,22.50%,2026-01-01,2026-01-15
2026-07-29 11:59:12,V20_Range_Breakout,MARICO.NS,878.7,843.55,1036.87,22.50%,2026-01-01,2026-01-15
2026-07-29 11:59:12,V20_Range_Breakout,ITC.NS,286.25,274.8,337.77,22.50%,2026-01-01,2026-01-15
2026-07-29 11:59:12,V20_Range_Breakout,HDFCLIFE.NS,556.7,534.43,656.91,22.50%,2026-01-01,2026-01-15
2026-07-29 11:59:12,V20_Range_Breakout,GODREJCP.NS,1076.5,1033.44,1270.27,22.50%,2026-01-01,2026-01-15
2026-07-29 11:59:12,V20_Range_Breakout,HDFCAMC.NS,2541.9,2440.22,2999.44,22.50%,2026-01-01,2026-01-15
2026-07-29 11:59:12,V20_Range_Breakout,ASIANPAINT.NS,2758.4,2648.06,3254.91,22.50%,2026-01-01,2026-01-15
2026-07-29 11:59:12,V20_Range_Breakout,AWL.NS,189.91,182.31,224.09,22.50%,2026-01-01,2026-01-15
2026-07-29 11:59:12,V20_Range_Breakout,SBIN.NS,1013.7,973.15,1196.17,22.50%,2026-01-01,2026-01-15
2026-07-29 11:59:12,V20_Range_Breakout,UBL.NS,1440.2,1382.59,1699.44,22.50%,2026-01-01,2026-01-15
2026-07-29 11:59:12,V20_Range_Breakout,HAVELLS.NS,1237.0,1373.11,1654.06,20.46%,2025-04-07,2025-04-22
2026-07-29 11:59:12,V20_Range_Breakout,ULTRACEMCO.NS,11998.0,11518.08,14157.64,22.50%,2026-01-01,2026-01-15
2026-07-29 11:59:12,V20_Range_Breakout,INDHOTEL.NS,738.2,708.67,871.08,22.50%,2026-01-01,2026-01-15
2026-07-29 11:59:12,V20_Range_Breakout,SANOFI.NS,3419.9,5620.1,10037.9,78.61%,2024-06-07,2024-06-13
2026-07-29 11:59:12,V20_Range_Breakout,ANGELONE.NS,302.5,227.75,283.32,24.40%,2026-04-01,2026-04-09
2026-07-30 08:22:06,V20_Range_Breakout,PFIZER.NS,4805.0,4212.44,5601.44,32.97%,2025-05-19,2025-06-05
2026-07-30 08:22:06,V20_Range_Breakout,ADANIPORTS.NS,1661.0,1594.56,1959.98,22.50%,2026-01-01,2026-01-15
2026-07-30 08:22:06,V20_Range_Breakout,COLPAL.NS,2093.2,2009.47,2469.98,22.50%,2026-01-01,2026-01-15
2026-07-30 08:22:06,V20_Range_Breakout,HDFCBANK.NS,751.65,721.58,886.95,22.50%,2026-01-01,2026-01-15
2026-07-30 08:22:06,V20_Range_Breakout,BAJAJFINSV.NS,1903.4,1827.26,2246.01,22.50%,2026-01-01,2026-01-15
2026-07-30 08:22:06,V20_Range_Breakout,CAMS.NS,792.85,869.97,1044.41,20.05%,2024-11-25,2024-12-05
2026-07-30 08:22:06,V20_Range_Breakout,MARUTI.NS,14018.0,13457.28,16541.24,22.50%,2026-01-01,2026-01-15
2026-07-30 08:22:06,V20_Range_Breakout,JSWINFRA.NS,313.95,301.39,370.46,22.50%,2026-01-01,2026-01-15
2026-07-30 08:22:06,V20_Range_Breakout,TITAN.NS,4839.4,4645.82,5710.49,22.50%,2026-01-01,2026-01-15
2026-07-30 08:22:06,V20_Range_Breakout,HONAUT.NS,39820.0,28459.53,36446.95,28.07%,2026-05-19,2026-05-22
2026-07-30 08:22:06,V20_Range_Breakout,HYUNDAI.NS,2002.6,1922.5,2363.07,22.50%,2026-01-01,2026-01-15
2026-07-30 08:22:06,V20_Range_Breakout,ICICIBANK.NS,1428.6,1371.46,1685.75,22.50%,2026-01-01,2026-01-15
2026-07-30 08:22:06,V20_Range_Breakout,RELAXO.NS,406.3,363.7,439.95,20.97%,2026-07-17,2026-07-17
2026-07-30 08:22:06,V20_Range_Breakout,LT.NS,3934.8,3777.41,4643.06,22.50%,2026-01-01,2026-01-15
2026-07-30 08:22:06,V20_Range_Breakout,INDHOTEL.NS,746.85,716.98,881.28,22.50%,2026-01-01,2026-01-15
2026-07-30 08:22:06,V20_Range_Breakout,NESTLEIND.NS,1520.7,1459.87,1794.43,22.50%,2026-01-01,2026-01-15
2026-07-30 08:22:06,V20_Range_Breakout,JIOFIN.NS,246.18,271.48,346.46,27.62%,2024-02-19,2024-02-23
2026-07-30 08:22:06,V20_Range_Breakout,HAVELLS.NS,1255.0,1373.11,1654.06,20.46%,2025-04-07,2025-04-22
2026-07-30 08:22:06,V20_Range_Breakout,DABUR.NS,425.45,408.43,502.03,22.50%,2026-01-01,2026-01-15
2026-07-30 08:22:06,V20_Range_Breakout,ANGELONE.NS,293.3,227.75,283.32,24.40%,2026-04-01,2026-04-09
2026-07-30 08:22:06,V20_Range_Breakout,BOSCHLTD.NS,41435.0,29120.0,37670.0,29.36%,2026-04-01,2026-04-10
2026-07-30 08:22:06,V20_Range_Breakout,GLAXO.NS,2626.4,1894.45,2642.36,39.48%,2025-02-14,2025-02-20
2026-07-30 08:22:06,V20_Range_Breakout,HDFCLIFE.NS,547.55,525.65,646.11,22.50%,2026-01-01,2026-01-15
2026-07-30 08:22:06,V20_Range_Breakout,MCX.NS,2674.7,903.55,1187.07,31.38%,2025-04-07,2025-04-21
2026-07-30 08:22:06,V20_Range_Breakout,BATAINDIA.NS,700.25,672.24,826.29,22.50%,2026-01-01,2026-01-15
2026-07-30 08:22:06,V20_Range_Breakout,MARICO.NS,884.5,849.12,1043.71,22.50%,2026-01-01,2026-01-15
2026-07-30 08:22:06,V20_Range_Breakout,ASTRAZEN.NS,8132.0,7793.36,9998.82,28.30%,2025-05-29,2025-06-05
2026-07-30 08:22:06,V20_Range_Breakout,SBIN.NS,1024.4,983.42,1208.79,22.50%,2026-01-01,2026-01-15
2026-07-30 08:22:06,V20_Range_Breakout,VOLTAS.NS,1327.2,1125.16,1394.41,23.93%,2025-02-01,2025-02-03
2026-07-30 08:22:06,V20_Range_Breakout,MEDANTA.NS,1415.5,1009.64,1259.55,24.75%,2025-04-07,2025-04-08
2026-07-30 08:22:06,V20_Range_Breakout,M&M.NS,3293.2,3161.47,3885.98,22.50%,2026-01-01,2026-01-15
2026-07-30 08:22:06,V20_Range_Breakout,GODREJCP.NS,1071.6,1028.74,1264.49,22.50%,2026-01-01,2026-01-15
2026-07-30 08:22:06,V20_Range_Breakout,RELIANCE.NS,1292.0,1240.32,1524.56,22.50%,2026-01-01,2026-01-15
2026-07-30 08:22:06,V20_Range_Breakout,PAGEIND.NS,41150.0,39504.0,48557.0,22.50%,2026-01-01,2026-01-15
2026-07-30 08:22:06,V20_Range_Breakout,ICICIGI.NS,1638.9,1573.34,1933.9,22.50%,2026-01-01,2026-01-15
2026-07-30 08:22:06,V20_Range_Breakout,FORTIS.NS,951.15,913.1,1122.36,22.50%,2026-01-01,2026-01-15
2026-07-30 08:22:06,V20_Range_Breakout,QUESS.NS,311.7,240.59,302.5,25.73%,2026-06-30,2026-07-07
2026-07-30 08:22:06,V20_Range_Breakout,BAJFINANCE.NS,1044.9,1003.1,1232.98,22.50%,2026-01-01,2026-01-15
2026-07-30 08:22:06,V20_Range_Breakout,LALPATHLAB.NS,1894.8,1819.01,2235.86,22.50%,2026-01-01,2026-01-15
2026-07-30 08:22:06,V20_Range_Breakout,BAJAJ-AUTO.NS,11461.0,11002.56,13523.98,22.50%,2026-01-01,2026-01-15
2026-07-30 08:22:06,V20_Range_Breakout,PGHH.NS,8472.0,8133.12,9996.96,22.50%,2026-01-01,2026-01-15
2026-07-30 08:22:06,V20_Range_Breakout,TCS.NS,2453.3,2355.17,2894.89,22.50%,2026-01-01,2026-01-15
2026-07-30 08:22:06,V20_Range_Breakout,HDFCAMC.NS,2537.7,2436.19,2994.49,22.50%,2026-01-01,2026-01-15
2026-07-30 08:22:06,V20_Range_Breakout,HCLTECH.NS,1359.3,1304.93,1603.97,22.50%,2026-01-01,2026-01-15
2026-07-30 08:22:06,V20_Range_Breakout,TEAMLEASE.NS,1265.5,2854.65,3478.0,21.84%,2024-07-23,2024-07-29
2026-07-30 08:22:06,V20_Range_Breakout,RADICO.NS,4387.2,2704.0,3357.55,24.17%,2026-04-10,2026-04-20
2026-07-30 08:22:06,V20_Range_Breakout,ICICIPRULI.NS,509.4,489.02,601.09,22.50%,2026-01-01,2026-01-15
2026-07-30 08:22:06,V20_Range_Breakout,KOTAKBANK.NS,387.9,372.38,457.72,22.50%,2026-01-01,2026-01-15
2026-07-30 08:22:06,V20_Range_Breakout,AXISBANK.NS,1223.5,1174.56,1443.73,22.50%,2026-01-01,2026-01-15
2026-07-30 08:22:06,V20_Range_Breakout,KAJARIACER.NS,1193.4,945.5,1178.0,24.59%,2026-04-01,2026-04-15
2026-07-30 08:22:06,V20_Range_Breakout,CDSL.NS,1330.3,1277.09,1569.75,22.50%,2026-01-01,2026-01-15
2026-07-30 08:22:06,V20_Range_Breakout,ULTRACEMCO.NS,11804.0,11331.84,13928.72,22.50%,2026-01-01,2026-01-15
2026-07-30 08:22:06,V20_Range_Breakout,ITC.NS,284.95,273.55,336.24,22.50%,2026-01-01,2026-01-15
2026-07-30 08:22:06,V20_Range_Breakout,NAM-INDIA.NS,1147.9,304.5,369.14,21.23%,2023-10-09,2023-10-13
2026-07-30 08:22:06,V20_Range_Breakout,AWL.NS,187.4,179.9,221.13,22.50%,2026-01-01,2026-01-15
2026-07-30 08:22:06,V20_Range_Breakout,HINDUNILVR.NS,2103.7,2019.55,2482.37,22.50%,2026-01-01,2026-01-15
2026-07-30 08:22:06,V20_Range_Breakout,ABBOTINDIA.NS,27625.0,26520.0,32597.5,22.50%,2026-01-01,2026-01-15
2026-07-30 08:22:06,V20_Range_Breakout,UBL.NS,1439.0,1381.44,1698.02,22.50%,2026-01-01,2026-01-15
2026-07-30 08:22:06,V20_Range_Breakout,ASIANPAINT.NS,2739.7,2630.11,3232.85,22.50%,2026-01-01,2026-01-15
2026-07-30 08:22:06,V20_Range_Breakout,CIPLA.NS,1476.2,1417.15,1741.92,22.50%,2026-01-01,2026-01-15
2026-07-30 08:22:06,V20_Range_Breakout,GILLETTE.NS,7737.0,7265.28,8796.35,21.07%,2025-02-18,2025-02-20
2026-07-30 08:22:06,V20_Range_Breakout,DIXON.NS,14359.0,12749.33,16820.51,31.93%,2025-04-09,2025-04-22
2026-07-30 08:22:06,V20_Range_Breakout,UNITDSPR.NS,1514.0,1453.44,1786.52,22.50%,2026-01-01,2026-01-15
2026-07-30 08:22:06,V20_Range_Breakout,BLUESTARCO.NS,1694.3,1573.78,1911.62,21.47%,2026-04-08,2026-04-20
2026-07-30 08:22:06,V20_Range_Breakout,PIDILITIND.NS,1622.0,1557.12,1913.96,22.50%,2026-01-01,2026-01-15
2026-07-30 08:22:06,V20_Range_Breakout,EICHERMOT.NS,7855.0,7540.8,9268.9,22.50%,2026-01-01,2026-01-15
2026-07-30 08:22:06,V20_Range_Breakout,ACC.NS,1348.7,1294.75,1591.47,22.50%,2026-01-01,2026-01-15
2026-07-30 08:22:06,V20_Range_Breakout,APOLLOHOSP.NS,8998.0,8638.08,10617.64,22.50%,2026-01-01,2026-01-15
2026-07-30 08:22:06,V20_Range_Breakout,DMART.NS,3852.5,3685.1,4562.6,23.81%,2026-03-24,2026-04-06
2026-07-30 08:22:06,V20_Range_Breakout,INFY.NS,1170.5,1123.68,1381.19,22.50%,2026-01-01,2026-01-15
2026-07-30 08:22:06,V20_Range_Breakout,SANOFI.NS,3376.2,5620.1,10037.9,78.61%,2024-06-07,2024-06-13
2026-07-30 08:22:06,V20_Range_Breakout,ERIS.NS,1375.0,1091.34,1389.64,27.33%,2025-04-07,2025-04-11
2026-07-30 08:22:06,V20_Range_Breakout,VBL.NS,448.0,394.43,474.75,20.36%,2026-04-07,2026-04-17
2026-07-30 08:22:06,V20_Range_Breakout,MRF.NS,134685.0,129297.6,158928.3,22.50%,2026-01-01,2026-01-15
2026-07-30 08:22:06,V20_Range_Breakout,BSE.NS,3537.1,2384.72,2910.33,22.04%,2025-05-29,2025-06-05
2026-07-30 11:50:03,V20_Range_Breakout,MARUTI.NS,14188.0,13620.48,16741.84,22.50%,2026-01-01,2026-01-15
2026-07-30 11:50:03,V20_Range_Breakout,MARICO.NS,885.35,849.94,1044.71,22.50%,2026-01-01,2026-01-15
2026-07-30 11:50:03,V20_Range_Breakout,GODREJCP.NS,1072.1,1029.22,1265.08,22.50%,2026-01-01,2026-01-15
2026-07-30 11:50:03,V20_Range_Breakout,HAVELLS.NS,1261.7,1373.11,1654.06,20.46%,2025-04-07,2025-04-22
2026-07-30 11:50:03,V20_Range_Breakout,ICICIPRULI.NS,510.6,490.18,602.51,22.50%,2026-01-01,2026-01-15
2026-07-30 11:50:03,V20_Range_Breakout,DABUR.NS,426.1,409.06,502.8,22.50%,2026-01-01,2026-01-15
2026-07-30 11:50:03,V20_Range_Breakout,BOSCHLTD.NS,41550.0,29120.0,37670.0,29.36%,2026-04-01,2026-04-10
2026-07-30 11:50:03,V20_Range_Breakout,PFIZER.NS,4801.3,4212.44,5601.44,32.97%,2025-05-19,2025-06-05
2026-07-30 11:50:03,V20_Range_Breakout,RADICO.NS,4366.6,2704.0,3357.55,24.17%,2026-04-10,2026-04-20
2026-07-30 11:50:03,V20_Range_Breakout,INFY.NS,1155.1,1108.9,1363.02,22.50%,2026-01-01,2026-01-15
2026-07-30 11:50:03,V20_Range_Breakout,ACC.NS,1356.5,1302.24,1600.67,22.50%,2026-01-01,2026-01-15
2026-07-30 11:50:03,V20_Range_Breakout,BAJAJFINSV.NS,1909.4,1833.02,2253.09,22.50%,2026-01-01,2026-01-15
2026-07-30 11:50:03,V20_Range_Breakout,GLAXO.NS,2610.7,1894.45,2642.36,39.48%,2025-02-14,2025-02-20
2026-07-30 11:50:03,V20_Range_Breakout,MCX.NS,2677.0,903.55,1187.07,31.38%,2025-04-07,2025-04-21
2026-07-30 11:50:03,V20_Range_Breakout,ASTRAZEN.NS,8094.5,7793.36,9998.82,28.30%,2025-05-29,2025-06-05
2026-07-30 11:50:03,V20_Range_Breakout,ITC.NS,285.05,273.65,336.36,22.50%,2026-01-01,2026-01-15
2026-07-30 11:50:03,V20_Range_Breakout,PAGEIND.NS,41085.0,39441.6,48480.3,22.50%,2026-01-01,2026-01-15
2026-07-30 11:50:03,V20_Range_Breakout,LT.NS,3937.7,3780.19,4646.49,22.50%,2026-01-01,2026-01-15
2026-07-30 11:50:03,V20_Range_Breakout,RELAXO.NS,408.15,363.7,439.95,20.97%,2026-07-17,2026-07-17
2026-07-30 11:50:03,V20_Range_Breakout,JIOFIN.NS,246.95,271.48,346.46,27.62%,2024-02-19,2024-02-23
2026-07-30 11:50:03,V20_Range_Breakout,ERIS.NS,1375.2,1091.34,1389.64,27.33%,2025-04-07,2025-04-11
2026-07-30 11:50:03,V20_Range_Breakout,MEDANTA.NS,1416.4,1009.64,1259.55,24.75%,2025-04-07,2025-04-08
2026-07-30 11:50:03,V20_Range_Breakout,DMART.NS,3874.0,3685.1,4562.6,23.81%,2026-03-24,2026-04-06
2026-07-30 11:50:03,V20_Range_Breakout,BATAINDIA.NS,700.05,672.05,826.06,22.50%,2026-01-01,2026-01-15
2026-07-30 11:50:03,V20_Range_Breakout,BAJFINANCE.NS,1053.5,1011.36,1243.13,22.50%,2026-01-01,2026-01-15
2026-07-30 11:50:03,V20_Range_Breakout,ABBOTINDIA.NS,27555.0,26452.8,32514.9,22.50%,2026-01-01,2026-01-15
2026-07-30 11:50:03,V20_Range_Breakout,ADANIPORTS.NS,1664.1,1597.54,1963.64,22.50%,2026-01-01,2026-01-15
2026-07-30 11:50:03,V20_Range_Breakout,CAMS.NS,793.15,869.97,1044.41,20.05%,2024-11-25,2024-12-05
2026-07-30 11:50:03,V20_Range_Breakout,AXISBANK.NS,1228.9,1179.74,1450.1,22.50%,2026-01-01,2026-01-15
2026-07-30 11:50:03,V20_Range_Breakout,ULTRACEMCO.NS,11847.0,11373.12,13979.46,22.50%,2026-01-01,2026-01-15
2026-07-30 11:50:03,V20_Range_Breakout,ASIANPAINT.NS,2746.2,2636.35,3240.52,22.50%,2026-01-01,2026-01-15
2026-07-30 11:50:03,V20_Range_Breakout,SBIN.NS,1025.3,984.29,1209.85,22.50%,2026-01-01,2026-01-15
2026-07-30 11:50:03,V20_Range_Breakout,GILLETTE.NS,7719.0,7265.28,8796.35,21.07%,2025-02-18,2025-02-20
2026-07-30 11:50:03,V20_Range_Breakout,TEAMLEASE.NS,1266.1,2854.65,3478.0,21.84%,2024-07-23,2024-07-29
2026-07-30 11:50:03,V20_Range_Breakout,CIPLA.NS,1466.4,1407.74,1730.35,22.50%,2026-01-01,2026-01-15
2026-07-30 11:50:03,V20_Range_Breakout,HINDUNILVR.NS,2107.9,2023.58,2487.32,22.50%,2026-01-01,2026-01-15
2026-07-30 11:50:03,V20_Range_Breakout,KOTAKBANK.NS,389.4,373.82,459.49,22.50%,2026-01-01,2026-01-15
2026-07-30 11:50:03,V20_Range_Breakout,NAM-INDIA.NS,1146.9,304.5,369.14,21.23%,2023-10-09,2023-10-13
2026-07-30 11:50:03,V20_Range_Breakout,PGHH.NS,8477.0,8137.92,10002.86,22.50%,2026-01-01,2026-01-15
2026-07-30 11:50:03,V20_Range_Breakout,EICHERMOT.NS,7912.5,7596.0,9336.75,22.50%,2026-01-01,2026-01-15
2026-07-30 11:50:03,V20_Range_Breakout,BAJAJ-AUTO.NS,11432.0,10974.72,13489.76,22.50%,2026-01-01,2026-01-15
2026-07-30 11:50:03,V20_Range_Breakout,SANOFI.NS,3366.3,5620.1,10037.9,78.61%,2024-06-07,2024-06-13
2026-07-30 11:50:03,V20_Range_Breakout,HCLTECH.NS,1352.7,1298.59,1596.19,22.50%,2026-01-01,2026-01-15
2026-07-30 11:50:03,V20_Range_Breakout,ICICIGI.NS,1637.9,1572.38,1932.72,22.50%,2026-01-01,2026-01-15
2026-07-30 11:50:03,V20_Range_Breakout,BLUESTARCO.NS,1691.4,1573.78,1911.62,21.47%,2026-04-08,2026-04-20
2026-07-30 11:50:03,V20_Range_Breakout,ANGELONE.NS,291.65,227.75,283.32,24.40%,2026-04-01,2026-04-09
2026-07-30 11:50:03,V20_Range_Breakout,BSE.NS,3530.3,2384.72,2910.33,22.04%,2025-05-29,2025-06-05
2026-07-30 11:50:03,V20_Range_Breakout,INDHOTEL.NS,749.25,719.28,884.12,22.50%,2026-01-01,2026-01-15
2026-07-30 11:50:03,V20_Range_Breakout,MRF.NS,134860.0,129465.6,159134.8,22.50%,2026-01-01,2026-01-15
2026-07-30 11:50:03,V20_Range_Breakout,VBL.NS,451.35,394.43,474.75,20.36%,2026-04-07,2026-04-17
2026-07-30 11:50:03,V20_Range_Breakout,KAJARIACER.NS,1192.0,945.5,1178.0,24.59%,2026-04-01,2026-04-15
2026-07-30 11:50:03,V20_Range_Breakout,UNITDSPR.NS,1531.9,1470.62,1807.64,22.50%,2026-01-01,2026-01-15
2026-07-30 11:50:03,V20_Range_Breakout,FORTIS.NS,948.85,910.9,1119.64,22.50%,2026-01-01,2026-01-15
2026-07-30 11:50:03,V20_Range_Breakout,UBL.NS,1436.1,1378.66,1694.6,22.50%,2026-01-01,2026-01-15
2026-07-30 11:50:03,V20_Range_Breakout,TITAN.NS,4850.0,4656.0,5723.0,22.50%,2026-01-01,2026-01-15
2026-07-30 11:50:03,V20_Range_Breakout,COLPAL.NS,2084.8,2001.41,2460.06,22.50%,2026-01-01,2026-01-15
2026-07-30 11:50:03,V20_Range_Breakout,PIDILITIND.NS,1629.9,1564.7,1923.28,22.50%,2026-01-01,2026-01-15
2026-07-30 11:50:03,V20_Range_Breakout,VOLTAS.NS,1333.2,1125.16,1394.41,23.93%,2025-02-01,2025-02-03
2026-07-30 11:50:03,V20_Range_Breakout,DIXON.NS,14338.0,12749.33,16820.51,31.93%,2025-04-09,2025-04-22
2026-07-30 11:50:03,V20_Range_Breakout,M&M.NS,3283.7,3152.35,3874.77,22.50%,2026-01-01,2026-01-15
2026-07-30 11:50:03,V20_Range_Breakout,QUESS.NS,309.7,240.59,302.5,25.73%,2026-06-30,2026-07-07
2026-07-30 11:50:03,V20_Range_Breakout,HDFCAMC.NS,2546.3,2444.45,3004.63,22.50%,2026-01-01,2026-01-15
2026-07-30 11:50:03,V20_Range_Breakout,NESTLEIND.NS,1520.7,1459.87,1794.43,22.50%,2026-01-01,2026-01-15
2026-07-30 11:50:03,V20_Range_Breakout,JSWINFRA.NS,319.05,306.29,376.48,22.50%,2026-01-01,2026-01-15
2026-07-30 11:50:03,V20_Range_Breakout,CDSL.NS,1336.4,1282.94,1576.95,22.50%,2026-01-01,2026-01-15
2026-07-30 11:50:03,V20_Range_Breakout,HDFCLIFE.NS,545.4,523.58,643.57,22.50%,2026-01-01,2026-01-15
2026-07-30 11:50:03,V20_Range_Breakout,HYUNDAI.NS,2018.2,1937.47,2381.48,22.50%,2026-01-01,2026-01-15
2026-07-30 11:50:03,V20_Range_Breakout,LALPATHLAB.NS,1878.8,1803.65,2216.98,22.50%,2026-01-01,2026-01-15
2026-07-30 11:50:03,V20_Range_Breakout,RELIANCE.NS,1292.9,1241.18,1525.62,22.50%,2026-01-01,2026-01-15
2026-07-30 11:50:03,V20_Range_Breakout,ICICIBANK.NS,1433.9,1376.54,1692.0,22.50%,2026-01-01,2026-01-15
2026-07-30 11:50:03,V20_Range_Breakout,AWL.NS,187.58,180.08,221.34,22.50%,2026-01-01,2026-01-15
2026-07-30 11:50:03,V20_Range_Breakout,HDFCBANK.NS,753.95,723.79,889.66,22.50%,2026-01-01,2026-01-15
2026-07-30 11:50:03,V20_Range_Breakout,APOLLOHOSP.NS,8988.0,8628.48,10605.84,22.50%,2026-01-01,2026-01-15
2026-07-30 11:50:03,V20_Range_Breakout,TCS.NS,2431.8,2334.53,2869.52,22.50%,2026-01-01,2026-01-15
2026-07-30 11:50:03,V20_Range_Breakout,HONAUT.NS,39505.0,28459.53,36446.95,28.07%,2026-05-19,2026-05-22
2026-07-31 08:45:59,V20_Range_Breakout,MRF.NS,133155.0,127828.8,157122.9,22.50%,2026-01-01,2026-01-15
2026-07-31 08:45:59,V20_Range_Breakout,JSWINFRA.NS,314.2,301.63,370.76,22.50%,2026-01-01,2026-01-15
2026-07-31 08:45:59,V20_Range_Breakout,BAJAJFINSV.NS,2024.4,1943.42,2388.79,22.50%,2026-01-01,2026-01-15
2026-07-31 08:45:59,V20_Range_Breakout,ASTRAZEN.NS,8107.0,7758.7,9954.35,28.30%,2025-05-29,2025-06-05
2026-07-31 08:45:59,V20_Range_Breakout,GLAXO.NS,2649.5,1894.45,2642.36,39.48%,2025-02-14,2025-02-20
2026-07-31 08:45:59,V20_Range_Breakout,MARICO.NS,873.05,838.13,1030.2,22.50%,2026-01-01,2026-01-15
2026-07-31 08:45:59,V20_Range_Breakout,SBIN.NS,1028.5,987.36,1213.63,22.50%,2026-01-01,2026-01-15
2026-07-31 08:45:59,V20_Range_Breakout,MCX.NS,2693.9,903.55,1187.07,31.38%,2025-04-07,2025-04-21
2026-07-31 08:45:59,V20_Range_Breakout,HDFCLIFE.NS,547.8,525.89,646.4,22.50%,2026-01-01,2026-01-15
2026-07-31 08:45:59,V20_Range_Breakout,TEAMLEASE.NS,1242.2,2854.65,3478.0,21.84%,2024-07-23,2024-07-29
2026-07-31 08:45:59,V20_Range_Breakout,RELAXO.NS,406.4,363.7,439.95,20.97%,2026-07-17,2026-07-17
2026-07-31 08:45:59,V20_Range_Breakout,HAVELLS.NS,1262.4,1373.11,1654.06,20.46%,2025-04-07,2025-04-22
2026-07-31 08:45:59,V20_Range_Breakout,TITAN.NS,4878.9,4683.74,5757.1,22.50%,2026-01-01,2026-01-15
2026-07-31 08:45:59,V20_Range_Breakout,RADICO.NS,4352.8,2704.0,3357.55,24.17%,2026-04-10,2026-04-20
2026-07-31 08:45:59,V20_Range_Breakout,BOSCHLTD.NS,41025.0,29120.0,37670.0,29.36%,2026-04-01,2026-04-10
2026-07-31 08:45:59,V20_Range_Breakout,HCLTECH.NS,1347.4,1293.5,1589.93,22.50%,2026-01-01,2026-01-15
2026-07-31 08:45:59,V20_Range_Breakout,ABBOTINDIA.NS,27795.0,26683.2,32798.1,22.50%,2026-01-01,2026-01-15
2026-07-31 08:45:59,V20_Range_Breakout,GODREJCP.NS,1070.9,1028.06,1263.66,22.50%,2026-01-01,2026-01-15
2026-07-31 08:45:59,V20_Range_Breakout,KAJARIACER.NS,1224.9,945.5,1178.0,24.59%,2026-04-01,2026-04-15
2026-07-31 08:45:59,V20_Range_Breakout,ANGELONE.NS,299.85,227.75,283.32,24.40%,2026-04-01,2026-04-09
2026-07-31 08:45:59,V20_Range_Breakout,VOLTAS.NS,1334.3,1125.16,1394.41,23.93%,2025-02-01,2025-02-03
2026-07-31 08:45:59,V20_Range_Breakout,DMART.NS,3929.8,3685.1,4562.6,23.81%,2026-03-24,2026-04-06
2026-07-31 08:45:59,V20_Range_Breakout,AXISBANK.NS,1229.0,1179.84,1450.22,22.50%,2026-01-01,2026-01-15
2026-07-31 08:45:59,V20_Range_Breakout,LT.NS,3939.0,3781.44,4648.02,22.50%,2026-01-01,2026-01-15
2026-07-31 08:45:59,V20_Range_Breakout,LALPATHLAB.NS,1892.7,1816.99,2233.39,22.50%,2026-01-01,2026-01-15
2026-07-31 08:45:59,V20_Range_Breakout,PGHH.NS,8575.0,8232.0,10118.5,22.50%,2026-01-01,2026-01-15
2026-07-31 08:45:59,V20_Range_Breakout,PAGEIND.NS,40145.0,38539.2,47371.1,22.50%,2026-01-01,2026-01-15
2026-07-31 08:45:59,V20_Range_Breakout,HINDUNILVR.NS,2102.3,2018.21,2480.71,22.50%,2026-01-01,2026-01-15
2026-07-31 08:45:59,V20_Range_Breakout,KOTAKBANK.NS,389.9,374.3,460.08,22.50%,2026-01-01,2026-01-15
2026-07-31 08:45:59,V20_Range_Breakout,DABUR.NS,422.0,405.12,497.96,22.50%,2026-01-01,2026-01-15
2026-07-31 08:45:59,V20_Range_Breakout,ICICIBANK.NS,1433.8,1376.45,1691.88,22.50%,2026-01-01,2026-01-15
2026-07-31 08:45:59,V20_Range_Breakout,HDFCAMC.NS,2616.8,2512.13,3087.82,22.50%,2026-01-01,2026-01-15
2026-07-31 08:45:59,V20_Range_Breakout,BAJFINANCE.NS,1148.3,1102.37,1354.99,22.50%,2026-01-01,2026-01-15
2026-07-31 08:45:59,V20_Range_Breakout,INDHOTEL.NS,739.9,710.3,873.08,22.50%,2026-01-01,2026-01-15
2026-07-31 08:45:59,V20_Range_Breakout,ULTRACEMCO.NS,11901.0,11424.96,14043.18,22.50%,2026-01-01,2026-01-15
2026-07-31 08:45:59,V20_Range_Breakout,PIDILITIND.NS,1617.2,1552.51,1908.3,22.50%,2026-01-01,2026-01-15
2026-07-31 08:45:59,V20_Range_Breakout,ICICIPRULI.NS,514.2,493.63,606.76,22.50%,2026-01-01,2026-01-15
2026-07-31 08:45:59,V20_Range_Breakout,ACC.NS,1357.4,1303.1,1601.73,22.50%,2026-01-01,2026-01-15
2026-07-31 08:45:59,V20_Range_Breakout,MEDANTA.NS,1404.7,1009.64,1259.55,24.75%,2025-04-07,2025-04-08
2026-07-31 08:45:59,V20_Range_Breakout,DIXON.NS,14417.0,12749.33,16820.51,31.93%,2025-04-09,2025-04-22
2026-07-31 08:45:59,V20_Range_Breakout,CAMS.NS,797.75,869.97,1044.41,20.05%,2024-11-25,2024-12-05
2026-07-31 08:45:59,V20_Range_Breakout,GILLETTE.NS,7627.5,7265.28,8796.35,21.07%,2025-02-18,2025-02-20
2026-07-31 08:45:59,V20_Range_Breakout,ADANIPORTS.NS,1701.9,1633.82,2008.24,22.50%,2026-01-01,2026-01-15
2026-07-31 08:45:59,V20_Range_Breakout,UNITDSPR.NS,1524.4,1463.42,1798.79,22.50%,2026-01-01,2026-01-15
2026-07-31 08:45:59,V20_Range_Breakout,APOLLOHOSP.NS,8948.5,8590.56,10559.23,22.50%,2026-01-01,2026-01-15
2026-07-31 08:45:59,V20_Range_Breakout,JIOFIN.NS,255.6,271.48,346.46,27.62%,2024-02-19,2024-02-23
2026-07-31 08:45:59,V20_Range_Breakout,NESTLEIND.NS,1500.0,1440.0,1770.0,22.50%,2026-01-01,2026-01-15
2026-07-31 08:45:59,V20_Range_Breakout,PFIZER.NS,4829.0,4212.44,5601.44,32.97%,2025-05-19,2025-06-05
2026-07-31 08:45:59,V20_Range_Breakout,EICHERMOT.NS,7828.0,7514.88,9237.04,22.50%,2026-01-01,2026-01-15
2026-07-31 08:45:59,V20_Range_Breakout,ICICIGI.NS,1629.1,1563.94,1922.34,22.50%,2026-01-01,2026-01-15
2026-07-31 08:45:59,V20_Range_Breakout,CIPLA.NS,1477.7,1418.59,1743.69,22.50%,2026-01-01,2026-01-15
2026-07-31 08:45:59,V20_Range_Breakout,CDSL.NS,1337.8,1284.29,1578.6,22.50%,2026-01-01,2026-01-15
2026-07-31 08:45:59,V20_Range_Breakout,AWL.NS,189.85,182.26,224.02,22.50%,2026-01-01,2026-01-15
2026-07-31 08:45:59,V20_Range_Breakout,QUESS.NS,336.95,240.59,302.5,25.73%,2026-06-30,2026-07-07
2026-07-31 08:45:59,V20_Range_Breakout,HDFCBANK.NS,748.5,718.56,883.23,22.50%,2026-01-01,2026-01-15
2026-07-31 08:45:59,V20_Range_Breakout,HONAUT.NS,38210.0,28459.53,36446.95,28.07%,2026-05-19,2026-05-22
2026-07-31 08:45:59,V20_Range_Breakout,BAJAJ-AUTO.NS,11525.5,11064.48,13600.09,22.50%,2026-01-01,2026-01-15
2026-07-31 08:45:59,V20_Range_Breakout,ASIANPAINT.NS,2753.4,2643.26,3249.01,22.50%,2026-01-01,2026-01-15
2026-07-31 08:45:59,V20_Range_Breakout,INFY.NS,1133.5,1088.16,1337.53,22.50%,2026-01-01,2026-01-15
2026-07-31 08:45:59,V20_Range_Breakout,MARUTI.NS,14232.0,13662.72,16793.76,22.50%,2026-01-01,2026-01-15
2026-07-31 08:45:59,V20_Range_Breakout,ITC.NS,281.0,269.76,331.58,22.50%,2026-01-01,2026-01-15
2026-07-31 08:45:59,V20_Range_Breakout,BATAINDIA.NS,696.0,668.16,821.28,22.50%,2026-01-01,2026-01-15
2026-07-31 08:45:59,V20_Range_Breakout,ERIS.NS,1356.3,1091.34,1389.64,27.33%,2025-04-07,2025-04-11
2026-07-31 08:45:59,V20_Range_Breakout,M&M.NS,3413.5,3276.96,4027.93,22.50%,2026-01-01,2026-01-15
2026-07-31 08:45:59,V20_Range_Breakout,BLUESTARCO.NS,1684.8,1573.78,1911.62,21.47%,2026-04-08,2026-04-20
2026-07-31 08:45:59,V20_Range_Breakout,UBL.NS,1447.1,1389.22,1707.58,22.50%,2026-01-01,2026-01-15
2026-07-31 08:45:59,V20_Range_Breakout,SANOFI.NS,3316.7,5620.1,10037.9,78.61%,2024-06-07,2024-06-13
2026-07-31 08:45:59,V20_Range_Breakout,VBL.NS,444.3,393.99,474.22,20.36%,2026-04-07,2026-04-17
2026-07-31 08:45:59,V20_Range_Breakout,NAM-INDIA.NS,1164.9,304.5,369.14,21.23%,2023-10-09,2023-10-13
2026-07-31 08:45:59,V20_Range_Breakout,BSE.NS,3628.8,2384.72,2910.33,22.04%,2025-05-29,2025-06-05
2026-07-31 08:45:59,V20_Range_Breakout,HYUNDAI.NS,2196.4,2108.54,2591.75,22.50%,2026-01-01,2026-01-15
2026-07-31 08:45:59,V20_Range_Breakout,COLPAL.NS,2073.0,1990.08,2446.14,22.50%,2026-01-01,2026-01-15
2026-07-31 08:45:59,V20_Range_Breakout,RELIANCE.NS,1304.4,1252.22,1539.19,22.50%,2026-01-01,2026-01-15
2026-07-31 08:45:59,V20_Range_Breakout,FORTIS.NS,945.15,907.34,1115.28,22.50%,2026-01-01,2026-01-15
2026-07-31 08:45:59,V20_Range_Breakout,TCS.NS,2364.3,2269.73,2789.87,22.50%,2026-01-01,2026-01-15
2026-07-31 11:57:35,V20_Range_Breakout,BAJAJFINSV.NS,2029.1,1947.94,2394.34,22.50%,2026-01-01,2026-01-15
2026-07-31 11:57:35,V20_Range_Breakout,NESTLEIND.NS,1509.6,1449.22,1781.33,22.50%,2026-01-01,2026-01-15
2026-07-31 11:57:35,V20_Range_Breakout,AXISBANK.NS,1229.5,1180.32,1450.81,22.50%,2026-01-01,2026-01-15
2026-07-31 11:57:35,V20_Range_Breakout,ADANIPORTS.NS,1696.5,1628.64,2001.87,22.50%,2026-01-01,2026-01-15
2026-07-31 11:57:35,V20_Range_Breakout,HINDUNILVR.NS,2101.3,2017.25,2479.53,22.50%,2026-01-01,2026-01-15
2026-07-31 11:57:35,V20_Range_Breakout,COLPAL.NS,2076.1,1993.06,2449.8,22.50%,2026-01-01,2026-01-15
2026-07-31 11:57:35,V20_Range_Breakout,SANOFI.NS,3318.0,5620.1,10037.9,78.61%,2024-06-07,2024-06-13
2026-07-31 11:57:35,V20_Range_Breakout,UBL.NS,1418.8,1362.05,1674.18,22.50%,2026-01-01,2026-01-15
2026-07-31 11:57:35,V20_Range_Breakout,BLUESTARCO.NS,1681.2,1573.78,1911.62,21.47%,2026-04-08,2026-04-20
2026-07-31 11:57:35,V20_Range_Breakout,VOLTAS.NS,1328.9,1125.16,1394.41,23.93%,2025-02-01,2025-02-03
2026-07-31 11:57:35,V20_Range_Breakout,RELIANCE.NS,1307.8,1255.49,1543.2,22.50%,2026-01-01,2026-01-15
2026-07-31 11:57:35,V20_Range_Breakout,INDHOTEL.NS,738.55,709.01,871.49,22.50%,2026-01-01,2026-01-15
2026-07-31 11:57:35,V20_Range_Breakout,ICICIBANK.NS,1435.4,1377.98,1693.77,22.50%,2026-01-01,2026-01-15
2026-07-31 11:57:35,V20_Range_Breakout,ULTRACEMCO.NS,11903.0,11426.88,14045.54,22.50%,2026-01-01,2026-01-15
2026-07-31 11:57:35,V20_Range_Breakout,AWL.NS,189.44,181.86,223.54,22.50%,2026-01-01,2026-01-15
2026-07-31 11:57:35,V20_Range_Breakout,PAGEIND.NS,40375.0,38760.0,47642.5,22.50%,2026-01-01,2026-01-15
2026-07-31 11:57:35,V20_Range_Breakout,MARICO.NS,870.65,835.82,1027.37,22.50%,2026-01-01,2026-01-15
2026-07-31 11:57:35,V20_Range_Breakout,ICICIPRULI.NS,515.4,494.78,608.17,22.50%,2026-01-01,2026-01-15
2026-07-31 11:57:35,V20_Range_Breakout,CAMS.NS,796.15,869.97,1044.41,20.05%,2024-11-25,2024-12-05
2026-07-31 11:57:35,V20_Range_Breakout,HYUNDAI.NS,2180.7,2093.47,2573.23,22.50%,2026-01-01,2026-01-15
2026-07-31 11:57:35,V20_Range_Breakout,BSE.NS,3646.2,2384.72,2910.33,22.04%,2025-05-29,2025-06-05
2026-07-31 11:57:35,V20_Range_Breakout,CIPLA.NS,1473.2,1414.27,1738.38,22.50%,2026-01-01,2026-01-15
2026-07-31 11:57:35,V20_Range_Breakout,KOTAKBANK.NS,390.3,374.69,460.55,22.50%,2026-01-01,2026-01-15
2026-07-31 11:57:35,V20_Range_Breakout,INFY.NS,1130.1,1084.9,1333.52,22.50%,2026-01-01,2026-01-15
2026-07-31 11:57:35,V20_Range_Breakout,BATAINDIA.NS,696.15,668.3,821.46,22.50%,2026-01-01,2026-01-15
2026-07-31 11:57:35,V20_Range_Breakout,GODREJCP.NS,1070.4,1027.58,1263.07,22.50%,2026-01-01,2026-01-15
2026-07-31 11:57:35,V20_Range_Breakout,BAJFINANCE.NS,1141.2,1095.55,1346.62,22.50%,2026-01-01,2026-01-15
2026-07-31 11:57:35,V20_Range_Breakout,HDFCLIFE.NS,548.5,526.56,647.23,22.50%,2026-01-01,2026-01-15
2026-07-31 11:57:35,V20_Range_Breakout,CDSL.NS,1333.0,1279.68,1572.94,22.50%,2026-01-01,2026-01-15
2026-07-31 11:57:35,V20_Range_Breakout,EICHERMOT.NS,7833.5,7520.16,9243.53,22.50%,2026-01-01,2026-01-15
2026-07-31 11:57:35,V20_Range_Breakout,LALPATHLAB.NS,1905.2,1828.99,2248.14,22.50%,2026-01-01,2026-01-15
2026-07-31 11:57:35,V20_Range_Breakout,MEDANTA.NS,1405.6,1009.64,1259.55,24.75%,2025-04-07,2025-04-08
2026-07-31 11:57:35,V20_Range_Breakout,FORTIS.NS,945.0,907.2,1115.1,22.50%,2026-01-01,2026-01-15
2026-07-31 11:57:35,V20_Range_Breakout,DIXON.NS,14049.0,12749.33,16820.51,31.93%,2025-04-09,2025-04-22
2026-07-31 11:57:35,V20_Range_Breakout,QUESS.NS,332.55,240.59,302.5,25.73%,2026-06-30,2026-07-07
2026-07-31 11:57:35,V20_Range_Breakout,TCS.NS,2365.6,2270.98,2791.41,22.50%,2026-01-01,2026-01-15
2026-07-31 11:57:35,V20_Range_Breakout,ITC.NS,281.0,269.76,331.58,22.50%,2026-01-01,2026-01-15
2026-07-31 11:57:35,V20_Range_Breakout,PFIZER.NS,4823.9,4212.44,5601.44,32.97%,2025-05-19,2025-06-05
2026-07-31 11:57:35,V20_Range_Breakout,RADICO.NS,4340.8,2704.0,3357.55,24.17%,2026-04-10,2026-04-20
2026-07-31 11:57:35,V20_Range_Breakout,MARUTI.NS,14234.0,13664.64,16796.12,22.50%,2026-01-01,2026-01-15
2026-07-31 11:57:35,V20_Range_Breakout,JSWINFRA.NS,312.4,299.9,368.63,22.50%,2026-01-01,2026-01-15
2026-07-31 11:57:35,V20_Range_Breakout,KAJARIACER.NS,1198.3,945.5,1178.0,24.59%,2026-04-01,2026-04-15
2026-07-31 11:57:35,V20_Range_Breakout,MRF.NS,132770.0,127459.2,156668.6,22.50%,2026-01-01,2026-01-15
2026-07-31 11:57:35,V20_Range_Breakout,ASTRAZEN.NS,8100.0,7758.7,9954.35,28.30%,2025-05-29,2025-06-05
2026-07-31 11:57:35,V20_Range_Breakout,ACC.NS,1357.4,1303.1,1601.73,22.50%,2026-01-01,2026-01-15
2026-07-31 11:57:35,V20_Range_Breakout,JIOFIN.NS,256.46,271.48,346.46,27.62%,2024-02-19,2024-02-23
2026-07-31 11:57:35,V20_Range_Breakout,ERIS.NS,1354.7,1091.34,1389.64,27.33%,2025-04-07,2025-04-11
2026-07-31 11:57:35,V20_Range_Breakout,RELAXO.NS,403.95,363.7,439.95,20.97%,2026-07-17,2026-07-17
2026-07-31 11:57:35,V20_Range_Breakout,HAVELLS.NS,1260.7,1373.11,1654.06,20.46%,2025-04-07,2025-04-22
2026-07-31 11:57:35,V20_Range_Breakout,TITAN.NS,4875.2,4680.19,5752.74,22.50%,2026-01-01,2026-01-15
2026-07-31 11:57:35,V20_Range_Breakout,HCLTECH.NS,1346.9,1293.02,1589.34,22.50%,2026-01-01,2026-01-15
2026-07-31 11:57:35,V20_Range_Breakout,VBL.NS,442.3,393.99,474.22,20.36%,2026-04-07,2026-04-17
2026-07-31 11:57:35,V20_Range_Breakout,ABBOTINDIA.NS,27800.0,26688.0,32804.0,22.50%,2026-01-01,2026-01-15
2026-07-31 11:57:35,V20_Range_Breakout,GILLETTE.NS,7624.0,7265.28,8796.35,21.07%,2025-02-18,2025-02-20
2026-07-31 11:57:35,V20_Range_Breakout,PGHH.NS,8594.0,8250.24,10140.92,22.50%,2026-01-01,2026-01-15
2026-07-31 11:57:35,V20_Range_Breakout,ANGELONE.NS,297.95,227.75,283.32,24.40%,2026-04-01,2026-04-09
2026-07-31 11:57:35,V20_Range_Breakout,APOLLOHOSP.NS,8957.0,8598.72,10569.26,22.50%,2026-01-01,2026-01-15
2026-07-31 11:57:35,V20_Range_Breakout,ASIANPAINT.NS,2747.3,2637.41,3241.81,22.50%,2026-01-01,2026-01-15
2026-07-31 11:57:35,V20_Range_Breakout,TEAMLEASE.NS,1234.9,2854.65,3478.0,21.84%,2024-07-23,2024-07-29
2026-07-31 11:57:35,V20_Range_Breakout,SBIN.NS,1027.4,986.3,1212.33,22.50%,2026-01-01,2026-01-15
2026-07-31 11:57:35,V20_Range_Breakout,UNITDSPR.NS,1515.9,1455.26,1788.76,22.50%,2026-01-01,2026-01-15
2026-07-31 11:57:35,V20_Range_Breakout,LT.NS,3938.9,3781.34,4647.9,22.50%,2026-01-01,2026-01-15
2026-07-31 11:57:35,V20_Range_Breakout,HDFCBANK.NS,748.15,718.22,882.82,22.50%,2026-01-01,2026-01-15
2026-07-31 11:57:35,V20_Range_Breakout,DABUR.NS,421.45,404.59,497.31,22.50%,2026-01-01,2026-01-15
2026-07-31 11:57:35,V20_Range_Breakout,NAM-INDIA.NS,1161.4,304.5,369.14,21.23%,2023-10-09,2023-10-13
2026-07-31 11:57:35,V20_Range_Breakout,HDFCAMC.NS,2615.8,2511.17,3086.64,22.50%,2026-01-01,2026-01-15
2026-07-31 11:57:35,V20_Range_Breakout,MCX.NS,2692.2,903.55,1187.07,31.38%,2025-04-07,2025-04-21
2026-07-31 11:57:35,V20_Range_Breakout,GLAXO.NS,2655.4,1894.45,2642.36,39.48%,2025-02-14,2025-02-20
2026-07-31 11:57:35,V20_Range_Breakout,M&M.NS,3398.5,3262.56,4010.23,22.50%,2026-01-01,2026-01-15
2026-07-31 11:57:35,V20_Range_Breakout,DMART.NS,3921.0,3685.1,4562.6,23.81%,2026-03-24,2026-04-06
2026-07-31 11:57:35,V20_Range_Breakout,BAJAJ-AUTO.NS,11520.5,11059.68,13594.19,22.50%,2026-01-01,2026-01-15
2026-07-31 11:57:35,V20_Range_Breakout,PIDILITIND.NS,1611.4,1546.94,1901.45,22.50%,2026-01-01,2026-01-15
2026-07-31 11:57:35,V20_Range_Breakout,ICICIGI.NS,1623.7,1558.75,1915.97,22.50%,2026-01-01,2026-01-15
2026-07-31 11:57:35,V20_Range_Breakout,HONAUT.NS,38155.0,28459.53,36446.95,28.07%,2026-05-19,2026-05-22
2026-07-31 11:57:35,V20_Range_Breakout,BOSCHLTD.NS,41085.0,29120.0,37670.0,29.36%,2026-04-01,2026-04-10
2026-08-03 09:39:09,V20_Range_Breakout,PAGEIND.NS,40215.0,38606.4,47453.7,22.50%,2026-01-01,2026-01-15
2026-08-03 09:39:09,V20_Range_Breakout,APOLLOHOSP.NS,8802.5,8450.4,10386.95,22.50%,2026-01-01,2026-01-15
2026-08-03 09:39:09,V20_Range_Breakout,HCLTECH.NS,1364.0,1309.44,1609.52,22.50%,2026-01-01,2026-01-15
2026-08-03 09:39:09,V20_Range_Breakout,ERIS.NS,1377.2,1091.34,1389.64,27.33%,2025-04-07,2025-04-11
2026-08-03 09:39:09,V20_Range_Breakout,BOSCHLTD.NS,41200.0,29120.0,37670.0,29.36%,2026-04-01,2026-04-10
2026-08-03 09:39:09,V20_Range_Breakout,HONAUT.NS,38560.0,28459.53,36446.95,28.07%,2026-05-19,2026-05-22
2026-08-03 09:39:09,V20_Range_Breakout,ICICIGI.NS,1649.2,1583.23,1946.06,22.50%,2026-01-01,2026-01-15
2026-08-03 09:39:09,V20_Range_Breakout,HINDUNILVR.NS,2114.9,2030.3,2495.58,22.50%,2026-01-01,2026-01-15
2026-08-03 09:39:09,V20_Range_Breakout,RADICO.NS,4420.5,2704.0,3357.55,24.17%,2026-04-10,2026-04-20
2026-08-03 09:39:09,V20_Range_Breakout,GILLETTE.NS,7732.0,7265.28,8796.35,21.07%,2025-02-18,2025-02-20
2026-08-03 09:39:09,V20_Range_Breakout,CIPLA.NS,1457.6,1399.3,1719.97,22.50%,2026-01-01,2026-01-15
2026-08-03 09:39:09,V20_Range_Breakout,KAJARIACER.NS,1214.3,945.5,1178.0,24.59%,2026-04-01,2026-04-15
2026-08-03 09:39:09,V20_Range_Breakout,VBL.NS,443.8,393.99,474.22,20.36%,2026-04-07,2026-04-17
2026-08-03 09:39:09,V20_Range_Breakout,KOTAKBANK.NS,392.6,376.9,463.27,22.50%,2026-01-01,2026-01-15
2026-08-03 09:39:09,V20_Range_Breakout,ASTRAZEN.NS,8294.0,7758.7,9954.35,28.30%,2025-05-29,2025-06-05
2026-08-03 09:39:09,V20_Range_Breakout,BAJAJFINSV.NS,2080.0,1996.8,2454.4,22.50%,2026-01-01,2026-01-15
2026-08-03 09:39:09,V20_Range_Breakout,INDHOTEL.NS,745.65,715.82,879.87,22.50%,2026-01-01,2026-01-15
2026-08-03 09:39:09,V20_Range_Breakout,MRF.NS,133840.0,128486.4,157931.2,22.50%,2026-01-01,2026-01-15
2026-08-03 09:39:09,V20_Range_Breakout,PFIZER.NS,4915.1,4212.44,5601.44,32.97%,2025-05-19,2025-06-05
2026-08-03 09:39:09,V20_Range_Breakout,ITC.NS,286.25,274.8,337.77,22.50%,2026-01-01,2026-01-15
2026-08-03 09:39:09,V20_Range_Breakout,CAMS.NS,795.7,869.97,1044.41,20.05%,2024-11-25,2024-12-05
2026-08-03 09:39:09,V20_Range_Breakout,PGHH.NS,8650.0,8304.0,10207.0,22.50%,2026-01-01,2026-01-15
2026-08-03 09:39:09,V20_Range_Breakout,DMART.NS,4000.5,3685.1,4562.6,23.81%,2026-03-24,2026-04-06
2026-08-03 09:39:09,V20_Range_Breakout,MARICO.NS,873.6,838.66,1030.85,22.50%,2026-01-01,2026-01-15
2026-08-03 09:39:09,V20_Range_Breakout,NAM-INDIA.NS,1165.0,304.5,369.14,21.23%,2023-10-09,2023-10-13
2026-08-03 09:39:09,V20_Range_Breakout,DABUR.NS,424.95,407.95,501.44,22.50%,2026-01-01,2026-01-15
2026-08-03 09:39:09,V20_Range_Breakout,UNITDSPR.NS,1523.1,1462.18,1797.26,22.50%,2026-01-01,2026-01-15
2026-08-03 09:39:09,V20_Range_Breakout,AWL.NS,190.25,182.64,224.49,22.50%,2026-01-01,2026-01-15
2026-08-03 09:39:09,V20_Range_Breakout,GODREJCP.NS,1072.6,1029.7,1265.67,22.50%,2026-01-01,2026-01-15
2026-08-03 09:39:09,V20_Range_Breakout,AXISBANK.NS,1254.3,1204.13,1480.07,22.50%,2026-01-01,2026-01-15
2026-08-03 09:39:09,V20_Range_Breakout,TEAMLEASE.NS,1239.8,2854.65,3478.0,21.84%,2024-07-23,2024-07-29
2026-08-03 09:39:09,V20_Range_Breakout,HDFCLIFE.NS,549.45,527.47,648.35,22.50%,2026-01-01,2026-01-15
2026-08-03 09:39:09,V20_Range_Breakout,BLUESTARCO.NS,1725.0,1573.78,1911.62,21.47%,2026-04-08,2026-04-20
2026-08-03 09:39:09,V20_Range_Breakout,LALPATHLAB.NS,1900.3,1824.29,2242.35,22.50%,2026-01-01,2026-01-15
2026-08-03 09:39:09,V20_Range_Breakout,HAVELLS.NS,1285.2,1373.11,1654.06,20.46%,2025-04-07,2025-04-22
2026-08-03 09:39:09,V20_Range_Breakout,UBL.NS,1439.0,1381.44,1698.02,22.50%,2026-01-01,2026-01-15
2026-08-03 09:39:09,V20_Range_Breakout,LT.NS,3999.2,3839.23,4719.06,22.50%,2026-01-01,2026-01-15
2026-08-03 09:39:09,V20_Range_Breakout,TITAN.NS,4895.6,4699.78,5776.81,22.50%,2026-01-01,2026-01-15
2026-08-03 09:39:09,V20_Range_Breakout,QUESS.NS,343.3,240.59,302.5,25.73%,2026-06-30,2026-07-07
2026-08-03 09:39:09,V20_Range_Breakout,COLPAL.NS,2055.6,1973.38,2425.61,22.50%,2026-01-01,2026-01-15
2026-08-03 09:39:09,V20_Range_Breakout,SBIN.NS,1034.9,993.5,1221.18,22.50%,2026-01-01,2026-01-15
2026-08-03 09:39:09,V20_Range_Breakout,HYUNDAI.NS,2210.0,2121.6,2607.8,22.50%,2026-01-01,2026-01-15
2026-08-03 09:39:09,V20_Range_Breakout,RELIANCE.NS,1307.3,1255.01,1542.61,22.50%,2026-01-01,2026-01-15
2026-08-03 09:39:09,V20_Range_Breakout,NESTLEIND.NS,1514.4,1453.82,1786.99,22.50%,2026-01-01,2026-01-15
2026-08-03 09:39:09,V20_Range_Breakout,HDFCBANK.NS,751.0,720.96,886.18,22.50%,2026-01-01,2026-01-15
2026-08-03 09:39:09,V20_Range_Breakout,ASIANPAINT.NS,2777.0,2665.92,3276.86,22.50%,2026-01-01,2026-01-15
2026-08-03 09:39:09,V20_Range_Breakout,ADANIPORTS.NS,1694.7,1626.91,1999.75,22.50%,2026-01-01,2026-01-15
2026-08-03 09:39:09,V20_Range_Breakout,ICICIBANK.NS,1443.7,1385.95,1703.57,22.50%,2026-01-01,2026-01-15
2026-08-03 09:39:09,V20_Range_Breakout,ANGELONE.NS,301.2,227.75,283.32,24.40%,2026-04-01,2026-04-09
2026-08-03 09:39:09,V20_Range_Breakout,ICICIPRULI.NS,519.85,499.06,613.42,22.50%,2026-01-01,2026-01-15
2026-08-03 09:39:09,V20_Range_Breakout,ACC.NS,1397.5,1341.6,1649.05,22.50%,2026-01-01,2026-01-15
2026-08-03 09:39:09,V20_Range_Breakout,HDFCAMC.NS,2565.7,2463.07,3027.53,22.50%,2026-01-01,2026-01-15
2026-08-03 09:39:09,V20_Range_Breakout,CDSL.NS,1319.4,1266.62,1556.89,22.50%,2026-01-01,2026-01-15
2026-08-03 09:39:09,V20_Range_Breakout,INFY.NS,1173.7,1126.75,1384.97,22.50%,2026-01-01,2026-01-15
2026-08-03 09:39:09,V20_Range_Breakout,RELAXO.NS,410.0,363.7,439.95,20.97%,2026-07-17,2026-07-17
2026-08-03 09:39:09,V20_Range_Breakout,VOLTAS.NS,1328.7,1125.16,1394.41,23.93%,2025-02-01,2025-02-03
2026-08-03 09:39:09,V20_Range_Breakout,MCX.NS,2633.8,903.55,1187.07,31.38%,2025-04-07,2025-04-21
2026-08-03 09:39:09,V20_Range_Breakout,JSWINFRA.NS,328.0,314.88,387.04,22.50%,2026-01-01,2026-01-15
2026-08-03 09:39:09,V20_Range_Breakout,ABBOTINDIA.NS,27840.0,26726.4,32851.2,22.50%,2026-01-01,2026-01-15
2026-08-03 09:39:09,V20_Range_Breakout,BAJAJ-AUTO.NS,11500.0,11040.0,13570.0,22.50%,2026-01-01,2026-01-15
2026-08-03 09:39:09,V20_Range_Breakout,EICHERMOT.NS,7967.5,7648.8,9401.65,22.50%,2026-01-01,2026-01-15
2026-08-03 09:39:09,V20_Range_Breakout,TCS.NS,2455.0,2356.8,2896.9,22.50%,2026-01-01,2026-01-15
2026-08-03 09:39:09,V20_Range_Breakout,GLAXO.NS,2665.3,1894.45,2642.36,39.48%,2025-02-14,2025-02-20
2026-08-03 09:39:09,V20_Range_Breakout,DIXON.NS,13914.0,12749.33,16820.51,31.93%,2025-04-09,2025-04-22
2026-08-03 09:39:09,V20_Range_Breakout,BATAINDIA.NS,710.0,681.6,837.8,22.50%,2026-01-01,2026-01-15
2026-08-03 09:39:09,V20_Range_Breakout,MEDANTA.NS,1444.1,1009.64,1259.55,24.75%,2025-04-07,2025-04-08
2026-08-03 09:39:09,V20_Range_Breakout,PIDILITIND.NS,1632.1,1566.82,1925.88,22.50%,2026-01-01,2026-01-15
2026-08-03 09:39:09,V20_Range_Breakout,BSE.NS,3567.4,2384.72,2910.33,22.04%,2025-05-29,2025-06-05
2026-08-03 09:39:09,V20_Range_Breakout,SANOFI.NS,3367.1,5620.1,10037.9,78.61%,2024-06-07,2024-06-13
2026-08-03 09:39:09,V20_Range_Breakout,M&M.NS,3395.0,3259.2,4006.1,22.50%,2026-01-01,2026-01-15
2026-08-03 09:39:09,V20_Range_Breakout,MARUTI.NS,14116.0,13551.36,16656.88,22.50%,2026-01-01,2026-01-15
2026-08-03 09:39:09,V20_Range_Breakout,JIOFIN.NS,262.25,271.48,346.46,27.62%,2024-02-19,2024-02-23
2026-08-03 09:39:09,V20_Range_Breakout,BAJFINANCE.NS,1142.0,1096.32,1347.56,22.50%,2026-01-01,2026-01-15
2026-08-03 09:39:09,V20_Range_Breakout,ULTRACEMCO.NS,12016.0,11535.36,14178.88,22.50%,2026-01-01,2026-01-15
2026-08-03 09:39:09,V20_Range_Breakout,FORTIS.NS,942.3,904.61,1111.91,22.50%,2026-01-01,2026-01-15
2026-08-03 12:53:48,V20_Range_Breakout,KOTAKBANK.NS,397.5,381.6,469.05,22.50%,2026-01-01,2026-01-15
2026-08-03 12:53:48,V20_Range_Breakout,RELIANCE.NS,1319.0,1266.24,1556.42,22.50%,2026-01-01,2026-01-15
2026-08-03 12:53:48,V20_Range_Breakout,MARICO.NS,880.95,845.71,1039.52,22.50%,2026-01-01,2026-01-15
2026-08-03 12:53:48,V20_Range_Breakout,BAJAJ-AUTO.NS,11856.0,11381.76,13990.08,22.50%,2026-01-01,2026-01-15
2026-08-03 12:53:48,V20_Range_Breakout,NESTLEIND.NS,1530.0,1468.8,1805.4,22.50%,2026-01-01,2026-01-15
2026-08-03 12:53:48,V20_Range_Breakout,VOLTAS.NS,1324.8,1125.16,1394.41,23.93%,2025-02-01,2025-02-03
2026-08-03 12:53:48,V20_Range_Breakout,PIDILITIND.NS,1642.5,1576.8,1938.15,22.50%,2026-01-01,2026-01-15
2026-08-03 12:53:48,V20_Range_Breakout,ADANIPORTS.NS,1701.0,1632.96,2007.18,22.50%,2026-01-01,2026-01-15
2026-08-03 12:53:48,V20_Range_Breakout,M&M.NS,3428.6,3291.46,4045.75,22.50%,2026-01-01,2026-01-15
2026-08-03 12:53:48,V20_Range_Breakout,HYUNDAI.NS,2207.0,2118.72,2604.26,22.50%,2026-01-01,2026-01-15
2026-08-03 12:53:48,V20_Range_Breakout,DIXON.NS,13892.0,12749.33,16820.51,31.93%,2025-04-09,2025-04-22
2026-08-03 12:53:48,V20_Range_Breakout,JIOFIN.NS,263.0,271.48,346.46,27.62%,2024-02-19,2024-02-23
2026-08-03 12:53:48,V20_Range_Breakout,CDSL.NS,1322.2,1269.31,1560.2,22.50%,2026-01-01,2026-01-15
2026-08-03 12:53:48,V20_Range_Breakout,DABUR.NS,425.8,408.77,502.44,22.50%,2026-01-01,2026-01-15
2026-08-03 12:53:48,V20_Range_Breakout,HDFCBANK.NS,753.0,722.88,888.54,22.50%,2026-01-01,2026-01-15
2026-08-03 12:53:48,V20_Range_Breakout,BSE.NS,3575.0,2384.72,2910.33,22.04%,2025-05-29,2025-06-05
2026-08-03 12:53:48,V20_Range_Breakout,LT.NS,4025.0,3864.0,4749.5,22.50%,2026-01-01,2026-01-15
2026-08-03 12:53:48,V20_Range_Breakout,NAM-INDIA.NS,1165.0,304.5,369.14,21.23%,2023-10-09,2023-10-13
2026-08-03 12:53:48,V20_Range_Breakout,PFIZER.NS,4914.6,4212.44,5601.44,32.97%,2025-05-19,2025-06-05
2026-08-03 12:53:48,V20_Range_Breakout,HDFCLIFE.NS,553.1,530.98,652.66,22.50%,2026-01-01,2026-01-15
2026-08-03 12:53:48,V20_Range_Breakout,BOSCHLTD.NS,41300.0,29120.0,37670.0,29.36%,2026-04-01,2026-04-10
2026-08-03 12:53:48,V20_Range_Breakout,UBL.NS,1438.4,1380.86,1697.31,22.50%,2026-01-01,2026-01-15
2026-08-03 12:53:48,V20_Range_Breakout,FORTIS.NS,940.0,902.4,1109.2,22.50%,2026-01-01,2026-01-15
2026-08-03 12:53:48,V20_Range_Breakout,SANOFI.NS,3381.8,5620.1,10037.9,78.61%,2024-06-07,2024-06-13
2026-08-03 12:53:48,V20_Range_Breakout,BAJAJFINSV.NS,2096.0,2012.16,2473.28,22.50%,2026-01-01,2026-01-15
2026-08-03 12:53:48,V20_Range_Breakout,EICHERMOT.NS,8050.0,7728.0,9499.0,22.50%,2026-01-01,2026-01-15
2026-08-03 12:53:48,V20_Range_Breakout,QUESS.NS,345.05,240.59,302.5,25.73%,2026-06-30,2026-07-07
2026-08-03 12:53:48,V20_Range_Breakout,ICICIBANK.NS,1460.0,1401.6,1722.8,22.50%,2026-01-01,2026-01-15
2026-08-03 12:53:48,V20_Range_Breakout,AWL.NS,190.3,182.69,224.55,22.50%,2026-01-01,2026-01-15
2026-08-03 12:53:48,V20_Range_Breakout,INFY.NS,1180.0,1132.8,1392.4,22.50%,2026-01-01,2026-01-15
2026-08-03 12:53:48,V20_Range_Breakout,BAJFINANCE.NS,1153.0,1106.88,1360.54,22.50%,2026-01-01,2026-01-15
2026-08-03 12:53:48,V20_Range_Breakout,UNITDSPR.NS,1530.0,1468.8,1805.4,22.50%,2026-01-01,2026-01-15
2026-08-03 12:53:48,V20_Range_Breakout,RELAXO.NS,408.7,363.7,439.95,20.97%,2026-07-17,2026-07-17
2026-08-03 12:53:48,V20_Range_Breakout,SBIN.NS,1045.0,1003.2,1233.1,22.50%,2026-01-01,2026-01-15
2026-08-03 12:53:48,V20_Range_Breakout,HONAUT.NS,38570.0,28459.53,36446.95,28.07%,2026-05-19,2026-05-22
2026-08-03 12:53:48,V20_Range_Breakout,DMART.NS,4015.0,3685.1,4562.6,23.81%,2026-03-24,2026-04-06
2026-08-03 12:53:48,V20_Range_Breakout,MRF.NS,133730.0,128380.8,157801.4,22.50%,2026-01-01,2026-01-15
2026-08-03 12:53:48,V20_Range_Breakout,HINDUNILVR.NS,2138.0,2052.48,2522.84,22.50%,2026-01-01,2026-01-15
2026-08-03 12:53:48,V20_Range_Breakout,BLUESTARCO.NS,1729.2,1573.78,1911.62,21.47%,2026-04-08,2026-04-20
2026-08-03 12:53:48,V20_Range_Breakout,TCS.NS,2473.7,2374.75,2918.97,22.50%,2026-01-01,2026-01-15
2026-08-03 12:53:48,V20_Range_Breakout,ASIANPAINT.NS,2810.0,2697.6,3315.8,22.50%,2026-01-01,2026-01-15
2026-08-03 12:53:48,V20_Range_Breakout,ITC.NS,287.0,275.52,338.66,22.50%,2026-01-01,2026-01-15
2026-08-03 12:53:48,V20_Range_Breakout,TITAN.NS,5000.0,4800.0,5900.0,22.50%,2026-01-01,2026-01-15
2026-08-03 12:53:48,V20_Range_Breakout,CAMS.NS,791.0,869.97,1044.41,20.05%,2024-11-25,2024-12-05
2026-08-03 12:53:48,V20_Range_Breakout,HDFCAMC.NS,2600.6,2496.58,3068.71,22.50%,2026-01-01,2026-01-15
2026-08-03 12:53:48,V20_Range_Breakout,GODREJCP.NS,1085.9,1042.46,1281.36,22.50%,2026-01-01,2026-01-15
2026-08-03 12:53:48,V20_Range_Breakout,KAJARIACER.NS,1214.7,945.5,1178.0,24.59%,2026-04-01,2026-04-15
2026-08-03 12:53:48,V20_Range_Breakout,PGHH.NS,8649.0,8303.04,10205.82,22.50%,2026-01-01,2026-01-15
2026-08-03 12:53:48,V20_Range_Breakout,VBL.NS,445.0,393.99,474.22,20.36%,2026-04-07,2026-04-17
2026-08-03 12:53:48,V20_Range_Breakout,PAGEIND.NS,40200.0,38592.0,47436.0,22.50%,2026-01-01,2026-01-15
2026-08-03 12:53:48,V20_Range_Breakout,ANGELONE.NS,302.0,227.75,283.32,24.40%,2026-04-01,2026-04-09
2026-08-03 12:53:48,V20_Range_Breakout,CIPLA.NS,1474.4,1415.42,1739.79,22.50%,2026-01-01,2026-01-15
2026-08-03 12:53:48,V20_Range_Breakout,RADICO.NS,4459.1,2704.0,3357.55,24.17%,2026-04-10,2026-04-20
2026-08-03 12:53:48,V20_Range_Breakout,MARUTI.NS,14150.0,13584.0,16697.0,22.50%,2026-01-01,2026-01-15
2026-08-03 12:53:48,V20_Range_Breakout,LALPATHLAB.NS,1900.4,1824.38,2242.47,22.50%,2026-01-01,2026-01-15
2026-08-03 12:53:48,V20_Range_Breakout,GLAXO.NS,2662.3,1894.45,2642.36,39.48%,2025-02-14,2025-02-20
2026-08-03 12:53:48,V20_Range_Breakout,ACC.NS,1398.0,1342.08,1649.64,22.50%,2026-01-01,2026-01-15
2026-08-03 12:53:48,V20_Range_Breakout,HAVELLS.NS,1285.0,1373.11,1654.06,20.46%,2025-04-07,2025-04-22
2026-08-03 12:53:48,V20_Range_Breakout,AXISBANK.NS,1272.0,1221.12,1500.96,22.50%,2026-01-01,2026-01-15
2026-08-03 12:53:48,V20_Range_Breakout,ICICIPRULI.NS,522.35,501.46,616.37,22.50%,2026-01-01,2026-01-15
2026-08-03 12:53:48,V20_Range_Breakout,ULTRACEMCO.NS,12054.0,11571.84,14223.72,22.50%,2026-01-01,2026-01-15
2026-08-03 12:53:48,V20_Range_Breakout,INDHOTEL.NS,752.0,721.92,887.36,22.50%,2026-01-01,2026-01-15
2026-08-03 12:53:48,V20_Range_Breakout,MEDANTA.NS,1444.9,1009.64,1259.55,24.75%,2025-04-07,2025-04-08
2026-08-03 12:53:48,V20_Range_Breakout,ICICIGI.NS,1675.0,1608.0,1976.5,22.50%,2026-01-01,2026-01-15
2026-08-03 12:53:48,V20_Range_Breakout,COLPAL.NS,2077.0,1993.92,2450.86,22.50%,2026-01-01,2026-01-15
2026-08-03 12:53:48,V20_Range_Breakout,GILLETTE.NS,7719.0,7265.28,8796.35,21.07%,2025-02-18,2025-02-20
2026-08-03 12:53:48,V20_Range_Breakout,ERIS.NS,1383.2,1091.34,1389.64,27.33%,2025-04-07,2025-04-11
2026-08-03 12:53:48,V20_Range_Breakout,HCLTECH.NS,1377.0,1321.92,1624.86,22.50%,2026-01-01,2026-01-15
2026-08-03 12:53:48,V20_Range_Breakout,BATAINDIA.NS,709.65,681.26,837.39,22.50%,2026-01-01,2026-01-15
2026-08-03 12:53:48,V20_Range_Breakout,ASTRAZEN.NS,8300.0,7758.7,9954.35,28.30%,2025-05-29,2025-06-05
2026-08-03 12:53:48,V20_Range_Breakout,JSWINFRA.NS,329.0,315.84,388.22,22.50%,2026-01-01,2026-01-15
2026-08-03 12:53:48,V20_Range_Breakout,MCX.NS,2642.1,903.55,1187.07,31.38%,2025-04-07,2025-04-21
2026-08-03 12:53:48,V20_Range_Breakout,TEAMLEASE.NS,1239.8,2854.65,3478.0,21.84%,2024-07-23,2024-07-29
2026-08-03 12:53:48,V20_Range_Breakout,APOLLOHOSP.NS,8820.0,8467.2,10407.6,22.50%,2026-01-01,2026-01-15
2026-08-03 12:53:48,V20_Range_Breakout,ABBOTINDIA.NS,27895.0,26779.2,32916.1,22.50%,2026-01-01,2026-01-15
2026-08-04 08:32:36,V20_Range_Breakout,CIPLA.NS,1453.0,1394.88,1714.54,22.50%,2026-01-01,2026-01-15
2026-08-04 08:32:36,V20_Range_Breakout,LT.NS,4003.3,3843.17,4723.89,22.50%,2026-01-01,2026-01-15
2026-08-04 08:32:36,V20_Range_Breakout,PAGEIND.NS,39990.0,38390.4,47188.2,22.50%,2026-01-01,2026-01-15
2026-08-04 08:32:36,V20_Range_Breakout,PIDILITIND.NS,1628.3,1563.17,1921.39,22.50%,2026-01-01,2026-01-15
2026-08-04 08:32:36,V20_Range_Breakout,ITC.NS,286.65,275.18,338.25,22.50%,2026-01-01,2026-01-15
2026-08-04 08:32:36,V20_Range_Breakout,BSE.NS,3596.4,2384.72,2910.33,22.04%,2025-05-29,2025-06-05
2026-08-04 08:32:36,V20_Range_Breakout,HAVELLS.NS,1281.9,1373.11,1654.06,20.46%,2025-04-07,2025-04-22
2026-08-04 08:32:36,V20_Range_Breakout,FORTIS.NS,926.8,889.73,1093.62,22.50%,2026-01-01,2026-01-15
2026-08-04 08:32:36,V20_Range_Breakout,RELAXO.NS,407.85,363.7,439.95,20.97%,2026-07-17,2026-07-17
2026-08-04 08:32:36,V20_Range_Breakout,UNITDSPR.NS,1525.3,1464.29,1799.85,22.50%,2026-01-01,2026-01-15
2026-08-04 08:32:36,V20_Range_Breakout,BAJAJFINSV.NS,2089.4,2005.82,2465.49,22.50%,2026-01-01,2026-01-15
2026-08-04 08:32:36,V20_Range_Breakout,RADICO.NS,4457.9,2704.0,3357.55,24.17%,2026-04-10,2026-04-20
2026-08-04 08:32:36,V20_Range_Breakout,INDHOTEL.NS,743.4,713.66,877.21,22.50%,2026-01-01,2026-01-15
2026-08-04 08:32:36,V20_Range_Breakout,TCS.NS,2454.8,2356.61,2896.66,22.50%,2026-01-01,2026-01-15
2026-08-04 08:32:36,V20_Range_Breakout,APOLLOHOSP.NS,8861.0,8506.56,10455.98,22.50%,2026-01-01,2026-01-15
2026-08-04 08:32:36,V20_Range_Breakout,MRF.NS,133270.0,127939.2,157258.6,22.50%,2026-01-01,2026-01-15
2026-08-04 08:32:36,V20_Range_Breakout,ICICIPRULI.NS,507.35,487.06,598.67,22.50%,2026-01-01,2026-01-15
2026-08-04 08:32:36,V20_Range_Breakout,VBL.NS,442.4,393.99,474.22,20.36%,2026-04-07,2026-04-17
2026-08-04 08:32:36,V20_Range_Breakout,ANGELONE.NS,300.35,227.75,283.32,24.40%,2026-04-01,2026-04-09
2026-08-04 08:32:36,V20_Range_Breakout,ASTRAZEN.NS,8219.5,7758.7,9954.35,28.30%,2025-05-29,2025-06-05
2026-08-04 08:32:36,V20_Range_Breakout,DMART.NS,4003.5,3685.1,4562.6,23.81%,2026-03-24,2026-04-06
2026-08-04 08:32:36,V20_Range_Breakout,MCX.NS,2653.0,903.55,1187.07,31.38%,2025-04-07,2025-04-21
2026-08-04 08:32:36,V20_Range_Breakout,INFY.NS,1159.2,1112.83,1367.86,22.50%,2026-01-01,2026-01-15
2026-08-04 08:32:36,V20_Range_Breakout,CDSL.NS,1337.5,1284.0,1578.25,22.50%,2026-01-01,2026-01-15
2026-08-04 08:32:36,V20_Range_Breakout,LALPATHLAB.NS,1897.5,1821.6,2239.05,22.50%,2026-01-01,2026-01-15
2026-08-04 08:32:36,V20_Range_Breakout,BOSCHLTD.NS,41175.0,29120.0,37670.0,29.36%,2026-04-01,2026-04-10
2026-08-04 08:32:36,V20_Range_Breakout,ACC.NS,1386.6,1331.14,1636.19,22.50%,2026-01-01,2026-01-15
2026-08-04 08:32:36,V20_Range_Breakout,M&M.NS,3408.4,3272.06,4021.91,22.50%,2026-01-01,2026-01-15
2026-08-04 08:32:36,V20_Range_Breakout,VOLTAS.NS,1314.6,1125.16,1394.41,23.93%,2025-02-01,2025-02-03
2026-08-04 08:32:36,V20_Range_Breakout,AWL.NS,191.28,183.63,225.71,22.50%,2026-01-01,2026-01-15
2026-08-04 08:32:36,V20_Range_Breakout,COLPAL.NS,2019.7,1938.91,2383.25,22.50%,2026-01-01,2026-01-15
2026-08-04 08:32:36,V20_Range_Breakout,PGHH.NS,8689.5,8341.92,10253.61,22.50%,2026-01-01,2026-01-15
2026-08-04 08:32:36,V20_Range_Breakout,NAM-INDIA.NS,1188.5,304.5,369.14,21.23%,2023-10-09,2023-10-13
2026-08-04 08:32:36,V20_Range_Breakout,HDFCAMC.NS,2544.4,2442.62,3002.39,22.50%,2026-01-01,2026-01-15
2026-08-04 08:32:36,V20_Range_Breakout,ABBOTINDIA.NS,27820.0,26707.2,32827.6,22.50%,2026-01-01,2026-01-15
2026-08-04 08:32:36,V20_Range_Breakout,HYUNDAI.NS,2229.4,2140.22,2630.69,22.50%,2026-01-01,2026-01-15
2026-08-04 08:32:36,V20_Range_Breakout,BATAINDIA.NS,714.0,685.44,842.52,22.50%,2026-01-01,2026-01-15
2026-08-04 08:32:36,V20_Range_Breakout,JSWINFRA.NS,331.85,318.58,391.58,22.50%,2026-01-01,2026-01-15
2026-08-04 08:32:36,V20_Range_Breakout,HCLTECH.NS,1352.4,1298.3,1595.83,22.50%,2026-01-01,2026-01-15
2026-08-04 08:32:36,V20_Range_Breakout,ASIANPAINT.NS,2754.4,2644.22,3250.19,22.50%,2026-01-01,2026-01-15
2026-08-04 08:32:36,V20_Range_Breakout,ERIS.NS,1372.4,1091.34,1389.64,27.33%,2025-04-07,2025-04-11
2026-08-04 08:32:36,V20_Range_Breakout,GLAXO.NS,2646.2,1894.45,2642.36,39.48%,2025-02-14,2025-02-20
2026-08-04 08:32:36,V20_Range_Breakout,MEDANTA.NS,1435.7,1009.64,1259.55,24.75%,2025-04-07,2025-04-08
2026-08-04 08:32:36,V20_Range_Breakout,EICHERMOT.NS,7890.5,7574.88,9310.79,22.50%,2026-01-01,2026-01-15
2026-08-04 08:32:36,V20_Range_Breakout,ULTRACEMCO.NS,11928.0,11450.88,14075.04,22.50%,2026-01-01,2026-01-15
2026-08-04 08:32:36,V20_Range_Breakout,BAJAJ-AUTO.NS,11590.0,11126.4,13676.2,22.50%,2026-01-01,2026-01-15
2026-08-04 08:32:36,V20_Range_Breakout,GODREJCP.NS,1060.0,1017.6,1250.8,22.50%,2026-01-01,2026-01-15
2026-08-04 08:32:36,V20_Range_Breakout,PFIZER.NS,4855.9,4212.44,5601.44,32.97%,2025-05-19,2025-06-05
2026-08-04 08:32:36,V20_Range_Breakout,CAMS.NS,807.3,869.97,1044.41,20.05%,2024-11-25,2024-12-05
2026-08-04 08:32:36,V20_Range_Breakout,MARICO.NS,867.4,832.7,1023.53,22.50%,2026-01-01,2026-01-15
2026-08-04 08:32:36,V20_Range_Breakout,AXISBANK.NS,1246.0,1196.16,1470.28,22.50%,2026-01-01,2026-01-15
2026-08-04 08:32:36,V20_Range_Breakout,HONAUT.NS,38180.0,28459.53,36446.95,28.07%,2026-05-19,2026-05-22
2026-08-04 08:32:36,V20_Range_Breakout,HDFCLIFE.NS,531.95,510.67,627.7,22.50%,2026-01-01,2026-01-15
2026-08-04 08:32:36,V20_Range_Breakout,RELIANCE.NS,1291.8,1240.13,1524.32,22.50%,2026-01-01,2026-01-15
2026-08-04 08:32:36,V20_Range_Breakout,QUESS.NS,326.75,240.59,302.5,25.73%,2026-06-30,2026-07-07
2026-08-04 08:32:36,V20_Range_Breakout,MARUTI.NS,14105.0,13540.8,16643.9,22.50%,2026-01-01,2026-01-15
2026-08-04 08:32:36,V20_Range_Breakout,HINDUNILVR.NS,2074.2,1991.23,2447.56,22.50%,2026-01-01,2026-01-15
2026-08-04 08:32:36,V20_Range_Breakout,JIOFIN.NS,264.5,271.48,346.46,27.62%,2024-02-19,2024-02-23
2026-08-04 08:32:36,V20_Range_Breakout,BAJFINANCE.NS,1146.0,1100.16,1352.28,22.50%,2026-01-01,2026-01-15
2026-08-04 08:32:36,V20_Range_Breakout,BLUESTARCO.NS,1688.2,1573.78,1911.62,21.47%,2026-04-08,2026-04-20
2026-08-04 08:32:36,V20_Range_Breakout,KOTAKBANK.NS,392.55,376.85,463.21,22.50%,2026-01-01,2026-01-15
2026-08-04 08:32:36,V20_Range_Breakout,ICICIBANK.NS,1431.9,1374.62,1689.64,22.50%,2026-01-01,2026-01-15
2026-08-04 08:32:36,V20_Range_Breakout,ICICIGI.NS,1633.0,1567.68,1926.94,22.50%,2026-01-01,2026-01-15
2026-08-04 08:32:36,V20_Range_Breakout,SANOFI.NS,3379.8,5620.1,10037.9,78.61%,2024-06-07,2024-06-13
2026-08-04 08:32:36,V20_Range_Breakout,ADANIPORTS.NS,1693.7,1625.95,1998.57,22.50%,2026-01-01,2026-01-15
2026-08-04 08:32:36,V20_Range_Breakout,UBL.NS,1428.9,1371.74,1686.1,22.50%,2026-01-01,2026-01-15
2026-08-04 08:32:36,V20_Range_Breakout,NESTLEIND.NS,1468.0,1409.28,1732.24,22.50%,2026-01-01,2026-01-15
2026-08-04 08:32:36,V20_Range_Breakout,SBIN.NS,1031.9,990.62,1217.64,22.50%,2026-01-01,2026-01-15
2026-08-04 08:32:36,V20_Range_Breakout,TEAMLEASE.NS,1259.6,2854.65,3478.0,21.84%,2024-07-23,2024-07-29
2026-08-04 08:32:36,V20_Range_Breakout,KAJARIACER.NS,1196.5,945.5,1178.0,24.59%,2026-04-01,2026-04-15
2026-08-04 08:32:36,V20_Range_Breakout,DIXON.NS,13951.0,12749.33,16820.51,31.93%,2025-04-09,2025-04-22
2026-08-04 08:32:36,V20_Range_Breakout,DABUR.NS,407.6,391.3,480.97,22.50%,2026-01-01,2026-01-15
2026-08-04 08:32:36,V20_Range_Breakout,TITAN.NS,4880.9,4685.66,5759.46,22.50%,2026-01-01,2026-01-15
2026-08-04 08:32:36,V20_Range_Breakout,HDFCBANK.NS,739.0,709.44,872.02,22.50%,2026-01-01,2026-01-15
2026-08-04 08:32:36,V20_Range_Breakout,GILLETTE.NS,7667.0,7265.28,8796.35,21.07%,2025-02-18,2025-02-20
2026-08-04 12:01:23,V20_Range_Breakout,PIDILITIND.NS,1620.0,1555.2,1911.6,22.50%,2026-01-01,2026-01-15
2026-08-04 12:01:23,V20_Range_Breakout,AWL.NS,190.59,182.97,224.9,22.50%,2026-01-01,2026-01-15
2026-08-04 12:01:23,V20_Range_Breakout,QUESS.NS,323.05,240.59,302.5,25.73%,2026-06-30,2026-07-07
2026-08-04 12:01:23,V20_Range_Breakout,MEDANTA.NS,1435.1,1009.64,1259.55,24.75%,2025-04-07,2025-04-08
2026-08-04 12:01:23,V20_Range_Breakout,HAVELLS.NS,1295.0,1373.11,1654.06,20.46%,2025-04-07,2025-04-22
2026-08-04 12:01:23,V20_Range_Breakout,AXISBANK.NS,1261.8,1211.33,1488.92,22.50%,2026-01-01,2026-01-15
2026-08-04 12:01:23,V20_Range_Breakout,MARUTI.NS,14168.0,13601.28,16718.24,22.50%,2026-01-01,2026-01-15
2026-08-04 12:01:23,V20_Range_Breakout,VBL.NS,439.0,393.99,474.22,20.36%,2026-04-07,2026-04-17
2026-08-04 12:01:23,V20_Range_Breakout,VOLTAS.NS,1327.7,1125.16,1394.41,23.93%,2025-02-01,2025-02-03
2026-08-04 12:01:23,V20_Range_Breakout,MCX.NS,2680.0,903.55,1187.07,31.38%,2025-04-07,2025-04-21
2026-08-04 12:01:23,V20_Range_Breakout,KOTAKBANK.NS,398.0,382.08,469.64,22.50%,2026-01-01,2026-01-15
2026-08-04 12:01:23,V20_Range_Breakout,INFY.NS,1167.5,1120.8,1377.65,22.50%,2026-01-01,2026-01-15
2026-08-04 12:01:23,V20_Range_Breakout,HONAUT.NS,38190.0,28459.53,36446.95,28.07%,2026-05-19,2026-05-22
2026-08-04 12:01:23,V20_Range_Breakout,ULTRACEMCO.NS,12050.0,11568.0,14219.0,22.50%,2026-01-01,2026-01-15
2026-08-04 12:01:23,V20_Range_Breakout,CDSL.NS,1340.0,1286.4,1581.2,22.50%,2026-01-01,2026-01-15
2026-08-04 12:01:23,V20_Range_Breakout,ITC.NS,289.0,277.44,341.02,22.50%,2026-01-01,2026-01-15
2026-08-04 12:01:23,V20_Range_Breakout,TEAMLEASE.NS,1261.0,2854.65,3478.0,21.84%,2024-07-23,2024-07-29
2026-08-04 12:01:23,V20_Range_Breakout,INDHOTEL.NS,750.0,720.0,885.0,22.50%,2026-01-01,2026-01-15
2026-08-04 12:01:23,V20_Range_Breakout,RELIANCE.NS,1290.9,1239.26,1523.26,22.50%,2026-01-01,2026-01-15
2026-08-04 12:01:23,V20_Range_Breakout,ERIS.NS,1373.0,1091.34,1389.64,27.33%,2025-04-07,2025-04-11
2026-08-04 12:01:23,V20_Range_Breakout,LALPATHLAB.NS,1889.4,1813.82,2229.49,22.50%,2026-01-01,2026-01-15
2026-08-04 12:01:23,V20_Range_Breakout,M&M.NS,3433.0,3295.68,4050.94,22.50%,2026-01-01,2026-01-15
2026-08-04 12:01:23,V20_Range_Breakout,ICICIPRULI.NS,513.55,493.01,605.99,22.50%,2026-01-01,2026-01-15
2026-08-04 12:01:23,V20_Range_Breakout,TCS.NS,2460.0,2361.6,2902.8,22.50%,2026-01-01,2026-01-15
2026-08-04 12:01:23,V20_Range_Breakout,ACC.NS,1384.7,1329.31,1633.95,22.50%,2026-01-01,2026-01-15
2026-08-04 12:01:23,V20_Range_Breakout,ANGELONE.NS,300.35,227.75,283.32,24.40%,2026-04-01,2026-04-09
2026-08-04 12:01:23,V20_Range_Breakout,HDFCBANK.NS,742.0,712.32,875.56,22.50%,2026-01-01,2026-01-15
2026-08-04 12:01:23,V20_Range_Breakout,PAGEIND.NS,39750.0,38160.0,46905.0,22.50%,2026-01-01,2026-01-15
2026-08-04 12:01:23,V20_Range_Breakout,MRF.NS,132745.0,127435.2,156639.1,22.50%,2026-01-01,2026-01-15
2026-08-04 12:01:23,V20_Range_Breakout,ABBOTINDIA.NS,27825.0,26712.0,32833.5,22.50%,2026-01-01,2026-01-15
2026-08-04 12:01:23,V20_Range_Breakout,APOLLOHOSP.NS,9050.0,8688.0,10679.0,22.50%,2026-01-01,2026-01-15
2026-08-04 12:01:23,V20_Range_Breakout,HINDUNILVR.NS,2096.5,2012.64,2473.87,22.50%,2026-01-01,2026-01-15
2026-08-04 12:01:23,V20_Range_Breakout,DABUR.NS,409.65,393.26,483.39,22.50%,2026-01-01,2026-01-15
2026-08-04 12:01:23,V20_Range_Breakout,ICICIGI.NS,1644.8,1579.01,1940.86,22.50%,2026-01-01,2026-01-15
2026-08-04 12:01:23,V20_Range_Breakout,BOSCHLTD.NS,41200.0,29120.0,37670.0,29.36%,2026-04-01,2026-04-10
2026-08-04 12:01:23,V20_Range_Breakout,JSWINFRA.NS,329.25,316.08,388.51,22.50%,2026-01-01,2026-01-15
2026-08-04 12:01:23,V20_Range_Breakout,EICHERMOT.NS,7935.0,7617.6,9363.3,22.50%,2026-01-01,2026-01-15
2026-08-04 12:01:23,V20_Range_Breakout,ASTRAZEN.NS,8210.5,7758.7,9954.35,28.30%,2025-05-29,2025-06-05
2026-08-04 12:01:23,V20_Range_Breakout,NESTLEIND.NS,1520.0,1459.2,1793.6,22.50%,2026-01-01,2026-01-15
2026-08-04 12:01:23,V20_Range_Breakout,CIPLA.NS,1460.0,1401.6,1722.8,22.50%,2026-01-01,2026-01-15
2026-08-04 12:01:23,V20_Range_Breakout,RADICO.NS,4450.0,2704.0,3357.55,24.17%,2026-04-10,2026-04-20
2026-08-04 12:01:23,V20_Range_Breakout,BLUESTARCO.NS,1685.0,1573.78,1911.62,21.47%,2026-04-08,2026-04-20
2026-08-04 12:01:23,V20_Range_Breakout,TITAN.NS,4935.0,4737.6,5823.3,22.50%,2026-01-01,2026-01-15
2026-08-04 12:01:23,V20_Range_Breakout,HYUNDAI.NS,2220.0,2131.2,2619.6,22.50%,2026-01-01,2026-01-15
2026-08-04 12:01:23,V20_Range_Breakout,UBL.NS,1434.1,1376.74,1692.24,22.50%,2026-01-01,2026-01-15
2026-08-04 12:01:23,V20_Range_Breakout,BATAINDIA.NS,709.55,681.17,837.27,22.50%,2026-01-01,2026-01-15
2026-08-04 12:01:23,V20_Range_Breakout,SANOFI.NS,3394.3,5620.1,10037.9,78.61%,2024-06-07,2024-06-13
2026-08-04 12:01:23,V20_Range_Breakout,GILLETTE.NS,7662.0,7265.28,8796.35,21.07%,2025-02-18,2025-02-20
2026-08-04 12:01:23,V20_Range_Breakout,CAMS.NS,809.4,869.97,1044.41,20.05%,2024-11-25,2024-12-05
2026-08-04 12:01:23,V20_Range_Breakout,COLPAL.NS,2010.0,1929.6,2371.8,22.50%,2026-01-01,2026-01-15
2026-08-04 12:01:23,V20_Range_Breakout,BSE.NS,3618.0,2384.72,2910.33,22.04%,2025-05-29,2025-06-05
2026-08-04 12:01:23,V20_Range_Breakout,GODREJCP.NS,1058.2,1015.87,1248.68,22.50%,2026-01-01,2026-01-15
2026-08-04 12:01:23,V20_Range_Breakout,KAJARIACER.NS,1197.8,945.5,1178.0,24.59%,2026-04-01,2026-04-15
2026-08-04 12:01:23,V20_Range_Breakout,RELAXO.NS,406.6,363.7,439.95,20.97%,2026-07-17,2026-07-17
2026-08-04 12:01:23,V20_Range_Breakout,DMART.NS,4023.0,3685.1,4562.6,23.81%,2026-03-24,2026-04-06
2026-08-04 12:01:23,V20_Range_Breakout,HDFCAMC.NS,2556.0,2453.76,3016.08,22.50%,2026-01-01,2026-01-15
2026-08-04 12:01:23,V20_Range_Breakout,ADANIPORTS.NS,1706.7,1638.43,2013.91,22.50%,2026-01-01,2026-01-15
2026-08-04 12:01:23,V20_Range_Breakout,MARICO.NS,875.0,840.0,1032.5,22.50%,2026-01-01,2026-01-15
2026-08-04 12:01:23,V20_Range_Breakout,UNITDSPR.NS,1525.0,1464.0,1799.5,22.50%,2026-01-01,2026-01-15
2026-08-04 12:01:23,V20_Range_Breakout,SBIN.NS,1042.7,1000.99,1230.39,22.50%,2026-01-01,2026-01-15
2026-08-04 12:01:23,V20_Range_Breakout,ASIANPAINT.NS,2775.0,2664.0,3274.5,22.50%,2026-01-01,2026-01-15
2026-08-04 12:01:23,V20_Range_Breakout,LT.NS,3990.0,3830.4,4708.2,22.50%,2026-01-01,2026-01-15
2026-08-04 12:01:23,V20_Range_Breakout,HCLTECH.NS,1369.9,1315.1,1616.48,22.50%,2026-01-01,2026-01-15
2026-08-04 12:01:23,V20_Range_Breakout,PGHH.NS,8639.5,8293.92,10194.61,22.50%,2026-01-01,2026-01-15
2026-08-04 12:01:23,V20_Range_Breakout,DIXON.NS,13988.0,12749.33,16820.51,31.93%,2025-04-09,2025-04-22
2026-08-04 12:01:23,V20_Range_Breakout,PFIZER.NS,4862.1,4212.44,5601.44,32.97%,2025-05-19,2025-06-05
2026-08-04 12:01:23,V20_Range_Breakout,HDFCLIFE.NS,535.95,514.51,632.42,22.50%,2026-01-01,2026-01-15
2026-08-04 12:01:23,V20_Range_Breakout,BAJFINANCE.NS,1149.0,1103.04,1355.82,22.50%,2026-01-01,2026-01-15
2026-08-04 12:01:23,V20_Range_Breakout,FORTIS.NS,932.8,895.49,1100.7,22.50%,2026-01-01,2026-01-15
2026-08-04 12:01:23,V20_Range_Breakout,BAJAJFINSV.NS,2105.0,2020.8,2483.9,22.50%,2026-01-01,2026-01-15
2026-08-04 12:01:23,V20_Range_Breakout,BAJAJ-AUTO.NS,11600.0,11136.0,13688.0,22.50%,2026-01-01,2026-01-15
2026-08-04 12:01:23,V20_Range_Breakout,NAM-INDIA.NS,1202.0,304.5,369.14,21.23%,2023-10-09,2023-10-13
2026-08-04 12:01:23,V20_Range_Breakout,ICICIBANK.NS,1454.6,1396.42,1716.43,22.50%,2026-01-01,2026-01-15
2026-08-04 12:01:23,V20_Range_Breakout,JIOFIN.NS,265.0,271.48,346.46,27.62%,2024-02-19,2024-02-23
2026-08-04 12:01:23,V20_Range_Breakout,GLAXO.NS,2647.0,1894.45,2642.36,39.48%,2025-02-14,2025-02-20
2026-08-05 08:31:40,V20_Range_Breakout,LT.NS,4053.0,3890.88,4782.54,22.50%,2026-01-01,2026-01-15
2026-08-05 08:31:40,V20_Range_Breakout,MCX.NS,2615.6,903.55,1187.07,31.38%,2025-04-07,2025-04-21
2026-08-05 08:31:40,V20_Range_Breakout,MEDANTA.NS,1416.0,1009.64,1259.55,24.75%,2025-04-07,2025-04-08
2026-08-05 08:31:40,V20_Range_Breakout,NAM-INDIA.NS,1206.9,304.5,369.14,21.23%,2023-10-09,2023-10-13
2026-08-05 08:31:40,V20_Range_Breakout,SANOFI.NS,3324.2,5620.1,10037.9,78.61%,2024-06-07,2024-06-13
2026-08-05 08:31:40,V20_Range_Breakout,ABBOTINDIA.NS,27730.0,26620.8,32721.4,22.50%,2026-01-01,2026-01-15
2026-08-05 08:31:40,V20_Range_Breakout,GLAXO.NS,2595.7,1894.45,2642.36,39.48%,2025-02-14,2025-02-20
2026-08-05 08:31:40,V20_Range_Breakout,ACC.NS,1397.1,1341.22,1648.58,22.50%,2026-01-01,2026-01-15
2026-08-05 08:31:40,V20_Range_Breakout,BSE.NS,3530.2,2384.72,2910.33,22.04%,2025-05-29,2025-06-05
2026-08-05 08:31:40,V20_Range_Breakout,NESTLEIND.NS,1515.0,1454.4,1787.7,22.50%,2026-01-01,2026-01-15
2026-08-05 08:31:40,V20_Range_Breakout,DIXON.NS,14356.0,12749.33,16820.51,31.93%,2025-04-09,2025-04-22
2026-08-05 08:31:40,V20_Range_Breakout,BAJFINANCE.NS,1148.0,1102.08,1354.64,22.50%,2026-01-01,2026-01-15
2026-08-05 08:31:40,V20_Range_Breakout,BAJAJ-AUTO.NS,11701.0,11232.96,13807.18,22.50%,2026-01-01,2026-01-15
2026-08-05 08:31:40,V20_Range_Breakout,KAJARIACER.NS,1192.2,945.5,1178.0,24.59%,2026-04-01,2026-04-15
2026-08-05 08:31:40,V20_Range_Breakout,ADANIPORTS.NS,1693.5,1625.76,1998.33,22.50%,2026-01-01,2026-01-15
2026-08-05 08:31:40,V20_Range_Breakout,VBL.NS,439.4,393.99,474.22,20.36%,2026-04-07,2026-04-17
2026-08-05 08:31:40,V20_Range_Breakout,ANGELONE.NS,298.7,227.75,283.32,24.40%,2026-04-01,2026-04-09
2026-08-05 08:31:40,V20_Range_Breakout,HDFCAMC.NS,2548.2,2446.27,3006.88,22.50%,2026-01-01,2026-01-15
2026-08-05 08:31:40,V20_Range_Breakout,INDHOTEL.NS,736.05,706.61,868.54,22.50%,2026-01-01,2026-01-15
2026-08-05 08:31:40,V20_Range_Breakout,TCS.NS,2411.5,2315.04,2845.57,22.50%,2026-01-01,2026-01-15
2026-08-05 08:31:40,V20_Range_Breakout,UNITDSPR.NS,1528.5,1467.36,1803.63,22.50%,2026-01-01,2026-01-15
2026-08-05 08:31:40,V20_Range_Breakout,COLPAL.NS,2022.1,1941.22,2386.08,22.50%,2026-01-01,2026-01-15
2026-08-05 08:31:40,V20_Range_Breakout,HAVELLS.NS,1288.4,1373.11,1654.06,20.46%,2025-04-07,2025-04-22
2026-08-05 08:31:40,V20_Range_Breakout,INFY.NS,1164.4,1117.82,1373.99,22.50%,2026-01-01,2026-01-15
2026-08-05 08:31:40,V20_Range_Breakout,RELIANCE.NS,1278.1,1226.98,1508.16,22.50%,2026-01-01,2026-01-15
2026-08-05 08:31:40,V20_Range_Breakout,GILLETTE.NS,7679.0,7265.28,8796.35,21.07%,2025-02-18,2025-02-20
2026-08-05 08:31:40,V20_Range_Breakout,BOSCHLTD.NS,43160.0,28929.63,37423.73,29.36%,2026-04-01,2026-04-10
2026-08-05 08:31:40,V20_Range_Breakout,CAMS.NS,810.7,869.97,1044.41,20.05%,2024-11-25,2024-12-05
2026-08-05 08:31:40,V20_Range_Breakout,BAJAJFINSV.NS,2091.0,2007.36,2467.38,22.50%,2026-01-01,2026-01-15
2026-08-05 08:31:40,V20_Range_Breakout,EICHERMOT.NS,8015.0,7694.4,9457.7,22.50%,2026-01-01,2026-01-15
2026-08-05 08:31:40,V20_Range_Breakout,ICICIGI.NS,1676.6,1609.54,1978.39,22.50%,2026-01-01,2026-01-15
2026-08-05 08:31:40,V20_Range_Breakout,PGHH.NS,8548.5,8206.56,10087.23,22.50%,2026-01-01,2026-01-15
2026-08-05 08:31:40,V20_Range_Breakout,HDFCLIFE.NS,542.75,521.04,640.44,22.50%,2026-01-01,2026-01-15
2026-08-05 08:31:40,V20_Range_Breakout,AXISBANK.NS,1248.7,1198.75,1473.47,22.50%,2026-01-01,2026-01-15
2026-08-05 08:31:40,V20_Range_Breakout,HYUNDAI.NS,2203.1,2114.98,2599.66,22.50%,2026-01-01,2026-01-15
2026-08-05 08:31:40,V20_Range_Breakout,HDFCBANK.NS,733.75,704.4,865.82,22.50%,2026-01-01,2026-01-15
2026-08-05 08:31:40,V20_Range_Breakout,DABUR.NS,412.7,396.19,486.99,22.50%,2026-01-01,2026-01-15
2026-08-05 08:31:40,V20_Range_Breakout,ERIS.NS,1375.0,1091.34,1389.64,27.33%,2025-04-07,2025-04-11
2026-08-05 08:31:40,V20_Range_Breakout,KOTAKBANK.NS,396.1,380.26,467.4,22.50%,2026-01-01,2026-01-15
2026-08-05 08:31:40,V20_Range_Breakout,MRF.NS,134185.0,128817.6,158338.3,22.50%,2026-01-01,2026-01-15
2026-08-05 08:31:40,V20_Range_Breakout,CIPLA.NS,1459.1,1400.74,1721.74,22.50%,2026-01-01,2026-01-15
2026-08-05 08:31:40,V20_Range_Breakout,HINDUNILVR.NS,2077.0,1993.92,2450.86,22.50%,2026-01-01,2026-01-15
2026-08-05 08:31:40,V20_Range_Breakout,BLUESTARCO.NS,1669.1,1573.78,1911.62,21.47%,2026-04-08,2026-04-20
2026-08-05 08:31:40,V20_Range_Breakout,JSWINFRA.NS,333.45,320.11,393.47,22.50%,2026-01-01,2026-01-15
2026-08-05 08:31:40,V20_Range_Breakout,MARICO.NS,856.9,822.62,1011.14,22.50%,2026-01-01,2026-01-15
2026-08-05 08:31:40,V20_Range_Breakout,HCLTECH.NS,1343.0,1289.28,1584.74,22.50%,2026-01-01,2026-01-15
2026-08-05 08:31:40,V20_Range_Breakout,SBIN.NS,1051.0,1008.96,1240.18,22.50%,2026-01-01,2026-01-15
2026-08-05 08:31:40,V20_Range_Breakout,MARUTI.NS,14121.0,13556.16,16662.78,22.50%,2026-01-01,2026-01-15
2026-08-05 08:31:40,V20_Range_Breakout,RELAXO.NS,415.35,363.7,439.95,20.97%,2026-07-17,2026-07-17
2026-08-05 08:31:40,V20_Range_Breakout,BATAINDIA.NS,733.0,703.68,864.94,22.50%,2026-01-01,2026-01-15
2026-08-05 08:31:40,V20_Range_Breakout,APOLLOHOSP.NS,8913.0,8556.48,10517.34,22.50%,2026-01-01,2026-01-15
2026-08-05 08:31:40,V20_Range_Breakout,ICICIBANK.NS,1436.0,1378.56,1694.48,22.50%,2026-01-01,2026-01-15
2026-08-05 08:31:40,V20_Range_Breakout,FORTIS.NS,923.9,886.94,1090.2,22.50%,2026-01-01,2026-01-15
2026-08-05 08:31:40,V20_Range_Breakout,PAGEIND.NS,40025.0,38424.0,47229.5,22.50%,2026-01-01,2026-01-15
2026-08-05 08:31:40,V20_Range_Breakout,TITAN.NS,4908.8,4712.45,5792.38,22.50%,2026-01-01,2026-01-15
2026-08-05 08:31:40,V20_Range_Breakout,HONAUT.NS,38275.0,28459.53,36446.95,28.07%,2026-05-19,2026-05-22
2026-08-05 08:31:40,V20_Range_Breakout,LALPATHLAB.NS,1888.8,1813.25,2228.78,22.50%,2026-01-01,2026-01-15
2026-08-05 08:31:40,V20_Range_Breakout,ITC.NS,286.3,274.85,337.83,22.50%,2026-01-01,2026-01-15
2026-08-05 08:31:40,V20_Range_Breakout,ASTRAZEN.NS,8186.0,7758.7,9954.35,28.30%,2025-05-29,2025-06-05
2026-08-05 08:31:40,V20_Range_Breakout,DMART.NS,3977.2,3685.1,4562.6,23.81%,2026-03-24,2026-04-06
2026-08-05 08:31:40,V20_Range_Breakout,JIOFIN.NS,261.85,271.48,346.46,27.62%,2024-02-19,2024-02-23
2026-08-05 08:31:40,V20_Range_Breakout,UBL.NS,1417.1,1360.42,1672.18,22.50%,2026-01-01,2026-01-15
2026-08-05 08:31:40,V20_Range_Breakout,ULTRACEMCO.NS,12150.0,11664.0,14337.0,22.50%,2026-01-01,2026-01-15
2026-08-05 08:31:40,V20_Range_Breakout,PFIZER.NS,4889.7,4212.44,5601.44,32.97%,2025-05-19,2025-06-05
2026-08-05 08:31:40,V20_Range_Breakout,VOLTAS.NS,1306.9,1125.16,1394.41,23.93%,2025-02-01,2025-02-03
2026-08-05 08:31:40,V20_Range_Breakout,ICICIPRULI.NS,515.4,494.78,608.17,22.50%,2026-01-01,2026-01-15
2026-08-05 08:31:40,V20_Range_Breakout,RADICO.NS,4511.0,2704.0,3357.55,24.17%,2026-04-10,2026-04-20
2026-08-05 08:31:40,V20_Range_Breakout,TEAMLEASE.NS,1257.8,2854.65,3478.0,21.84%,2024-07-23,2024-07-29
2026-08-05 08:31:40,V20_Range_Breakout,AWL.NS,193.27,185.54,228.06,22.50%,2026-01-01,2026-01-15
2026-08-05 08:31:40,V20_Range_Breakout,ASIANPAINT.NS,2764.1,2653.54,3261.64,22.50%,2026-01-01,2026-01-15
2026-08-05 08:31:40,V20_Range_Breakout,GODREJCP.NS,1065.0,1022.4,1256.7,22.50%,2026-01-01,2026-01-15
2026-08-05 08:31:40,V20_Range_Breakout,M&M.NS,3453.4,3315.26,4075.01,22.50%,2026-01-01,2026-01-15
2026-08-05 08:31:40,V20_Range_Breakout,QUESS.NS,318.0,240.59,302.5,25.73%,2026-06-30,2026-07-07
2026-08-05 08:31:40,V20_Range_Breakout,PIDILITIND.NS,1641.3,1575.65,1936.73,22.50%,2026-01-01,2026-01-15
2026-08-05 08:31:40,V20_Range_Breakout,CDSL.NS,1332.8,1279.49,1572.7,22.50%,2026-01-01,2026-01-15
2026-08-05 11:58:04,V20_Range_Breakout,ACC.NS,1394.0,1338.24,1644.92,22.50%,2026-01-01,2026-01-15
2026-08-05 11:58:04,V20_Range_Breakout,HDFCLIFE.NS,545.0,523.2,643.1,22.50%,2026-01-01,2026-01-15
2026-08-05 11:58:04,V20_Range_Breakout,ICICIPRULI.NS,516.55,495.89,609.53,22.50%,2026-01-01,2026-01-15
2026-08-05 11:58:04,V20_Range_Breakout,BAJAJ-AUTO.NS,11800.0,11328.0,13924.0,22.50%,2026-01-01,2026-01-15
2026-08-05 11:58:04,V20_Range_Breakout,ERIS.NS,1375.1,1091.34,1389.64,27.33%,2025-04-07,2025-04-11
2026-08-05 11:58:04,V20_Range_Breakout,GLAXO.NS,2569.7,1894.45,2642.36,39.48%,2025-02-14,2025-02-20
2026-08-05 11:58:04,V20_Range_Breakout,JSWINFRA.NS,334.4,321.02,394.59,22.50%,2026-01-01,2026-01-15
2026-08-05 11:58:04,V20_Range_Breakout,BAJFINANCE.NS,1158.8,1112.45,1367.38,22.50%,2026-01-01,2026-01-15
2026-08-05 11:58:04,V20_Range_Breakout,ANGELONE.NS,299.2,227.75,283.32,24.40%,2026-04-01,2026-04-09
2026-08-05 11:58:04,V20_Range_Breakout,PFIZER.NS,4908.0,4212.44,5601.44,32.97%,2025-05-19,2025-06-05
2026-08-05 11:58:04,V20_Range_Breakout,DMART.NS,3946.0,3685.1,4562.6,23.81%,2026-03-24,2026-04-06
2026-08-05 11:58:04,V20_Range_Breakout,BOSCHLTD.NS,42920.0,28929.63,37423.73,29.36%,2026-04-01,2026-04-10
2026-08-05 11:58:04,V20_Range_Breakout,INDHOTEL.NS,741.05,711.41,874.44,22.50%,2026-01-01,2026-01-15
2026-08-05 11:58:04,V20_Range_Breakout,HINDUNILVR.NS,2085.3,2001.89,2460.65,22.50%,2026-01-01,2026-01-15
2026-08-05 11:58:04,V20_Range_Breakout,ASTRAZEN.NS,8108.5,7758.7,9954.35,28.30%,2025-05-29,2025-06-05
2026-08-05 11:58:04,V20_Range_Breakout,NESTLEIND.NS,1520.0,1459.2,1793.6,22.50%,2026-01-01,2026-01-15
2026-08-05 11:58:04,V20_Range_Breakout,BSE.NS,3534.6,2384.72,2910.33,22.04%,2025-05-29,2025-06-05
2026-08-05 11:58:04,V20_Range_Breakout,BATAINDIA.NS,730.05,700.85,861.46,22.50%,2026-01-01,2026-01-15
2026-08-05 11:58:04,V20_Range_Breakout,SBIN.NS,1055.0,1012.8,1244.9,22.50%,2026-01-01,2026-01-15
2026-08-05 11:58:04,V20_Range_Breakout,GILLETTE.NS,7688.0,7265.28,8796.35,21.07%,2025-02-18,2025-02-20
2026-08-05 11:58:04,V20_Range_Breakout,ASIANPAINT.NS,2760.0,2649.6,3256.8,22.50%,2026-01-01,2026-01-15
2026-08-05 11:58:04,V20_Range_Breakout,ICICIBANK.NS,1450.1,1392.1,1711.12,22.50%,2026-01-01,2026-01-15
2026-08-05 11:58:04,V20_Range_Breakout,HCLTECH.NS,1350.0,1296.0,1593.0,22.50%,2026-01-01,2026-01-15
2026-08-05 11:58:04,V20_Range_Breakout,FORTIS.NS,925.0,888.0,1091.5,22.50%,2026-01-01,2026-01-15
2026-08-05 11:58:04,V20_Range_Breakout,MEDANTA.NS,1410.3,1009.64,1259.55,24.75%,2025-04-07,2025-04-08
2026-08-05 11:58:04,V20_Range_Breakout,UBL.NS,1412.6,1356.1,1666.87,22.50%,2026-01-01,2026-01-15
2026-08-05 11:58:04,V20_Range_Breakout,RADICO.NS,4550.0,2704.0,3357.55,24.17%,2026-04-10,2026-04-20
2026-08-05 11:58:04,V20_Range_Breakout,RELAXO.NS,416.15,363.7,439.95,20.97%,2026-07-17,2026-07-17
2026-08-05 11:58:04,V20_Range_Breakout,JIOFIN.NS,261.95,271.48,346.46,27.62%,2024-02-19,2024-02-23
2026-08-05 11:58:04,V20_Range_Breakout,AXISBANK.NS,1253.9,1203.74,1479.6,22.50%,2026-01-01,2026-01-15
2026-08-05 11:58:04,V20_Range_Breakout,TITAN.NS,4912.4,4715.9,5796.63,22.50%,2026-01-01,2026-01-15
2026-08-05 11:58:04,V20_Range_Breakout,HYUNDAI.NS,2218.5,2129.76,2617.83,22.50%,2026-01-01,2026-01-15
2026-08-05 11:58:04,V20_Range_Breakout,QUESS.NS,314.5,240.59,302.5,25.73%,2026-06-30,2026-07-07
2026-08-05 11:58:04,V20_Range_Breakout,INFY.NS,1174.0,1127.04,1385.32,22.50%,2026-01-01,2026-01-15
2026-08-05 11:58:04,V20_Range_Breakout,DIXON.NS,14310.0,12749.33,16820.51,31.93%,2025-04-09,2025-04-22
2026-08-05 11:58:04,V20_Range_Breakout,MCX.NS,2598.6,903.55,1187.07,31.38%,2025-04-07,2025-04-21
2026-08-05 11:58:04,V20_Range_Breakout,HAVELLS.NS,1290.0,1373.11,1654.06,20.46%,2025-04-07,2025-04-22
2026-08-05 11:58:04,V20_Range_Breakout,AWL.NS,193.54,185.8,228.38,22.50%,2026-01-01,2026-01-15
2026-08-05 11:58:04,V20_Range_Breakout,TEAMLEASE.NS,1251.6,2854.65,3478.0,21.84%,2024-07-23,2024-07-29
2026-08-05 11:58:04,V20_Range_Breakout,NAM-INDIA.NS,1215.0,304.5,369.14,21.23%,2023-10-09,2023-10-13
2026-08-05 11:58:04,V20_Range_Breakout,HONAUT.NS,38375.0,28459.53,36446.95,28.07%,2026-05-19,2026-05-22
2026-08-05 11:58:04,V20_Range_Breakout,VBL.NS,437.0,393.99,474.22,20.36%,2026-04-07,2026-04-17
2026-08-05 11:58:04,V20_Range_Breakout,MARICO.NS,852.0,817.92,1005.36,22.50%,2026-01-01,2026-01-15
2026-08-05 11:58:04,V20_Range_Breakout,PGHH.NS,8484.5,8145.12,10011.71,22.50%,2026-01-01,2026-01-15
2026-08-05 11:58:04,V20_Range_Breakout,PAGEIND.NS,40355.0,38740.8,47618.9,22.50%,2026-01-01,2026-01-15
2026-08-05 11:58:04,V20_Range_Breakout,RELIANCE.NS,1280.0,1228.8,1510.4,22.50%,2026-01-01,2026-01-15
2026-08-05 11:58:04,V20_Range_Breakout,PIDILITIND.NS,1665.0,1598.4,1964.7,22.50%,2026-01-01,2026-01-15
2026-08-05 11:58:04,V20_Range_Breakout,M&M.NS,3455.4,3317.18,4077.37,22.50%,2026-01-01,2026-01-15
2026-08-05 11:58:04,V20_Range_Breakout,ICICIGI.NS,1684.0,1616.64,1987.12,22.50%,2026-01-01,2026-01-15
2026-08-05 11:58:04,V20_Range_Breakout,VOLTAS.NS,1300.5,1125.16,1394.41,23.93%,2025-02-01,2025-02-03
2026-08-05 11:58:04,V20_Range_Breakout,DABUR.NS,414.0,397.44,488.52,22.50%,2026-01-01,2026-01-15
2026-08-05 11:58:04,V20_Range_Breakout,BAJAJFINSV.NS,2086.0,2002.56,2461.48,22.50%,2026-01-01,2026-01-15
2026-08-05 11:58:04,V20_Range_Breakout,TCS.NS,2413.0,2316.48,2847.34,22.50%,2026-01-01,2026-01-15
2026-08-05 11:58:04,V20_Range_Breakout,LT.NS,4057.0,3894.72,4787.26,22.50%,2026-01-01,2026-01-15
2026-08-05 11:58:04,V20_Range_Breakout,COLPAL.NS,2040.0,1958.4,2407.2,22.50%,2026-01-01,2026-01-15
2026-08-05 11:58:04,V20_Range_Breakout,CAMS.NS,811.85,869.97,1044.41,20.05%,2024-11-25,2024-12-05
2026-08-05 11:58:04,V20_Range_Breakout,ULTRACEMCO.NS,12190.0,11702.4,14384.2,22.50%,2026-01-01,2026-01-15
2026-08-05 11:58:04,V20_Range_Breakout,KOTAKBANK.NS,400.0,384.0,472.0,22.50%,2026-01-01,2026-01-15
2026-08-05 11:58:04,V20_Range_Breakout,HDFCAMC.NS,2562.0,2459.52,3023.16,22.50%,2026-01-01,2026-01-15
2026-08-05 11:58:04,V20_Range_Breakout,CIPLA.NS,1458.8,1400.45,1721.38,22.50%,2026-01-01,2026-01-15
2026-08-05 11:58:04,V20_Range_Breakout,ABBOTINDIA.NS,27785.0,26673.6,32786.3,22.50%,2026-01-01,2026-01-15
2026-08-05 11:58:04,V20_Range_Breakout,CDSL.NS,1326.5,1273.44,1565.27,22.50%,2026-01-01,2026-01-15
2026-08-05 11:58:04,V20_Range_Breakout,LALPATHLAB.NS,1887.1,1811.62,2226.78,22.50%,2026-01-01,2026-01-15
2026-08-05 11:58:04,V20_Range_Breakout,MARUTI.NS,14190.0,13622.4,16744.2,22.50%,2026-01-01,2026-01-15
2026-08-05 11:58:04,V20_Range_Breakout,EICHERMOT.NS,7986.5,7667.04,9424.07,22.50%,2026-01-01,2026-01-15
2026-08-05 11:58:04,V20_Range_Breakout,ITC.NS,286.95,275.47,338.6,22.50%,2026-01-01,2026-01-15
2026-08-05 11:58:04,V20_Range_Breakout,ADANIPORTS.NS,1700.0,1632.0,2006.0,22.50%,2026-01-01,2026-01-15
2026-08-05 11:58:04,V20_Range_Breakout,SANOFI.NS,3328.4,5620.1,10037.9,78.61%,2024-06-07,2024-06-13
2026-08-05 11:58:04,V20_Range_Breakout,APOLLOHOSP.NS,8910.0,8553.6,10513.8,22.50%,2026-01-01,2026-01-15
2026-08-05 11:58:04,V20_Range_Breakout,HDFCBANK.NS,735.0,705.6,867.3,22.50%,2026-01-01,2026-01-15
2026-08-05 11:58:04,V20_Range_Breakout,UNITDSPR.NS,1520.0,1459.2,1793.6,22.50%,2026-01-01,2026-01-15
2026-08-05 11:58:04,V20_Range_Breakout,KAJARIACER.NS,1185.9,945.5,1178.0,24.59%,2026-04-01,2026-04-15
2026-08-05 11:58:04,V20_Range_Breakout,MRF.NS,134405.0,129028.8,158597.9,22.50%,2026-01-01,2026-01-15
2026-08-05 11:58:04,V20_Range_Breakout,GODREJCP.NS,1069.0,1026.24,1261.42,22.50%,2026-01-01,2026-01-15
2026-08-05 11:58:04,V20_Range_Breakout,BLUESTARCO.NS,1665.0,1573.78,1911.62,21.47%,2026-04-08,2026-04-20
2026-08-06 08:32:09,V20_Range_Breakout,HDFCAMC.NS,2543.3,2441.57,3001.09,22.50%,2026-01-01,2026-01-15
2026-08-06 08:32:09,V20_Range_Breakout,EICHERMOT.NS,7929.5,7612.32,9356.81,22.50%,2026-01-01,2026-01-15
2026-08-06 08:32:09,V20_Range_Breakout,MARUTI.NS,14018.0,13457.28,16541.24,22.50%,2026-01-01,2026-01-15
2026-08-06 08:32:09,V20_Range_Breakout,PAGEIND.NS,39940.0,38342.4,47129.2,22.50%,2026-01-01,2026-01-15
2026-08-06 08:32:09,V20_Range_Breakout,AXISBANK.NS,1257.3,1207.01,1483.61,22.50%,2026-01-01,2026-01-15
2026-08-06 08:32:09,V20_Range_Breakout,AWL.NS,198.32,190.39,234.02,22.50%,2026-01-01,2026-01-15
2026-08-06 08:32:09,V20_Range_Breakout,BAJAJ-AUTO.NS,11607.0,11142.72,13696.26,22.50%,2026-01-01,2026-01-15
2026-08-06 08:32:09,V20_Range_Breakout,HYUNDAI.NS,2226.9,2137.82,2627.74,22.50%,2026-01-01,2026-01-15
2026-08-06 08:32:09,V20_Range_Breakout,BAJFINANCE.NS,1150.7,1104.67,1357.83,22.50%,2026-01-01,2026-01-15
2026-08-06 08:32:09,V20_Range_Breakout,ICICIBANK.NS,1454.4,1396.22,1716.19,22.50%,2026-01-01,2026-01-15
2026-08-06 08:32:09,V20_Range_Breakout,GLAXO.NS,2582.0,1894.45,2642.36,39.48%,2025-02-14,2025-02-20
2026-08-06 08:32:09,V20_Range_Breakout,ADANIPORTS.NS,1697.2,1629.31,2002.7,22.50%,2026-01-01,2026-01-15
2026-08-06 08:32:09,V20_Range_Breakout,TEAMLEASE.NS,1264.1,2854.65,3478.0,21.84%,2024-07-23,2024-07-29
2026-08-06 08:32:09,V20_Range_Breakout,CIPLA.NS,1477.5,1418.4,1743.45,22.50%,2026-01-01,2026-01-15
2026-08-06 08:32:09,V20_Range_Breakout,KAJARIACER.NS,1179.5,945.5,1178.0,24.59%,2026-04-01,2026-04-15
2026-08-06 08:32:09,V20_Range_Breakout,ASTRAZEN.NS,8106.5,7758.7,9954.35,28.30%,2025-05-29,2025-06-05
2026-08-06 08:32:09,V20_Range_Breakout,QUESS.NS,317.15,240.59,302.5,25.73%,2026-06-30,2026-07-07
2026-08-06 08:32:09,V20_Range_Breakout,GODREJCP.NS,1073.8,1030.85,1267.08,22.50%,2026-01-01,2026-01-15
2026-08-06 08:32:09,V20_Range_Breakout,PIDILITIND.NS,1674.6,1607.62,1976.03,22.50%,2026-01-01,2026-01-15
2026-08-06 08:32:09,V20_Range_Breakout,DMART.NS,3952.0,3685.1,4562.6,23.81%,2026-03-24,2026-04-06
2026-08-06 08:32:09,V20_Range_Breakout,MARICO.NS,858.0,823.68,1012.44,22.50%,2026-01-01,2026-01-15
2026-08-06 08:32:09,V20_Range_Breakout,TITAN.NS,4975.0,4776.0,5870.5,22.50%,2026-01-01,2026-01-15
2026-08-06 08:32:09,V20_Range_Breakout,ICICIPRULI.NS,505.7,485.47,596.73,22.50%,2026-01-01,2026-01-15
2026-08-06 08:32:09,V20_Range_Breakout,RELAXO.NS,426.25,363.7,439.95,20.97%,2026-07-17,2026-07-17
2026-08-06 08:32:09,V20_Range_Breakout,COLPAL.NS,2026.0,1944.96,2390.68,22.50%,2026-01-01,2026-01-15
2026-08-06 08:32:09,V20_Range_Breakout,PFIZER.NS,4910.8,4212.44,5601.44,32.97%,2025-05-19,2025-06-05
2026-08-06 08:32:09,V20_Range_Breakout,HDFCLIFE.NS,542.3,520.61,639.91,22.50%,2026-01-01,2026-01-15
2026-08-06 08:32:09,V20_Range_Breakout,CDSL.NS,1336.6,1283.14,1577.19,22.50%,2026-01-01,2026-01-15
2026-08-06 08:32:09,V20_Range_Breakout,LT.NS,4060.0,3897.6,4790.8,22.50%,2026-01-01,2026-01-15
2026-08-06 08:32:09,V20_Range_Breakout,INDHOTEL.NS,734.1,704.74,866.24,22.50%,2026-01-01,2026-01-15
2026-08-06 08:32:09,V20_Range_Breakout,BAJAJFINSV.NS,2084.1,2000.74,2459.24,22.50%,2026-01-01,2026-01-15
2026-08-06 08:32:09,V20_Range_Breakout,ABBOTINDIA.NS,27855.0,26740.8,32868.9,22.50%,2026-01-01,2026-01-15
2026-08-06 08:32:09,V20_Range_Breakout,UNITDSPR.NS,1520.1,1459.3,1793.72,22.50%,2026-01-01,2026-01-15
2026-08-06 08:32:09,V20_Range_Breakout,INFY.NS,1167.4,1120.7,1377.53,22.50%,2026-01-01,2026-01-15
2026-08-06 08:32:09,V20_Range_Breakout,PGHH.NS,8489.5,8149.92,10017.61,22.50%,2026-01-01,2026-01-15
2026-08-06 08:32:09,V20_Range_Breakout,RELIANCE.NS,1322.4,1269.5,1560.43,22.50%,2026-01-01,2026-01-15
2026-08-06 08:32:09,V20_Range_Breakout,ULTRACEMCO.NS,12098.0,11614.08,14275.64,22.50%,2026-01-01,2026-01-15
2026-08-06 08:32:09,V20_Range_Breakout,JSWINFRA.NS,330.1,316.9,389.52,22.50%,2026-01-01,2026-01-15
2026-08-06 08:32:09,V20_Range_Breakout,KOTAKBANK.NS,396.15,380.3,467.46,22.50%,2026-01-01,2026-01-15
2026-08-06 08:32:09,V20_Range_Breakout,HINDUNILVR.NS,2083.1,1999.78,2458.06,22.50%,2026-01-01,2026-01-15
2026-08-06 08:32:09,V20_Range_Breakout,BATAINDIA.NS,735.85,706.42,868.3,22.50%,2026-01-01,2026-01-15
2026-08-06 08:32:09,V20_Range_Breakout,RADICO.NS,4465.7,2704.0,3357.55,24.17%,2026-04-10,2026-04-20
2026-08-06 08:32:09,V20_Range_Breakout,SANOFI.NS,3332.5,5620.1,10037.9,78.61%,2024-06-07,2024-06-13
2026-08-06 08:32:09,V20_Range_Breakout,ASIANPAINT.NS,2750.0,2640.0,3245.0,22.50%,2026-01-01,2026-01-15
2026-08-06 08:32:09,V20_Range_Breakout,HCLTECH.NS,1340.0,1286.4,1581.2,22.50%,2026-01-01,2026-01-15
2026-08-06 08:32:09,V20_Range_Breakout,M&M.NS,3421.3,3284.45,4037.13,22.50%,2026-01-01,2026-01-15
2026-08-06 08:32:09,V20_Range_Breakout,MEDANTA.NS,1434.9,1009.64,1259.55,24.75%,2025-04-07,2025-04-08
2026-08-06 08:32:09,V20_Range_Breakout,BLUESTARCO.NS,1656.0,1573.78,1911.62,21.47%,2026-04-08,2026-04-20
2026-08-06 08:32:09,V20_Range_Breakout,APOLLOHOSP.NS,8918.0,8561.28,10523.24,22.50%,2026-01-01,2026-01-15
2026-08-06 08:32:09,V20_Range_Breakout,BOSCHLTD.NS,42265.0,28929.63,37423.73,29.36%,2026-04-01,2026-04-10
2026-08-06 08:32:09,V20_Range_Breakout,ERIS.NS,1381.8,1091.34,1389.64,27.33%,2025-04-07,2025-04-11
2026-08-06 08:32:09,V20_Range_Breakout,CAMS.NS,800.05,869.97,1044.41,20.05%,2024-11-25,2024-12-05
2026-08-06 08:32:09,V20_Range_Breakout,ACC.NS,1383.4,1328.06,1632.41,22.50%,2026-01-01,2026-01-15
2026-08-06 08:32:09,V20_Range_Breakout,NAM-INDIA.NS,1194.1,304.5,369.14,21.23%,2023-10-09,2023-10-13
2026-08-06 08:32:09,V20_Range_Breakout,UBL.NS,1415.2,1358.59,1669.94,22.50%,2026-01-01,2026-01-15
2026-08-06 08:32:09,V20_Range_Breakout,LALPATHLAB.NS,1942.5,1864.8,2292.15,22.50%,2026-01-01,2026-01-15
2026-08-06 08:32:09,V20_Range_Breakout,BSE.NS,3482.0,2384.72,2910.33,22.04%,2025-05-29,2025-06-05
2026-08-06 08:32:09,V20_Range_Breakout,TCS.NS,2391.3,2295.65,2821.73,22.50%,2026-01-01,2026-01-15
2026-08-06 08:32:09,V20_Range_Breakout,HONAUT.NS,38340.0,28459.53,36446.95,28.07%,2026-05-19,2026-05-22
2026-08-06 08:32:09,V20_Range_Breakout,VOLTAS.NS,1305.1,1125.16,1394.41,23.93%,2025-02-01,2025-02-03
2026-08-06 08:32:09,V20_Range_Breakout,MRF.NS,134310.0,128937.6,158485.8,22.50%,2026-01-01,2026-01-15
2026-08-06 08:32:09,V20_Range_Breakout,HAVELLS.NS,1282.4,1373.11,1654.06,20.46%,2025-04-07,2025-04-22
2026-08-06 08:32:09,V20_Range_Breakout,GILLETTE.NS,7703.0,7265.28,8796.35,21.07%,2025-02-18,2025-02-20
2026-08-06 08:32:09,V20_Range_Breakout,JIOFIN.NS,264.8,271.48,346.46,27.62%,2024-02-19,2024-02-23
2026-08-06 08:32:09,V20_Range_Breakout,MCX.NS,2662.0,903.55,1187.07,31.38%,2025-04-07,2025-04-21
2026-08-06 08:32:09,V20_Range_Breakout,ICICIGI.NS,1667.2,1600.51,1967.3,22.50%,2026-01-01,2026-01-15
2026-08-06 08:32:09,V20_Range_Breakout,VBL.NS,444.75,393.99,474.22,20.36%,2026-04-07,2026-04-17
2026-08-06 08:32:09,V20_Range_Breakout,ANGELONE.NS,298.7,227.75,283.32,24.40%,2026-04-01,2026-04-09
2026-08-06 08:32:09,V20_Range_Breakout,SBIN.NS,1063.1,1020.58,1254.46,22.50%,2026-01-01,2026-01-15
2026-08-06 08:32:09,V20_Range_Breakout,ITC.NS,284.6,273.22,335.83,22.50%,2026-01-01,2026-01-15
2026-08-06 08:32:09,V20_Range_Breakout,DIXON.NS,14222.0,12749.33,16820.51,31.93%,2025-04-09,2025-04-22
2026-08-06 08:32:09,V20_Range_Breakout,DABUR.NS,413.5,396.96,487.93,22.50%,2026-01-01,2026-01-15
2026-08-06 08:32:09,V20_Range_Breakout,HDFCBANK.NS,736.15,706.7,868.66,22.50%,2026-01-01,2026-01-15
2026-08-06 08:32:09,V20_Range_Breakout,NESTLEIND.NS,1519.8,1459.01,1793.36,22.50%,2026-01-01,2026-01-15
2026-08-06 08:32:09,V20_Range_Breakout,FORTIS.NS,918.4,881.66,1083.71,22.50%,2026-01-01,2026-01-15
2026-08-06 12:00:45,V20_Range_Breakout,UNITDSPR.NS,1525.0,1464.0,1799.5,22.50%,2026-01-01,2026-01-15
2026-08-06 12:00:45,V20_Range_Breakout,DMART.NS,3931.2,3685.1,4562.6,23.81%,2026-03-24,2026-04-06
2026-08-06 12:00:45,V20_Range_Breakout,PAGEIND.NS,40050.0,38448.0,47259.0,22.50%,2026-01-01,2026-01-15
2026-08-06 12:00:45,V20_Range_Breakout,MCX.NS,2640.0,903.55,1187.07,31.38%,2025-04-07,2025-04-21
2026-08-06 12:00:45,V20_Range_Breakout,DIXON.NS,14200.0,12749.33,16820.51,31.93%,2025-04-09,2025-04-22
2026-08-06 12:00:45,V20_Range_Breakout,RELAXO.NS,425.55,363.7,439.95,20.97%,2026-07-17,2026-07-17
2026-08-06 12:00:45,V20_Range_Breakout,CDSL.NS,1331.0,1277.76,1570.58,22.50%,2026-01-01,2026-01-15
2026-08-06 12:00:45,V20_Range_Breakout,GLAXO.NS,2579.5,1894.45,2642.36,39.48%,2025-02-14,2025-02-20
2026-08-06 12:00:45,V20_Range_Breakout,AWL.NS,197.38,189.48,232.91,22.50%,2026-01-01,2026-01-15
2026-08-06 12:00:45,V20_Range_Breakout,MARUTI.NS,14080.0,13516.8,16614.4,22.50%,2026-01-01,2026-01-15
2026-08-06 12:00:45,V20_Range_Breakout,HYUNDAI.NS,2212.0,2123.52,2610.16,22.50%,2026-01-01,2026-01-15
2026-08-06 12:00:45,V20_Range_Breakout,RELIANCE.NS,1325.0,1272.0,1563.5,22.50%,2026-01-01,2026-01-15
2026-08-06 12:00:45,V20_Range_Breakout,GILLETTE.NS,7694.0,7265.28,8796.35,21.07%,2025-02-18,2025-02-20
2026-08-06 12:00:45,V20_Range_Breakout,M&M.NS,3406.0,3269.76,4019.08,22.50%,2026-01-01,2026-01-15
2026-08-06 12:00:45,V20_Range_Breakout,ICICIPRULI.NS,507.0,486.72,598.26,22.50%,2026-01-01,2026-01-15
2026-08-06 12:00:45,V20_Range_Breakout,INFY.NS,1165.0,1118.4,1374.7,22.50%,2026-01-01,2026-01-15
2026-08-06 12:00:45,V20_Range_Breakout,TITAN.NS,4998.0,4798.08,5897.64,22.50%,2026-01-01,2026-01-15
2026-08-06 12:00:45,V20_Range_Breakout,QUESS.NS,315.25,240.59,302.5,25.73%,2026-06-30,2026-07-07
2026-08-06 12:00:45,V20_Range_Breakout,TCS.NS,2373.0,2278.08,2800.14,22.50%,2026-01-01,2026-01-15
2026-08-06 12:00:45,V20_Range_Breakout,MEDANTA.NS,1444.3,1009.64,1259.55,24.75%,2025-04-07,2025-04-08
2026-08-06 12:00:45,V20_Range_Breakout,RADICO.NS,4470.0,2704.0,3357.55,24.17%,2026-04-10,2026-04-20
2026-08-06 12:00:45,V20_Range_Breakout,UBL.NS,1415.3,1358.69,1670.05,22.50%,2026-01-01,2026-01-15
2026-08-06 12:00:45,V20_Range_Breakout,BATAINDIA.NS,728.1,698.98,859.16,22.50%,2026-01-01,2026-01-15
2026-08-06 12:00:45,V20_Range_Breakout,BAJFINANCE.NS,1144.8,1099.01,1350.86,22.50%,2026-01-01,2026-01-15
2026-08-06 12:00:45,V20_Range_Breakout,ASIANPAINT.NS,2755.0,2644.8,3250.9,22.50%,2026-01-01,2026-01-15
2026-08-06 12:00:45,V20_Range_Breakout,HDFCLIFE.NS,542.5,520.8,640.15,22.50%,2026-01-01,2026-01-15
2026-08-06 12:00:45,V20_Range_Breakout,ASTRAZEN.NS,8075.5,7758.7,9954.35,28.30%,2025-05-29,2025-06-05
2026-08-06 12:00:45,V20_Range_Breakout,HDFCBANK.NS,734.3,704.93,866.47,22.50%,2026-01-01,2026-01-15
2026-08-06 12:00:45,V20_Range_Breakout,ANGELONE.NS,297.1,227.75,283.32,24.40%,2026-04-01,2026-04-09
2026-08-06 12:00:45,V20_Range_Breakout,ULTRACEMCO.NS,12075.0,11592.0,14248.5,22.50%,2026-01-01,2026-01-15
2026-08-06 12:00:45,V20_Range_Breakout,ACC.NS,1378.4,1323.26,1626.51,22.50%,2026-01-01,2026-01-15
2026-08-06 12:00:45,V20_Range_Breakout,ICICIGI.NS,1658.0,1591.68,1956.44,22.50%,2026-01-01,2026-01-15
2026-08-06 12:00:45,V20_Range_Breakout,SANOFI.NS,3352.6,5620.1,10037.9,78.61%,2024-06-07,2024-06-13
2026-08-06 12:00:45,V20_Range_Breakout,BOSCHLTD.NS,42000.0,28929.63,37423.73,29.36%,2026-04-01,2026-04-10
2026-08-06 12:00:45,V20_Range_Breakout,MRF.NS,133930.0,128572.8,158037.4,22.50%,2026-01-01,2026-01-15
2026-08-06 12:00:45,V20_Range_Breakout,ERIS.NS,1382.9,1091.34,1389.64,27.33%,2025-04-07,2025-04-11
2026-08-06 12:00:45,V20_Range_Breakout,VOLTAS.NS,1275.0,1125.16,1394.41,23.93%,2025-02-01,2025-02-03
2026-08-06 12:00:45,V20_Range_Breakout,CIPLA.NS,1477.0,1417.92,1742.86,22.50%,2026-01-01,2026-01-15
2026-08-06 12:00:45,V20_Range_Breakout,ICICIBANK.NS,1457.5,1399.2,1719.85,22.50%,2026-01-01,2026-01-15
2026-08-06 12:00:45,V20_Range_Breakout,ABBOTINDIA.NS,27855.0,26740.8,32868.9,22.50%,2026-01-01,2026-01-15
2026-08-06 12:00:45,V20_Range_Breakout,PGHH.NS,8484.0,8144.64,10011.12,22.50%,2026-01-01,2026-01-15
2026-08-06 12:00:45,V20_Range_Breakout,HCLTECH.NS,1335.0,1281.6,1575.3,22.50%,2026-01-01,2026-01-15
2026-08-06 12:00:45,V20_Range_Breakout,EICHERMOT.NS,7967.5,7648.8,9401.65,22.50%,2026-01-01,2026-01-15
2026-08-06 12:00:45,V20_Range_Breakout,NAM-INDIA.NS,1200.0,304.5,369.14,21.23%,2023-10-09,2023-10-13
2026-08-06 12:00:45,V20_Range_Breakout,INDHOTEL.NS,736.0,706.56,868.48,22.50%,2026-01-01,2026-01-15
2026-08-06 12:00:45,V20_Range_Breakout,VBL.NS,444.0,393.99,474.22,20.36%,2026-04-07,2026-04-17
2026-08-06 12:00:45,V20_Range_Breakout,KAJARIACER.NS,1175.4,945.5,1178.0,24.59%,2026-04-01,2026-04-15
2026-08-06 12:00:45,V20_Range_Breakout,NESTLEIND.NS,1535.0,1473.6,1811.3,22.50%,2026-01-01,2026-01-15
2026-08-06 12:00:45,V20_Range_Breakout,HAVELLS.NS,1285.5,1373.11,1654.06,20.46%,2025-04-07,2025-04-22
2026-08-06 12:00:45,V20_Range_Breakout,ADANIPORTS.NS,1695.0,1627.2,2000.1,22.50%,2026-01-01,2026-01-15
2026-08-06 12:00:45,V20_Range_Breakout,APOLLOHOSP.NS,8974.5,8615.52,10589.91,22.50%,2026-01-01,2026-01-15
2026-08-06 12:00:45,V20_Range_Breakout,SBIN.NS,1085.0,1041.6,1280.3,22.50%,2026-01-01,2026-01-15
2026-08-06 12:00:45,V20_Range_Breakout,LALPATHLAB.NS,1928.0,1850.88,2275.04,22.50%,2026-01-01,2026-01-15
2026-08-06 12:00:45,V20_Range_Breakout,FORTIS.NS,920.0,883.2,1085.6,22.50%,2026-01-01,2026-01-15
2026-08-06 12:00:45,V20_Range_Breakout,KOTAKBANK.NS,394.0,378.24,464.92,22.50%,2026-01-01,2026-01-15
2026-08-06 12:00:45,V20_Range_Breakout,TEAMLEASE.NS,1253.5,2854.65,3478.0,21.84%,2024-07-23,2024-07-29
2026-08-06 12:00:45,V20_Range_Breakout,PIDILITIND.NS,1686.0,1618.56,1989.48,22.50%,2026-01-01,2026-01-15
2026-08-06 12:00:45,V20_Range_Breakout,AXISBANK.NS,1256.0,1205.76,1482.08,22.50%,2026-01-01,2026-01-15
2026-08-06 12:00:45,V20_Range_Breakout,BSE.NS,3435.0,2384.72,2910.33,22.04%,2025-05-29,2025-06-05
2026-08-06 12:00:45,V20_Range_Breakout,BLUESTARCO.NS,1571.0,1573.78,1911.62,21.47%,2026-04-08,2026-04-20
2026-08-06 12:00:45,V20_Range_Breakout,JSWINFRA.NS,327.5,314.4,386.45,22.50%,2026-01-01,2026-01-15
2026-08-06 12:00:45,V20_Range_Breakout,LT.NS,4061.8,3899.33,4792.92,22.50%,2026-01-01,2026-01-15
2026-08-06 12:00:45,V20_Range_Breakout,COLPAL.NS,2028.4,1947.26,2393.51,22.50%,2026-01-01,2026-01-15
2026-08-06 12:00:45,V20_Range_Breakout,BAJAJ-AUTO.NS,11620.0,11155.2,13711.6,22.50%,2026-01-01,2026-01-15
2026-08-06 12:00:45,V20_Range_Breakout,DABUR.NS,411.3,394.85,485.33,22.50%,2026-01-01,2026-01-15
2026-08-06 12:00:45,V20_Range_Breakout,CAMS.NS,799.45,869.97,1044.41,20.05%,2024-11-25,2024-12-05
2026-08-06 12:00:45,V20_Range_Breakout,BAJAJFINSV.NS,2086.0,2002.56,2461.48,22.50%,2026-01-01,2026-01-15
2026-08-06 12:00:45,V20_Range_Breakout,HDFCAMC.NS,2538.1,2436.58,2994.96,22.50%,2026-01-01,2026-01-15
2026-08-06 12:00:45,V20_Range_Breakout,MARICO.NS,860.0,825.6,1014.8,22.50%,2026-01-01,2026-01-15
2026-08-06 12:00:45,V20_Range_Breakout,GODREJCP.NS,1077.3,1034.21,1271.21,22.50%,2026-01-01,2026-01-15
2026-08-06 12:00:45,V20_Range_Breakout,ITC.NS,285.9,274.46,337.36,22.50%,2026-01-01,2026-01-15
2026-08-06 12:00:45,V20_Range_Breakout,JIOFIN.NS,263.1,271.48,346.46,27.62%,2024-02-19,2024-02-23
2026-08-06 12:00:45,V20_Range_Breakout,PFIZER.NS,4900.0,4212.44,5601.44,32.97%,2025-05-19,2025-06-05
2026-08-06 12:00:45,V20_Range_Breakout,HONAUT.NS,38315.0,28459.53,36446.95,28.07%,2026-05-19,2026-05-22
2026-08-06 12:00:45,V20_Range_Breakout,HINDUNILVR.NS,2079.5,1996.32,2453.81,22.50%,2026-01-01,2026-01-15
2026-08-07 07:11:55,V20_Range_Breakout,ICICIGI.NS,1656.4,1590.14,1954.55,22.50%,2026-01-01,2026-01-15
2026-08-07 07:11:55,V20_Range_Breakout,MARUTI.NS,13975.0,13416.0,16490.5,22.50%,2026-01-01,2026-01-15
2026-08-07 07:11:55,V20_Range_Breakout,HYUNDAI.NS,2209.9,2121.5,2607.68,22.50%,2026-01-01,2026-01-15
2026-08-07 07:11:55,V20_Range_Breakout,BOSCHLTD.NS,42120.0,28929.63,37423.73,29.36%,2026-04-01,2026-04-10
2026-08-07 07:11:55,V20_Range_Breakout,ERIS.NS,1375.8,1091.34,1389.64,27.33%,2025-04-07,2025-04-11
2026-08-07 07:11:55,V20_Range_Breakout,HDFCLIFE.NS,543.05,521.33,640.8,22.50%,2026-01-01,2026-01-15
2026-08-07 07:11:55,V20_Range_Breakout,INDHOTEL.NS,732.25,702.96,864.05,22.50%,2026-01-01,2026-01-15
2026-08-07 07:11:55,V20_Range_Breakout,CDSL.NS,1326.5,1273.44,1565.27,22.50%,2026-01-01,2026-01-15
2026-08-07 07:11:55,V20_Range_Breakout,GODREJCP.NS,1039.7,998.11,1226.85,22.50%,2026-01-01,2026-01-15
2026-08-07 07:11:55,V20_Range_Breakout,BAJAJ-AUTO.NS,11675.0,11208.0,13776.5,22.50%,2026-01-01,2026-01-15
2026-08-07 07:11:55,V20_Range_Breakout,ANGELONE.NS,290.35,227.75,283.32,24.40%,2026-04-01,2026-04-09
2026-08-07 07:11:55,V20_Range_Breakout,MCX.NS,2657.1,903.55,1187.07,31.38%,2025-04-07,2025-04-21
2026-08-07 07:11:55,V20_Range_Breakout,ICICIPRULI.NS,504.6,484.42,595.43,22.50%,2026-01-01,2026-01-15
2026-08-07 07:11:55,V20_Range_Breakout,CIPLA.NS,1465.8,1407.17,1729.64,22.50%,2026-01-01,2026-01-15
2026-08-07 07:11:55,V20_Range_Breakout,BSE.NS,3436.0,2384.72,2910.33,22.04%,2025-05-29,2025-06-05
2026-08-07 07:11:55,V20_Range_Breakout,JIOFIN.NS,259.7,271.48,346.46,27.62%,2024-02-19,2024-02-23
2026-08-07 07:11:55,V20_Range_Breakout,FORTIS.NS,927.7,890.59,1094.69,22.50%,2026-01-01,2026-01-15
2026-08-07 07:11:55,V20_Range_Breakout,PGHH.NS,8496.0,8156.16,10025.28,22.50%,2026-01-01,2026-01-15
2026-08-07 07:11:55,V20_Range_Breakout,MARICO.NS,858.1,823.78,1012.56,22.50%,2026-01-01,2026-01-15
2026-08-07 07:11:55,V20_Range_Breakout,UNITDSPR.NS,1517.5,1456.8,1790.65,22.50%,2026-01-01,2026-01-15
2026-08-07 07:11:55,V20_Range_Breakout,TEAMLEASE.NS,1249.7,2854.65,3478.0,21.84%,2024-07-23,2024-07-29
2026-08-07 07:11:55,V20_Range_Breakout,RELAXO.NS,424.1,363.7,439.95,20.97%,2026-07-17,2026-07-17
2026-08-07 07:11:55,V20_Range_Breakout,TCS.NS,2432.0,2334.72,2869.76,22.50%,2026-01-01,2026-01-15
2026-08-07 07:11:55,V20_Range_Breakout,BATAINDIA.NS,722.9,693.98,853.02,22.50%,2026-01-01,2026-01-15
2026-08-07 07:11:55,V20_Range_Breakout,SANOFI.NS,3333.0,5620.1,10037.9,78.61%,2024-06-07,2024-06-13
2026-08-07 07:11:55,V20_Range_Breakout,BLUESTARCO.NS,1504.1,1573.78,1911.62,21.47%,2026-04-08,2026-04-20
2026-08-07 07:11:55,V20_Range_Breakout,MEDANTA.NS,1465.0,1009.64,1259.55,24.75%,2025-04-07,2025-04-08
2026-08-07 07:11:55,V20_Range_Breakout,PAGEIND.NS,40160.0,38553.6,47388.8,22.50%,2026-01-01,2026-01-15
2026-08-07 07:11:55,V20_Range_Breakout,MRF.NS,134155.0,128788.8,158302.9,22.50%,2026-01-01,2026-01-15
2026-08-07 07:11:55,V20_Range_Breakout,GLAXO.NS,2618.0,1894.45,2642.36,39.48%,2025-02-14,2025-02-20
2026-08-07 07:11:55,V20_Range_Breakout,QUESS.NS,306.6,238.3,299.62,25.73%,2026-06-30,2026-07-07
2026-08-07 07:11:55,V20_Range_Breakout,HONAUT.NS,38030.0,28459.53,36446.95,28.07%,2026-05-19,2026-05-22
2026-08-07 07:11:55,V20_Range_Breakout,JSWINFRA.NS,327.3,314.21,386.21,22.50%,2026-01-01,2026-01-15
2026-08-07 07:11:55,V20_Range_Breakout,CAMS.NS,779.95,869.97,1044.41,20.05%,2024-11-25,2024-12-05
2026-08-07 07:11:55,V20_Range_Breakout,ITC.NS,284.85,273.46,336.12,22.50%,2026-01-01,2026-01-15
2026-08-07 07:11:55,V20_Range_Breakout,KOTAKBANK.NS,389.65,374.06,459.79,22.50%,2026-01-01,2026-01-15
2026-08-07 07:11:55,V20_Range_Breakout,ADANIPORTS.NS,1681.8,1614.53,1984.52,22.50%,2026-01-01,2026-01-15
2026-08-07 07:11:55,V20_Range_Breakout,PIDILITIND.NS,1652.8,1586.69,1950.3,22.50%,2026-01-01,2026-01-15
2026-08-07 07:11:55,V20_Range_Breakout,NAM-INDIA.NS,1166.8,304.5,369.14,21.23%,2023-10-09,2023-10-13
2026-08-07 07:11:55,V20_Range_Breakout,ASIANPAINT.NS,2719.6,2610.82,3209.13,22.50%,2026-01-01,2026-01-15
2026-08-07 07:11:55,V20_Range_Breakout,NESTLEIND.NS,1541.6,1479.94,1819.09,22.50%,2026-01-01,2026-01-15
2026-08-07 07:11:55,V20_Range_Breakout,HINDUNILVR.NS,2090.8,2007.17,2467.14,22.50%,2026-01-01,2026-01-15
2026-08-07 07:11:55,V20_Range_Breakout,HCLTECH.NS,1344.5,1290.72,1586.51,22.50%,2026-01-01,2026-01-15
2026-08-07 07:11:55,V20_Range_Breakout,KAJARIACER.NS,1161.4,945.5,1178.0,24.59%,2026-04-01,2026-04-15
2026-08-07 07:11:55,V20_Range_Breakout,APOLLOHOSP.NS,8953.5,8595.36,10565.13,22.50%,2026-01-01,2026-01-15
2026-08-07 07:11:55,V20_Range_Breakout,AXISBANK.NS,1246.0,1196.16,1470.28,22.50%,2026-01-01,2026-01-15
2026-08-07 07:11:55,V20_Range_Breakout,PFIZER.NS,4889.6,4212.44,5601.44,32.97%,2025-05-19,2025-06-05
2026-08-07 07:11:55,V20_Range_Breakout,ICICIBANK.NS,1435.6,1378.18,1694.01,22.50%,2026-01-01,2026-01-15
2026-08-07 07:11:55,V20_Range_Breakout,ULTRACEMCO.NS,12051.0,11568.96,14220.18,22.50%,2026-01-01,2026-01-15
2026-08-07 07:11:55,V20_Range_Breakout,LT.NS,4044.9,3883.1,4772.98,22.50%,2026-01-01,2026-01-15
2026-08-07 07:11:55,V20_Range_Breakout,RELIANCE.NS,1333.1,1279.78,1573.06,22.50%,2026-01-01,2026-01-15
2026-08-07 07:11:55,V20_Range_Breakout,DABUR.NS,409.1,392.74,482.74,22.50%,2026-01-01,2026-01-15
2026-08-07 07:11:55,V20_Range_Breakout,ASTRAZEN.NS,8166.5,7758.7,9954.35,28.30%,2025-05-29,2025-06-05
2026-08-07 07:11:55,V20_Range_Breakout,TITAN.NS,4975.0,4776.0,5870.5,22.50%,2026-01-01,2026-01-15
2026-08-07 07:11:55,V20_Range_Breakout,SBIN.NS,1086.3,1042.85,1281.83,22.50%,2026-01-01,2026-01-15
2026-08-07 07:11:55,V20_Range_Breakout,BAJAJFINSV.NS,1995.3,1915.49,2354.45,22.50%,2026-01-01,2026-01-15
2026-08-07 07:11:55,V20_Range_Breakout,DIXON.NS,14195.0,12749.33,16820.51,31.93%,2025-04-09,2025-04-22
2026-08-07 07:11:55,V20_Range_Breakout,ACC.NS,1369.7,1314.91,1616.25,22.50%,2026-01-01,2026-01-15
2026-08-07 07:11:55,V20_Range_Breakout,ABBOTINDIA.NS,27680.0,26572.8,32662.4,22.50%,2026-01-01,2026-01-15
2026-08-07 07:11:55,V20_Range_Breakout,BAJFINANCE.NS,1085.5,1042.08,1280.89,22.50%,2026-01-01,2026-01-15
2026-08-07 07:11:55,V20_Range_Breakout,LALPATHLAB.NS,1931.4,1854.14,2279.05,22.50%,2026-01-01,2026-01-15
2026-08-07 07:11:55,V20_Range_Breakout,RADICO.NS,4453.4,2704.0,3357.55,24.17%,2026-04-10,2026-04-20
2026-08-07 07:11:55,V20_Range_Breakout,AWL.NS,198.15,190.22,233.82,22.50%,2026-01-01,2026-01-15
2026-08-07 07:11:55,V20_Range_Breakout,HDFCAMC.NS,2541.3,2439.65,2998.73,22.50%,2026-01-01,2026-01-15
2026-08-07 07:11:55,V20_Range_Breakout,VOLTAS.NS,1282.3,1125.16,1394.41,23.93%,2025-02-01,2025-02-03
2026-08-07 07:11:55,V20_Range_Breakout,M&M.NS,3483.2,3343.87,4110.18,22.50%,2026-01-01,2026-01-15
2026-08-07 07:11:55,V20_Range_Breakout,HAVELLS.NS,1287.0,1373.11,1654.06,20.46%,2025-04-07,2025-04-22
2026-08-07 07:11:55,V20_Range_Breakout,INFY.NS,1173.3,1126.37,1384.49,22.50%,2026-01-01,2026-01-15
2026-08-07 07:11:55,V20_Range_Breakout,EICHERMOT.NS,7984.5,7665.12,9421.71,22.50%,2026-01-01,2026-01-15
2026-08-07 07:11:55,V20_Range_Breakout,GILLETTE.NS,7670.0,7265.28,8796.35,21.07%,2025-02-18,2025-02-20
2026-08-07 07:11:55,V20_Range_Breakout,VBL.NS,440.9,393.99,474.22,20.36%,2026-04-07,2026-04-17
2026-08-07 07:11:55,V20_Range_Breakout,DMART.NS,3902.6,3685.1,4562.6,23.81%,2026-03-24,2026-04-06
2026-08-07 07:11:55,V20_Range_Breakout,HDFCBANK.NS,733.1,703.78,865.06,22.50%,2026-01-01,2026-01-15
2026-08-07 07:11:55,V20_Range_Breakout,COLPAL.NS,2019.9,1939.1,2383.48,22.50%,2026-01-01,2026-01-15
2026-08-07 07:11:55,V20_Range_Breakout,UBL.NS,1397.0,1341.12,1648.46,22.50%,2026-01-01,2026-01-15
2026-08-07 10:50:16,V20_Range_Breakout,BAJAJFINSV.NS,2008.9,1928.54,2370.5,22.50%,2026-01-01,2026-01-15
2026-08-07 10:50:16,V20_Range_Breakout,PFIZER.NS,4880.6,4212.44,5601.44,32.97%,2025-05-19,2025-06-05
2026-08-07 10:50:16,V20_Range_Breakout,MEDANTA.NS,1455.6,1009.64,1259.55,24.75%,2025-04-07,2025-04-08
2026-08-07 10:50:16,V20_Range_Breakout,HCLTECH.NS,1356.6,1302.34,1600.79,22.50%,2026-01-01,2026-01-15
2026-08-07 10:50:16,V20_Range_Breakout,VOLTAS.NS,1285.0,1125.16,1394.41,23.93%,2025-02-01,2025-02-03
2026-08-07 10:50:16,V20_Range_Breakout,ABBOTINDIA.NS,27835.0,26721.6,32845.3,22.50%,2026-01-01,2026-01-15
2026-08-07 10:50:16,V20_Range_Breakout,ICICIGI.NS,1639.0,1573.44,1934.02,22.50%,2026-01-01,2026-01-15
2026-08-07 10:50:16,V20_Range_Breakout,QUESS.NS,311.05,238.3,299.62,25.73%,2026-06-30,2026-07-07
2026-08-07 10:50:16,V20_Range_Breakout,M&M.NS,3502.0,3361.92,4132.36,22.50%,2026-01-01,2026-01-15
2026-08-07 10:50:16,V20_Range_Breakout,TITAN.NS,4941.0,4743.36,5830.38,22.50%,2026-01-01,2026-01-15
2026-08-07 10:50:16,V20_Range_Breakout,SANOFI.NS,3349.4,5620.1,10037.9,78.61%,2024-06-07,2024-06-13
2026-08-07 10:50:16,V20_Range_Breakout,HDFCLIFE.NS,540.0,518.4,637.2,22.50%,2026-01-01,2026-01-15
2026-08-07 10:50:16,V20_Range_Breakout,PIDILITIND.NS,1660.0,1593.6,1958.8,22.50%,2026-01-01,2026-01-15
2026-08-07 10:50:16,V20_Range_Breakout,PGHH.NS,8497.0,8157.12,10026.46,22.50%,2026-01-01,2026-01-15
2026-08-07 10:50:16,V20_Range_Breakout,KOTAKBANK.NS,390.75,375.12,461.08,22.50%,2026-01-01,2026-01-15
2026-08-07 10:50:16,V20_Range_Breakout,JIOFIN.NS,256.8,271.48,346.46,27.62%,2024-02-19,2024-02-23
2026-08-07 10:50:16,V20_Range_Breakout,DABUR.NS,410.0,393.6,483.8,22.50%,2026-01-01,2026-01-15
2026-08-07 10:50:16,V20_Range_Breakout,SBIN.NS,1097.2,1053.31,1294.7,22.50%,2026-01-01,2026-01-15
2026-08-07 10:50:16,V20_Range_Breakout,HINDUNILVR.NS,2096.0,2012.16,2473.28,22.50%,2026-01-01,2026-01-15
2026-08-07 10:50:16,V20_Range_Breakout,ICICIPRULI.NS,501.05,481.01,591.24,22.50%,2026-01-01,2026-01-15
2026-08-07 10:50:16,V20_Range_Breakout,ACC.NS,1362.8,1308.29,1608.1,22.50%,2026-01-01,2026-01-15
2026-08-07 10:50:16,V20_Range_Breakout,KAJARIACER.NS,1167.3,945.5,1178.0,24.59%,2026-04-01,2026-04-15
2026-08-07 10:50:16,V20_Range_Breakout,HDFCAMC.NS,2545.0,2443.2,3003.1,22.50%,2026-01-01,2026-01-15
2026-08-07 10:50:16,V20_Range_Breakout,ANGELONE.NS,292.0,227.75,283.32,24.40%,2026-04-01,2026-04-09
2026-08-07 10:50:16,V20_Range_Breakout,BAJFINANCE.NS,1078.0,1034.88,1272.04,22.50%,2026-01-01,2026-01-15
2026-08-07 10:50:16,V20_Range_Breakout,CAMS.NS,787.5,869.97,1044.41,20.05%,2024-11-25,2024-12-05
2026-08-07 10:50:16,V20_Range_Breakout,FORTIS.NS,955.15,916.94,1127.08,22.50%,2026-01-01,2026-01-15
2026-08-07 10:50:16,V20_Range_Breakout,JSWINFRA.NS,335.75,322.32,396.19,22.50%,2026-01-01,2026-01-15
2026-08-07 10:50:16,V20_Range_Breakout,INFY.NS,1175.1,1128.1,1386.62,22.50%,2026-01-01,2026-01-15
2026-08-07 10:50:16,V20_Range_Breakout,NESTLEIND.NS,1540.0,1478.4,1817.2,22.50%,2026-01-01,2026-01-15
2026-08-07 10:50:16,V20_Range_Breakout,LT.NS,4056.0,3893.76,4786.08,22.50%,2026-01-01,2026-01-15
2026-08-07 10:50:16,V20_Range_Breakout,DMART.NS,3900.0,3685.1,4562.6,23.81%,2026-03-24,2026-04-06
2026-08-07 10:50:16,V20_Range_Breakout,GLAXO.NS,2599.7,1894.45,2642.36,39.48%,2025-02-14,2025-02-20
2026-08-07 10:50:16,V20_Range_Breakout,INDHOTEL.NS,731.0,701.76,862.58,22.50%,2026-01-01,2026-01-15
2026-08-07 10:50:16,V20_Range_Breakout,COLPAL.NS,2030.0,1948.8,2395.4,22.50%,2026-01-01,2026-01-15
2026-08-07 10:50:16,V20_Range_Breakout,ICICIBANK.NS,1421.0,1364.16,1676.78,22.50%,2026-01-01,2026-01-15
2026-08-07 10:50:16,V20_Range_Breakout,MARICO.NS,862.0,827.52,1017.16,22.50%,2026-01-01,2026-01-15
2026-08-07 10:50:16,V20_Range_Breakout,LALPATHLAB.NS,1931.6,1854.34,2279.29,22.50%,2026-01-01,2026-01-15
2026-08-07 10:50:16,V20_Range_Breakout,BSE.NS,3457.1,2384.72,2910.33,22.04%,2025-05-29,2025-06-05
2026-08-07 10:50:16,V20_Range_Breakout,GILLETTE.NS,7683.5,7265.28,8796.35,21.07%,2025-02-18,2025-02-20
2026-08-07 10:50:16,V20_Range_Breakout,BOSCHLTD.NS,42950.0,28929.63,37423.73,29.36%,2026-04-01,2026-04-10
2026-08-07 10:50:16,V20_Range_Breakout,PAGEIND.NS,39900.0,38304.0,47082.0,22.50%,2026-01-01,2026-01-15
2026-08-07 10:50:16,V20_Range_Breakout,ITC.NS,286.1,274.66,337.6,22.50%,2026-01-01,2026-01-15
2026-08-07 10:50:16,V20_Range_Breakout,EICHERMOT.NS,8020.0,7699.2,9463.6,22.50%,2026-01-01,2026-01-15
2026-08-07 10:50:16,V20_Range_Breakout,CDSL.NS,1328.0,1274.88,1567.04,22.50%,2026-01-01,2026-01-15
2026-08-07 10:50:16,V20_Range_Breakout,ASIANPAINT.NS,2735.0,2625.6,3227.3,22.50%,2026-01-01,2026-01-15
2026-08-07 10:50:16,V20_Range_Breakout,RELAXO.NS,423.45,363.7,439.95,20.97%,2026-07-17,2026-07-17
2026-08-07 10:50:16,V20_Range_Breakout,HYUNDAI.NS,2200.5,2112.48,2596.59,22.50%,2026-01-01,2026-01-15
2026-08-07 10:50:16,V20_Range_Breakout,MCX.NS,2638.0,903.55,1187.07,31.38%,2025-04-07,2025-04-21
2026-08-07 10:50:16,V20_Range_Breakout,RELIANCE.NS,1334.8,1281.41,1575.06,22.50%,2026-01-01,2026-01-15
2026-08-07 10:50:16,V20_Range_Breakout,ASTRAZEN.NS,8191.0,7758.7,9954.35,28.30%,2025-05-29,2025-06-05
2026-08-07 10:50:16,V20_Range_Breakout,APOLLOHOSP.NS,8945.0,8587.2,10555.1,22.50%,2026-01-01,2026-01-15
2026-08-07 10:50:16,V20_Range_Breakout,HAVELLS.NS,1288.0,1373.11,1654.06,20.46%,2025-04-07,2025-04-22
2026-08-07 10:50:16,V20_Range_Breakout,GODREJCP.NS,1050.0,1008.0,1239.0,22.50%,2026-01-01,2026-01-15
2026-08-07 10:50:16,V20_Range_Breakout,HDFCBANK.NS,731.0,701.76,862.58,22.50%,2026-01-01,2026-01-15
2026-08-07 10:50:16,V20_Range_Breakout,HONAUT.NS,37900.0,28459.53,36446.95,28.07%,2026-05-19,2026-05-22
2026-08-07 10:50:16,V20_Range_Breakout,AWL.NS,197.5,189.6,233.05,22.50%,2026-01-01,2026-01-15
2026-08-07 10:50:16,V20_Range_Breakout,TCS.NS,2452.7,2354.59,2894.19,22.50%,2026-01-01,2026-01-15
2026-08-07 10:50:16,V20_Range_Breakout,ERIS.NS,1382.4,1091.34,1389.64,27.33%,2025-04-07,2025-04-11
2026-08-07 10:50:16,V20_Range_Breakout,ADANIPORTS.NS,1693.5,1625.76,1998.33,22.50%,2026-01-01,2026-01-15
2026-08-07 10:50:16,V20_Range_Breakout,ULTRACEMCO.NS,12105.0,11620.8,14283.9,22.50%,2026-01-01,2026-01-15
2026-08-07 10:50:16,V20_Range_Breakout,BATAINDIA.NS,720.5,691.68,850.19,22.50%,2026-01-01,2026-01-15
2026-08-07 10:50:16,V20_Range_Breakout,NAM-INDIA.NS,1176.0,304.5,369.14,21.23%,2023-10-09,2023-10-13
2026-08-07 10:50:16,V20_Range_Breakout,MARUTI.NS,14037.0,13475.52,16563.66,22.50%,2026-01-01,2026-01-15
2026-08-07 10:50:16,V20_Range_Breakout,RADICO.NS,4499.0,2704.0,3357.55,24.17%,2026-04-10,2026-04-20
2026-08-07 10:50:16,V20_Range_Breakout,CIPLA.NS,1463.8,1405.25,1727.28,22.50%,2026-01-01,2026-01-15
2026-08-07 10:50:16,V20_Range_Breakout,UBL.NS,1400.3,1344.29,1652.35,22.50%,2026-01-01,2026-01-15
2026-08-07 10:50:16,V20_Range_Breakout,DIXON.NS,14200.0,12749.33,16820.51,31.93%,2025-04-09,2025-04-22
2026-08-07 10:50:16,V20_Range_Breakout,TEAMLEASE.NS,1253.6,2854.65,3478.0,21.84%,2024-07-23,2024-07-29
2026-08-07 10:50:16,V20_Range_Breakout,MRF.NS,134190.0,128822.4,158344.2,22.50%,2026-01-01,2026-01-15
2026-08-07 10:50:16,V20_Range_Breakout,VBL.NS,442.0,393.99,474.22,20.36%,2026-04-07,2026-04-17
2026-08-07 10:50:16,V20_Range_Breakout,BLUESTARCO.NS,1514.0,1573.78,1911.62,21.47%,2026-04-08,2026-04-20
2026-08-07 10:50:16,V20_Range_Breakout,AXISBANK.NS,1238.0,1188.48,1460.84,22.50%,2026-01-01,2026-01-15
2026-08-07 10:50:16,V20_Range_Breakout,BAJAJ-AUTO.NS,11662.0,11195.52,13761.16,22.50%,2026-01-01,2026-01-15
2026-08-07 10:50:16,V20_Range_Breakout,UNITDSPR.NS,1512.4,1451.9,1784.63,22.50%,2026-01-01,2026-01-15
2026-08-10 07:27:26,V20_Range_Breakout,ITC.NS,282.95,271.63,333.88,22.50%,2026-01-01,2026-01-15
2026-08-10 07:27:26,V20_Range_Breakout,ACC.NS,1362.8,1308.29,1608.1,22.50%,2026-01-01,2026-01-15
2026-08-10 07:27:26,V20_Range_Breakout,MARUTI.NS,14103.0,13538.88,16641.54,22.50%,2026-01-01,2026-01-15
2026-08-10 07:27:26,V20_Range_Breakout,EICHERMOT.NS,7992.0,7672.32,9430.56,22.50%,2026-01-01,2026-01-15
2026-08-10 07:27:26,V20_Range_Breakout,HDFCBANK.NS,733.3,703.97,865.29,22.50%,2026-01-01,2026-01-15
2026-08-10 07:27:26,V20_Range_Breakout,VOLTAS.NS,1268.8,1125.16,1394.41,23.93%,2025-02-01,2025-02-03
2026-08-10 07:27:26,V20_Range_Breakout,AWL.NS,196.32,188.47,231.66,22.50%,2026-01-01,2026-01-15
2026-08-10 07:27:26,V20_Range_Breakout,JIOFIN.NS,255.65,270.84,345.65,27.62%,2024-02-19,2024-02-23
2026-08-10 07:27:26,V20_Range_Breakout,RADICO.NS,4565.5,2704.0,3357.55,24.17%,2026-04-10,2026-04-20
2026-08-10 07:27:26,V20_Range_Breakout,HYUNDAI.NS,2232.0,2142.72,2633.76,22.50%,2026-01-01,2026-01-15
2026-08-10 07:27:26,V20_Range_Breakout,NAM-INDIA.NS,1177.0,304.5,369.14,21.23%,2023-10-09,2023-10-13
2026-08-10 07:27:26,V20_Range_Breakout,BOSCHLTD.NS,42895.0,28929.63,37423.73,29.36%,2026-04-01,2026-04-10
2026-08-10 07:27:26,V20_Range_Breakout,PAGEIND.NS,39180.0,37612.8,46232.4,22.50%,2026-01-01,2026-01-15
2026-08-10 07:27:26,V20_Range_Breakout,GODREJCP.NS,1028.0,986.88,1213.04,22.50%,2026-01-01,2026-01-15
2026-08-10 07:27:26,V20_Range_Breakout,RELIANCE.NS,1326.6,1273.54,1565.39,22.50%,2026-01-01,2026-01-15
2026-08-10 07:27:26,V20_Range_Breakout,DIXON.NS,14220.0,12749.33,16820.51,31.93%,2025-04-09,2025-04-22
2026-08-10 07:27:26,V20_Range_Breakout,JSWINFRA.NS,341.8,328.13,403.32,22.50%,2026-01-01,2026-01-15
2026-08-10 07:27:26,V20_Range_Breakout,LALPATHLAB.NS,1955.5,1877.28,2307.49,22.50%,2026-01-01,2026-01-15
2026-08-10 07:27:26,V20_Range_Breakout,NESTLEIND.NS,1529.3,1468.13,1804.57,22.50%,2026-01-01,2026-01-15
2026-08-10 07:27:26,V20_Range_Breakout,HAVELLS.NS,1281.7,1373.11,1654.06,20.46%,2025-04-07,2025-04-22
2026-08-10 07:27:26,V20_Range_Breakout,ASIANPAINT.NS,2756.1,2645.86,3252.2,22.50%,2026-01-01,2026-01-15
2026-08-10 07:27:26,V20_Range_Breakout,ICICIBANK.NS,1427.9,1370.78,1684.92,22.50%,2026-01-01,2026-01-15
2026-08-10 07:27:26,V20_Range_Breakout,HONAUT.NS,37870.0,28459.53,36446.95,28.07%,2026-05-19,2026-05-22
2026-08-10 07:27:26,V20_Range_Breakout,ABBOTINDIA.NS,27710.0,26601.6,32697.8,22.50%,2026-01-01,2026-01-15
2026-08-10 07:27:26,V20_Range_Breakout,ULTRACEMCO.NS,12106.0,11621.76,14285.08,22.50%,2026-01-01,2026-01-15
2026-08-10 07:27:26,V20_Range_Breakout,MEDANTA.NS,1475.4,1009.64,1259.55,24.75%,2025-04-07,2025-04-08
2026-08-10 07:27:26,V20_Range_Breakout,UBL.NS,1386.3,1330.85,1635.83,22.50%,2026-01-01,2026-01-15
2026-08-10 07:27:26,V20_Range_Breakout,DABUR.NS,412.35,395.86,486.57,22.50%,2026-01-01,2026-01-15
2026-08-10 07:27:26,V20_Range_Breakout,GLAXO.NS,2601.1,1894.45,2642.36,39.48%,2025-02-14,2025-02-20
2026-08-10 07:27:26,V20_Range_Breakout,HDFCLIFE.NS,538.45,516.91,635.37,22.50%,2026-01-01,2026-01-15
2026-08-10 07:27:26,V20_Range_Breakout,INDHOTEL.NS,727.55,698.45,858.51,22.50%,2026-01-01,2026-01-15
2026-08-10 07:27:26,V20_Range_Breakout,CDSL.NS,1334.5,1281.12,1574.71,22.50%,2026-01-01,2026-01-15
2026-08-10 07:27:26,V20_Range_Breakout,BAJAJ-AUTO.NS,11702.0,11233.92,13808.36,22.50%,2026-01-01,2026-01-15
2026-08-10 07:27:26,V20_Range_Breakout,TEAMLEASE.NS,1258.1,2854.65,3478.0,21.84%,2024-07-23,2024-07-29
2026-08-10 07:27:26,V20_Range_Breakout,TITAN.NS,5080.7,4877.47,5995.23,22.50%,2026-01-01,2026-01-15
2026-08-10 07:27:26,V20_Range_Breakout,HCLTECH.NS,1358.7,1304.35,1603.27,22.50%,2026-01-01,2026-01-15
2026-08-10 07:27:26,V20_Range_Breakout,BSE.NS,3598.0,2384.72,2910.33,22.04%,2025-05-29,2025-06-05
2026-08-10 07:27:26,V20_Range_Breakout,RELAXO.NS,424.5,363.7,439.95,20.97%,2026-07-17,2026-07-17
2026-08-10 07:27:26,V20_Range_Breakout,MARICO.NS,853.4,819.26,1007.01,22.50%,2026-01-01,2026-01-15
2026-08-10 07:27:26,V20_Range_Breakout,LT.NS,4060.1,3897.7,4790.92,22.50%,2026-01-01,2026-01-15
2026-08-10 07:27:26,V20_Range_Breakout,AXISBANK.NS,1243.1,1193.38,1466.86,22.50%,2026-01-01,2026-01-15
2026-08-10 07:27:26,V20_Range_Breakout,SBIN.NS,1077.5,1034.4,1271.45,22.50%,2026-01-01,2026-01-15
2026-08-10 07:27:26,V20_Range_Breakout,TCS.NS,2437.6,2340.1,2876.37,22.50%,2026-01-01,2026-01-15
2026-08-10 07:27:26,V20_Range_Breakout,BAJFINANCE.NS,1087.7,1044.19,1283.49,22.50%,2026-01-01,2026-01-15
2026-08-10 07:27:26,V20_Range_Breakout,ICICIPRULI.NS,497.0,477.12,586.46,22.50%,2026-01-01,2026-01-15
2026-08-10 07:27:26,V20_Range_Breakout,M&M.NS,3519.8,3379.01,4153.36,22.50%,2026-01-01,2026-01-15
2026-08-10 07:27:26,V20_Range_Breakout,FORTIS.NS,950.8,912.77,1121.94,22.50%,2026-01-01,2026-01-15
2026-08-10 07:27:26,V20_Range_Breakout,APOLLOHOSP.NS,8917.5,8560.8,10522.65,22.50%,2026-01-01,2026-01-15
2026-08-10 07:27:26,V20_Range_Breakout,BATAINDIA.NS,717.75,689.04,846.94,22.50%,2026-01-01,2026-01-15
2026-08-10 07:27:26,V20_Range_Breakout,KAJARIACER.NS,1191.3,945.5,1178.0,24.59%,2026-04-01,2026-04-15
2026-08-10 07:27:26,V20_Range_Breakout,INFY.NS,1183.5,1136.16,1396.53,22.50%,2026-01-01,2026-01-15
2026-08-10 07:27:26,V20_Range_Breakout,CAMS.NS,791.55,869.97,1044.41,20.05%,2024-11-25,2024-12-05
2026-08-10 07:27:26,V20_Range_Breakout,MRF.NS,134300.0,128928.0,158474.0,22.50%,2026-01-01,2026-01-15
2026-08-10 07:27:26,V20_Range_Breakout,CIPLA.NS,1467.0,1408.32,1731.06,22.50%,2026-01-01,2026-01-15
2026-08-10 07:27:26,V20_Range_Breakout,ERIS.NS,1390.0,1091.34,1389.64,27.33%,2025-04-07,2025-04-11
2026-08-10 07:27:26,V20_Range_Breakout,PGHH.NS,8491.5,8151.84,10019.97,22.50%,2026-01-01,2026-01-15
2026-08-10 07:27:26,V20_Range_Breakout,COLPAL.NS,2017.3,1936.61,2380.41,22.50%,2026-01-01,2026-01-15
2026-08-10 07:27:26,V20_Range_Breakout,HINDUNILVR.NS,2095.7,2011.87,2472.93,22.50%,2026-01-01,2026-01-15
2026-08-10 07:27:26,V20_Range_Breakout,ADANIPORTS.NS,1678.1,1610.98,1980.16,22.50%,2026-01-01,2026-01-15
2026-08-10 07:27:26,V20_Range_Breakout,QUESS.NS,322.75,238.3,299.62,25.73%,2026-06-30,2026-07-07
2026-08-10 07:27:26,V20_Range_Breakout,PFIZER.NS,4889.9,4212.44,5601.44,32.97%,2025-05-19,2025-06-05
2026-08-10 07:27:26,V20_Range_Breakout,UNITDSPR.NS,1529.9,1468.7,1805.28,22.50%,2026-01-01,2026-01-15
2026-08-10 07:27:26,V20_Range_Breakout,PIDILITIND.NS,1684.5,1617.12,1987.71,22.50%,2026-01-01,2026-01-15
2026-08-10 07:27:26,V20_Range_Breakout,ICICIGI.NS,1642.9,1577.18,1938.62,22.50%,2026-01-01,2026-01-15
2026-08-10 07:27:26,V20_Range_Breakout,BAJAJFINSV.NS,2028.5,1947.36,2393.63,22.50%,2026-01-01,2026-01-15
2026-08-10 07:27:26,V20_Range_Breakout,BLUESTARCO.NS,1490.8,1573.78,1911.62,21.47%,2026-04-08,2026-04-20
2026-08-10 07:27:26,V20_Range_Breakout,MCX.NS,2764.0,903.55,1187.07,31.38%,2025-04-07,2025-04-21
2026-08-10 07:27:26,V20_Range_Breakout,HDFCAMC.NS,2562.8,2460.29,3024.1,22.50%,2026-01-01,2026-01-15
2026-08-10 07:27:26,V20_Range_Breakout,SANOFI.NS,3330.7,5620.1,10037.9,78.61%,2024-06-07,2024-06-13
2026-08-10 07:27:26,V20_Range_Breakout,ANGELONE.NS,293.55,227.75,283.32,24.40%,2026-04-01,2026-04-09
2026-08-10 07:27:26,V20_Range_Breakout,DMART.NS,4003.8,3685.1,4562.6,23.81%,2026-03-24,2026-04-06
2026-08-10 07:27:26,V20_Range_Breakout,VBL.NS,444.95,393.99,474.22,20.36%,2026-04-07,2026-04-17
2026-08-10 07:27:26,V20_Range_Breakout,ASTRAZEN.NS,8241.0,7758.7,9954.35,28.30%,2025-05-29,2025-06-05
2026-08-10 07:27:26,V20_Range_Breakout,GILLETTE.NS,7678.5,7265.28,8796.35,21.07%,2025-02-18,2025-02-20
2026-08-10 07:27:26,V20_Range_Breakout,KOTAKBANK.NS,391.95,376.27,462.5,22.50%,2026-01-01,2026-01-15
2026-08-10 11:05:33,V20_Range_Breakout,ITC.NS,282.65,271.34,333.53,22.50%,2026-01-01,2026-01-15
2026-08-10 11:05:33,V20_Range_Breakout,INFY.NS,1183.0,1135.68,1395.94,22.50%,2026-01-01,2026-01-15
2026-08-10 11:05:33,V20_Range_Breakout,ICICIGI.NS,1648.8,1582.85,1945.58,22.50%,2026-01-01,2026-01-15
2026-08-10 11:05:33,V20_Range_Breakout,PGHH.NS,8482.0,8142.72,10008.76,22.50%,2026-01-01,2026-01-15
2026-08-10 11:05:33,V20_Range_Breakout,ASTRAZEN.NS,8090.0,7758.7,9954.35,28.30%,2025-05-29,2025-06-05
2026-08-10 11:05:33,V20_Range_Breakout,BAJAJFINSV.NS,2021.3,1940.45,2385.13,22.50%,2026-01-01,2026-01-15
2026-08-10 11:05:33,V20_Range_Breakout,ACC.NS,1357.6,1303.3,1601.97,22.50%,2026-01-01,2026-01-15
2026-08-10 11:05:33,V20_Range_Breakout,GLAXO.NS,2601.0,1894.45,2642.36,39.48%,2025-02-14,2025-02-20
2026-08-10 11:05:33,V20_Range_Breakout,TEAMLEASE.NS,1253.5,2854.65,3478.0,21.84%,2024-07-23,2024-07-29
2026-08-10 11:05:33,V20_Range_Breakout,HONAUT.NS,38035.0,28459.53,36446.95,28.07%,2026-05-19,2026-05-22
2026-08-10 11:05:33,V20_Range_Breakout,EICHERMOT.NS,7975.0,7656.0,9410.5,22.50%,2026-01-01,2026-01-15
2026-08-10 11:05:33,V20_Range_Breakout,HDFCLIFE.NS,540.0,518.4,637.2,22.50%,2026-01-01,2026-01-15
2026-08-10 11:05:33,V20_Range_Breakout,GILLETTE.NS,7651.5,7265.28,8796.35,21.07%,2025-02-18,2025-02-20
2026-08-10 11:05:33,V20_Range_Breakout,DIXON.NS,14115.0,12749.33,16820.51,31.93%,2025-04-09,2025-04-22
2026-08-10 11:05:33,V20_Range_Breakout,RELAXO.NS,424.45,363.7,439.95,20.97%,2026-07-17,2026-07-17
2026-08-10 11:05:33,V20_Range_Breakout,BATAINDIA.NS,712.85,684.34,841.16,22.50%,2026-01-01,2026-01-15
2026-08-10 11:05:33,V20_Range_Breakout,MARICO.NS,863.5,828.96,1018.93,22.50%,2026-01-01,2026-01-15
2026-08-10 11:05:33,V20_Range_Breakout,UBL.NS,1382.8,1327.49,1631.7,22.50%,2026-01-01,2026-01-15
2026-08-10 11:05:33,V20_Range_Breakout,DMART.NS,4054.0,3685.1,4562.6,23.81%,2026-03-24,2026-04-06
2026-08-10 11:05:33,V20_Range_Breakout,GODREJCP.NS,1033.0,991.68,1218.94,22.50%,2026-01-01,2026-01-15
2026-08-10 11:05:33,V20_Range_Breakout,COLPAL.NS,2019.5,1938.72,2383.01,22.50%,2026-01-01,2026-01-15
2026-08-10 11:05:33,V20_Range_Breakout,CDSL.NS,1332.5,1279.2,1572.35,22.50%,2026-01-01,2026-01-15
2026-08-10 11:05:33,V20_Range_Breakout,BSE.NS,3596.1,2384.72,2910.33,22.04%,2025-05-29,2025-06-05
2026-08-10 11:05:33,V20_Range_Breakout,KOTAKBANK.NS,393.5,377.76,464.33,22.50%,2026-01-01,2026-01-15
2026-08-10 11:05:33,V20_Range_Breakout,UNITDSPR.NS,1522.0,1461.12,1795.96,22.50%,2026-01-01,2026-01-15
2026-08-10 11:05:33,V20_Range_Breakout,ERIS.NS,1393.4,1091.34,1389.64,27.33%,2025-04-07,2025-04-11
2026-08-10 11:05:33,V20_Range_Breakout,JSWINFRA.NS,342.0,328.32,403.56,22.50%,2026-01-01,2026-01-15
2026-08-10 11:05:33,V20_Range_Breakout,ADANIPORTS.NS,1681.0,1613.76,1983.58,22.50%,2026-01-01,2026-01-15
2026-08-10 11:05:33,V20_Range_Breakout,PIDILITIND.NS,1685.0,1617.6,1988.3,22.50%,2026-01-01,2026-01-15
2026-08-10 11:05:33,V20_Range_Breakout,NAM-INDIA.NS,1174.0,304.5,369.14,21.23%,2023-10-09,2023-10-13
2026-08-10 11:05:33,V20_Range_Breakout,MARUTI.NS,14097.0,13533.12,16634.46,22.50%,2026-01-01,2026-01-15
2026-08-10 11:05:33,V20_Range_Breakout,HCLTECH.NS,1357.2,1302.91,1601.5,22.50%,2026-01-01,2026-01-15
2026-08-10 11:05:33,V20_Range_Breakout,PAGEIND.NS,38660.0,37113.6,45618.8,22.50%,2026-01-01,2026-01-15
2026-08-10 11:05:33,V20_Range_Breakout,VBL.NS,445.5,393.99,474.22,20.36%,2026-04-07,2026-04-17
2026-08-10 11:05:33,V20_Range_Breakout,ABBOTINDIA.NS,27535.0,26433.6,32491.3,22.50%,2026-01-01,2026-01-15
2026-08-10 11:05:33,V20_Range_Breakout,TCS.NS,2425.7,2328.67,2862.33,22.50%,2026-01-01,2026-01-15
2026-08-10 11:05:33,V20_Range_Breakout,ULTRACEMCO.NS,12038.0,11556.48,14204.84,22.50%,2026-01-01,2026-01-15
2026-08-10 11:05:33,V20_Range_Breakout,APOLLOHOSP.NS,8912.0,8555.52,10516.16,22.50%,2026-01-01,2026-01-15
2026-08-10 11:05:33,V20_Range_Breakout,SANOFI.NS,3327.0,5620.1,10037.9,78.61%,2024-06-07,2024-06-13
2026-08-10 11:05:33,V20_Range_Breakout,DABUR.NS,414.2,397.63,488.76,22.50%,2026-01-01,2026-01-15
2026-08-10 11:05:33,V20_Range_Breakout,LT.NS,4080.0,3916.8,4814.4,22.50%,2026-01-01,2026-01-15
2026-08-10 11:05:33,V20_Range_Breakout,BAJFINANCE.NS,1102.2,1058.11,1300.6,22.50%,2026-01-01,2026-01-15
2026-08-10 11:05:33,V20_Range_Breakout,LALPATHLAB.NS,1954.0,1875.84,2305.72,22.50%,2026-01-01,2026-01-15
2026-08-10 11:05:33,V20_Range_Breakout,AXISBANK.NS,1247.3,1197.41,1471.81,22.50%,2026-01-01,2026-01-15
2026-08-10 11:05:33,V20_Range_Breakout,TITAN.NS,5090.0,4886.4,6006.2,22.50%,2026-01-01,2026-01-15
2026-08-10 11:05:33,V20_Range_Breakout,HYUNDAI.NS,2223.0,2134.08,2623.14,22.50%,2026-01-01,2026-01-15
2026-08-10 11:05:33,V20_Range_Breakout,AWL.NS,196.13,188.28,231.43,22.50%,2026-01-01,2026-01-15
2026-08-10 11:05:33,V20_Range_Breakout,M&M.NS,3517.0,3376.32,4150.06,22.50%,2026-01-01,2026-01-15
2026-08-10 11:05:33,V20_Range_Breakout,NESTLEIND.NS,1528.6,1467.46,1803.75,22.50%,2026-01-01,2026-01-15
2026-08-10 11:05:33,V20_Range_Breakout,BLUESTARCO.NS,1508.0,1573.78,1911.62,21.47%,2026-04-08,2026-04-20
2026-08-10 11:05:33,V20_Range_Breakout,CAMS.NS,789.45,869.97,1044.41,20.05%,2024-11-25,2024-12-05
2026-08-10 11:05:33,V20_Range_Breakout,ASIANPAINT.NS,2750.0,2640.0,3245.0,22.50%,2026-01-01,2026-01-15
2026-08-10 11:05:33,V20_Range_Breakout,QUESS.NS,323.75,238.3,299.62,25.73%,2026-06-30,2026-07-07
2026-08-10 11:05:33,V20_Range_Breakout,INDHOTEL.NS,728.7,699.55,859.87,22.50%,2026-01-01,2026-01-15
2026-08-10 11:05:33,V20_Range_Breakout,FORTIS.NS,945.15,907.34,1115.28,22.50%,2026-01-01,2026-01-15
2026-08-10 11:05:33,V20_Range_Breakout,MRF.NS,133850.0,128496.0,157943.0,22.50%,2026-01-01,2026-01-15
2026-08-10 11:05:33,V20_Range_Breakout,BAJAJ-AUTO.NS,11677.0,11209.92,13778.86,22.50%,2026-01-01,2026-01-15
2026-08-10 11:05:33,V20_Range_Breakout,SBIN.NS,1071.0,1028.16,1263.78,22.50%,2026-01-01,2026-01-15
2026-08-10 11:05:33,V20_Range_Breakout,ICICIPRULI.NS,499.75,479.76,589.7,22.50%,2026-01-01,2026-01-15
2026-08-10 11:05:33,V20_Range_Breakout,JIOFIN.NS,254.0,270.84,345.65,27.62%,2024-02-19,2024-02-23
2026-08-10 11:05:33,V20_Range_Breakout,ANGELONE.NS,294.8,227.75,283.32,24.40%,2026-04-01,2026-04-09
2026-08-10 11:05:33,V20_Range_Breakout,HDFCBANK.NS,731.0,701.76,862.58,22.50%,2026-01-01,2026-01-15
2026-08-10 11:05:33,V20_Range_Breakout,HDFCAMC.NS,2560.0,2457.6,3020.8,22.50%,2026-01-01,2026-01-15
2026-08-10 11:05:33,V20_Range_Breakout,RELIANCE.NS,1327.3,1274.21,1566.21,22.50%,2026-01-01,2026-01-15
2026-08-10 11:05:33,V20_Range_Breakout,MEDANTA.NS,1476.2,1009.64,1259.55,24.75%,2025-04-07,2025-04-08
2026-08-10 11:05:33,V20_Range_Breakout,HINDUNILVR.NS,2087.2,2003.71,2462.9,22.50%,2026-01-01,2026-01-15
2026-08-10 11:05:33,V20_Range_Breakout,BOSCHLTD.NS,43505.0,28929.63,37423.73,29.36%,2026-04-01,2026-04-10
2026-08-10 11:05:33,V20_Range_Breakout,CIPLA.NS,1467.7,1408.99,1731.89,22.50%,2026-01-01,2026-01-15
2026-08-10 11:05:33,V20_Range_Breakout,VOLTAS.NS,1267.9,1125.16,1394.41,23.93%,2025-02-01,2025-02-03
2026-08-10 11:05:33,V20_Range_Breakout,MCX.NS,2759.3,903.55,1187.07,31.38%,2025-04-07,2025-04-21
2026-08-10 11:05:33,V20_Range_Breakout,KAJARIACER.NS,1184.7,945.5,1178.0,24.59%,2026-04-01,2026-04-15
2026-08-10 11:05:33,V20_Range_Breakout,RADICO.NS,4550.0,2704.0,3357.55,24.17%,2026-04-10,2026-04-20
2026-08-10 11:05:33,V20_Range_Breakout,HAVELLS.NS,1285.0,1373.11,1654.06,20.46%,2025-04-07,2025-04-22
2026-08-10 11:05:33,V20_Range_Breakout,PFIZER.NS,4877.6,4212.44,5601.44,32.97%,2025-05-19,2025-06-05
2026-08-10 11:05:33,V20_Range_Breakout,ICICIBANK.NS,1431.8,1374.53,1689.52,22.50%,2026-01-01,2026-01-15
2026-08-11 07:02:33,V20_Range_Breakout,RELIANCE.NS,1321.2,1268.35,1559.02,22.50%,2026-01-01,2026-01-15
2026-08-11 07:02:33,V20_Range_Breakout,GILLETTE.NS,7621.0,7265.28,8796.35,21.07%,2025-02-18,2025-02-20
2026-08-11 07:02:33,V20_Range_Breakout,RADICO.NS,4536.2,2704.0,3357.55,24.17%,2026-04-10,2026-04-20
2026-08-11 07:02:33,V20_Range_Breakout,TITAN.NS,5133.7,4928.35,6057.77,22.50%,2026-01-01,2026-01-15
2026-08-11 07:02:33,V20_Range_Breakout,AXISBANK.NS,1229.5,1180.32,1450.81,22.50%,2026-01-01,2026-01-15
2026-08-11 07:02:33,V20_Range_Breakout,SBIN.NS,1066.4,1023.74,1258.35,22.50%,2026-01-01,2026-01-15
2026-08-11 07:02:33,V20_Range_Breakout,CIPLA.NS,1460.5,1402.08,1723.39,22.50%,2026-01-01,2026-01-15
2026-08-11 07:02:33,V20_Range_Breakout,MEDANTA.NS,1447.6,1009.64,1259.55,24.75%,2025-04-07,2025-04-08
2026-08-11 07:02:33,V20_Range_Breakout,AWL.NS,193.37,185.64,228.18,22.50%,2026-01-01,2026-01-15
2026-08-11 07:02:33,V20_Range_Breakout,DABUR.NS,412.0,395.52,486.16,22.50%,2026-01-01,2026-01-15
2026-08-11 07:02:33,V20_Range_Breakout,HYUNDAI.NS,2222.1,2133.22,2622.08,22.50%,2026-01-01,2026-01-15
2026-08-11 07:02:33,V20_Range_Breakout,LT.NS,4042.1,3880.42,4769.68,22.50%,2026-01-01,2026-01-15
2026-08-11 07:02:33,V20_Range_Breakout,ITC.NS,281.3,270.05,331.93,22.50%,2026-01-01,2026-01-15
2026-08-11 07:02:33,V20_Range_Breakout,ICICIBANK.NS,1416.0,1359.36,1670.88,22.50%,2026-01-01,2026-01-15
2026-08-11 07:02:33,V20_Range_Breakout,PFIZER.NS,4884.3,4212.44,5601.44,32.97%,2025-05-19,2025-06-05
2026-08-11 07:02:33,V20_Range_Breakout,BAJFINANCE.NS,1090.3,1046.69,1286.55,22.50%,2026-01-01,2026-01-15
2026-08-11 07:02:33,V20_Range_Breakout,EICHERMOT.NS,8049.0,7727.04,9497.82,22.50%,2026-01-01,2026-01-15
2026-08-11 07:02:33,V20_Range_Breakout,ASIANPAINT.NS,2746.9,2637.02,3241.34,22.50%,2026-01-01,2026-01-15
2026-08-11 07:02:33,V20_Range_Breakout,FORTIS.NS,931.1,893.86,1098.7,22.50%,2026-01-01,2026-01-15
2026-08-11 07:02:33,V20_Range_Breakout,PGHH.NS,8464.5,8125.92,9988.11,22.50%,2026-01-01,2026-01-15
2026-08-11 07:02:33,V20_Range_Breakout,BOSCHLTD.NS,45580.0,28929.63,37423.73,29.36%,2026-04-01,2026-04-10
2026-08-11 07:02:33,V20_Range_Breakout,RELAXO.NS,425.0,363.7,439.95,20.97%,2026-07-17,2026-07-17
2026-08-11 07:02:33,V20_Range_Breakout,INDHOTEL.NS,723.25,694.32,853.43,22.50%,2026-01-01,2026-01-15
2026-08-11 07:02:33,V20_Range_Breakout,MRF.NS,130120.0,124915.2,153541.6,22.50%,2026-01-01,2026-01-15
2026-08-11 07:02:33,V20_Range_Breakout,INFY.NS,1191.9,1144.22,1406.44,22.50%,2026-01-01,2026-01-15
2026-08-11 07:02:33,V20_Range_Breakout,DIXON.NS,14061.0,12749.33,16820.51,31.93%,2025-04-09,2025-04-22
2026-08-11 07:02:33,V20_Range_Breakout,SANOFI.NS,3307.2,5620.1,10037.9,78.61%,2024-06-07,2024-06-13
2026-08-11 07:02:33,V20_Range_Breakout,HONAUT.NS,37800.0,28459.53,36446.95,28.07%,2026-05-19,2026-05-22
2026-08-11 07:02:33,V20_Range_Breakout,COLPAL.NS,2004.9,1924.7,2365.78,22.50%,2026-01-01,2026-01-15
2026-08-11 07:02:33,V20_Range_Breakout,M&M.NS,3502.4,3362.3,4132.83,22.50%,2026-01-01,2026-01-15
2026-08-11 07:02:33,V20_Range_Breakout,VBL.NS,444.5,393.99,474.22,20.36%,2026-04-07,2026-04-17
2026-08-11 07:02:33,V20_Range_Breakout,HCLTECH.NS,1367.4,1312.7,1613.53,22.50%,2026-01-01,2026-01-15
2026-08-11 07:02:33,V20_Range_Breakout,LALPATHLAB.NS,1949.5,1871.52,2300.41,22.50%,2026-01-01,2026-01-15
2026-08-11 07:02:33,V20_Range_Breakout,HAVELLS.NS,1271.1,1373.11,1654.06,20.46%,2025-04-07,2025-04-22
2026-08-11 07:02:33,V20_Range_Breakout,CAMS.NS,791.15,869.97,1044.41,20.05%,2024-11-25,2024-12-05
2026-08-11 07:02:33,V20_Range_Breakout,BATAINDIA.NS,700.5,672.48,826.59,22.50%,2026-01-01,2026-01-15
2026-08-11 07:02:33,V20_Range_Breakout,PIDILITIND.NS,1673.1,1606.18,1974.26,22.50%,2026-01-01,2026-01-15
2026-08-11 07:02:33,V20_Range_Breakout,KOTAKBANK.NS,388.7,373.15,458.67,22.50%,2026-01-01,2026-01-15
2026-08-11 07:02:33,V20_Range_Breakout,BLUESTARCO.NS,1500.5,1573.78,1911.62,21.47%,2026-04-08,2026-04-20
2026-08-11 07:02:33,V20_Range_Breakout,MARUTI.NS,14129.0,13563.84,16672.22,22.50%,2026-01-01,2026-01-15
2026-08-11 07:02:33,V20_Range_Breakout,JIOFIN.NS,252.65,270.84,345.65,27.62%,2024-02-19,2024-02-23
2026-08-11 07:02:33,V20_Range_Breakout,HDFCAMC.NS,2533.6,2432.26,2989.65,22.50%,2026-01-01,2026-01-15
2026-08-11 07:02:33,V20_Range_Breakout,GLAXO.NS,2608.7,1894.45,2642.36,39.48%,2025-02-14,2025-02-20
2026-08-11 07:02:33,V20_Range_Breakout,ANGELONE.NS,293.35,227.75,283.32,24.40%,2026-04-01,2026-04-09
2026-08-11 07:02:33,V20_Range_Breakout,ERIS.NS,1403.7,1091.34,1389.64,27.33%,2025-04-07,2025-04-11
2026-08-11 07:02:33,V20_Range_Breakout,JSWINFRA.NS,342.3,328.61,403.91,22.50%,2026-01-01,2026-01-15
2026-08-11 07:02:33,V20_Range_Breakout,BAJAJFINSV.NS,2027.0,1945.92,2391.86,22.50%,2026-01-01,2026-01-15
2026-08-11 07:02:33,V20_Range_Breakout,PAGEIND.NS,38550.0,37008.0,45489.0,22.50%,2026-01-01,2026-01-15
2026-08-11 07:02:33,V20_Range_Breakout,VOLTAS.NS,1277.6,1125.16,1394.41,23.93%,2025-02-01,2025-02-03
2026-08-11 07:02:33,V20_Range_Breakout,MCX.NS,2849.4,903.55,1187.07,31.38%,2025-04-07,2025-04-21
2026-08-11 07:02:33,V20_Range_Breakout,NESTLEIND.NS,1503.3,1443.17,1773.89,22.50%,2026-01-01,2026-01-15
2026-08-11 07:02:33,V20_Range_Breakout,ICICIGI.NS,1638.4,1572.86,1933.31,22.50%,2026-01-01,2026-01-15
2026-08-11 07:02:33,V20_Range_Breakout,ACC.NS,1346.7,1292.83,1589.11,22.50%,2026-01-01,2026-01-15
2026-08-11 07:02:33,V20_Range_Breakout,TCS.NS,2440.9,2343.26,2880.26,22.50%,2026-01-01,2026-01-15
2026-08-11 07:02:33,V20_Range_Breakout,DMART.NS,4057.0,3685.1,4562.6,23.81%,2026-03-24,2026-04-06
2026-08-11 07:02:33,V20_Range_Breakout,BAJAJ-AUTO.NS,11729.0,11259.84,13840.22,22.50%,2026-01-01,2026-01-15
2026-08-11 07:02:33,V20_Range_Breakout,ASTRAZEN.NS,7975.0,7758.7,9954.35,28.30%,2025-05-29,2025-06-05
2026-08-11 07:02:33,V20_Range_Breakout,UNITDSPR.NS,1520.5,1459.68,1794.19,22.50%,2026-01-01,2026-01-15
2026-08-11 07:02:33,V20_Range_Breakout,APOLLOHOSP.NS,8715.0,8366.4,10283.7,22.50%,2026-01-01,2026-01-15
2026-08-11 07:02:33,V20_Range_Breakout,TEAMLEASE.NS,1251.5,2854.65,3478.0,21.84%,2024-07-23,2024-07-29
2026-08-11 07:02:33,V20_Range_Breakout,MARICO.NS,855.2,820.99,1009.14,22.50%,2026-01-01,2026-01-15
2026-08-11 07:02:33,V20_Range_Breakout,ADANIPORTS.NS,1670.1,1603.3,1970.72,22.50%,2026-01-01,2026-01-15
2026-08-11 07:02:33,V20_Range_Breakout,HDFCBANK.NS,727.95,698.83,858.98,22.50%,2026-01-01,2026-01-15
2026-08-11 07:02:33,V20_Range_Breakout,NAM-INDIA.NS,1177.6,304.5,369.14,21.23%,2023-10-09,2023-10-13
2026-08-11 07:02:33,V20_Range_Breakout,ABBOTINDIA.NS,27645.0,26539.2,32621.1,22.50%,2026-01-01,2026-01-15
2026-08-11 07:02:33,V20_Range_Breakout,HDFCLIFE.NS,533.25,511.92,629.24,22.50%,2026-01-01,2026-01-15
2026-08-11 07:02:33,V20_Range_Breakout,ICICIPRULI.NS,497.55,477.65,587.11,22.50%,2026-01-01,2026-01-15
2026-08-11 07:02:33,V20_Range_Breakout,HINDUNILVR.NS,2071.2,1988.35,2444.02,22.50%,2026-01-01,2026-01-15
2026-08-11 07:02:33,V20_Range_Breakout,BSE.NS,3602.2,2384.72,2910.33,22.04%,2025-05-29,2025-06-05
2026-08-11 07:02:33,V20_Range_Breakout,ULTRACEMCO.NS,11792.0,11320.32,13914.56,22.50%,2026-01-01,2026-01-15
2026-08-11 07:02:33,V20_Range_Breakout,QUESS.NS,332.1,238.3,299.62,25.73%,2026-06-30,2026-07-07
2026-08-11 07:02:33,V20_Range_Breakout,GODREJCP.NS,1018.6,977.86,1201.95,22.50%,2026-01-01,2026-01-15
2026-08-11 07:02:33,V20_Range_Breakout,KAJARIACER.NS,1211.2,945.5,1178.0,24.59%,2026-04-01,2026-04-15
2026-08-11 07:02:33,V20_Range_Breakout,UBL.NS,1396.4,1340.54,1647.75,22.50%,2026-01-01,2026-01-15
2026-08-11 07:02:33,V20_Range_Breakout,CDSL.NS,1345.0,1291.2,1587.1,22.50%,2026-01-01,2026-01-15
2026-08-11 10:47:59,V20_Range_Breakout,HAVELLS.NS,1274.4,1373.11,1654.06,20.46%,2025-04-07,2025-04-22
2026-08-11 10:47:59,V20_Range_Breakout,MCX.NS,2895.0,903.55,1187.07,31.38%,2025-04-07,2025-04-21
2026-08-11 10:47:59,V20_Range_Breakout,ACC.NS,1339.8,1286.21,1580.96,22.50%,2026-01-01,2026-01-15
2026-08-11 10:47:59,V20_Range_Breakout,LT.NS,4037.4,3875.9,4764.13,22.50%,2026-01-01,2026-01-15
2026-08-11 10:47:59,V20_Range_Breakout,GLAXO.NS,2601.9,1894.45,2642.36,39.48%,2025-02-14,2025-02-20
2026-08-11 10:47:59,V20_Range_Breakout,HONAUT.NS,37935.0,28459.53,36446.95,28.07%,2026-05-19,2026-05-22
2026-08-11 10:47:59,V20_Range_Breakout,NAM-INDIA.NS,1171.3,304.5,369.14,21.23%,2023-10-09,2023-10-13
2026-08-11 10:47:59,V20_Range_Breakout,RELAXO.NS,421.65,363.7,439.95,20.97%,2026-07-17,2026-07-17
2026-08-11 10:47:59,V20_Range_Breakout,SBIN.NS,1066.0,1023.36,1257.88,22.50%,2026-01-01,2026-01-15
2026-08-11 10:47:59,V20_Range_Breakout,ICICIGI.NS,1643.5,1577.76,1939.33,22.50%,2026-01-01,2026-01-15
2026-08-11 10:47:59,V20_Range_Breakout,NESTLEIND.NS,1493.2,1433.47,1761.98,22.50%,2026-01-01,2026-01-15
2026-08-11 10:47:59,V20_Range_Breakout,ABBOTINDIA.NS,28020.0,26899.2,33063.6,22.50%,2026-01-01,2026-01-15
2026-08-11 10:47:59,V20_Range_Breakout,BOSCHLTD.NS,45185.0,28929.63,37423.73,29.36%,2026-04-01,2026-04-10
2026-08-11 10:47:59,V20_Range_Breakout,ASIANPAINT.NS,2735.5,2626.08,3227.89,22.50%,2026-01-01,2026-01-15
2026-08-11 10:47:59,V20_Range_Breakout,LALPATHLAB.NS,1949.9,1871.9,2300.88,22.50%,2026-01-01,2026-01-15
2026-08-11 10:47:59,V20_Range_Breakout,BATAINDIA.NS,699.85,671.86,825.82,22.50%,2026-01-01,2026-01-15
2026-08-11 10:47:59,V20_Range_Breakout,MARUTI.NS,13990.0,13430.4,16508.2,22.50%,2026-01-01,2026-01-15
2026-08-11 10:47:59,V20_Range_Breakout,PGHH.NS,8455.0,8116.8,9976.9,22.50%,2026-01-01,2026-01-15
2026-08-11 10:47:59,V20_Range_Breakout,ANGELONE.NS,291.4,227.75,283.32,24.40%,2026-04-01,2026-04-09
2026-08-11 10:47:59,V20_Range_Breakout,GODREJCP.NS,1025.0,984.0,1209.5,22.50%,2026-01-01,2026-01-15
2026-08-11 10:47:59,V20_Range_Breakout,RADICO.NS,4545.0,2704.0,3357.55,24.17%,2026-04-10,2026-04-20
2026-08-11 10:47:59,V20_Range_Breakout,AXISBANK.NS,1229.8,1180.61,1451.16,22.50%,2026-01-01,2026-01-15
2026-08-11 10:47:59,V20_Range_Breakout,PAGEIND.NS,38440.0,36902.4,45359.2,22.50%,2026-01-01,2026-01-15
2026-08-11 10:47:59,V20_Range_Breakout,HDFCBANK.NS,729.0,699.84,860.22,22.50%,2026-01-01,2026-01-15
2026-08-11 10:47:59,V20_Range_Breakout,BLUESTARCO.NS,1497.9,1573.78,1911.62,21.47%,2026-04-08,2026-04-20
2026-08-11 10:47:59,V20_Range_Breakout,KAJARIACER.NS,1225.6,945.5,1178.0,24.59%,2026-04-01,2026-04-15
2026-08-11 10:47:59,V20_Range_Breakout,ICICIBANK.NS,1429.6,1372.42,1686.93,22.50%,2026-01-01,2026-01-15
2026-08-11 10:47:59,V20_Range_Breakout,MARICO.NS,855.0,820.8,1008.9,22.50%,2026-01-01,2026-01-15
2026-08-11 10:47:59,V20_Range_Breakout,QUESS.NS,324.2,238.3,299.62,25.73%,2026-06-30,2026-07-07
2026-08-11 10:47:59,V20_Range_Breakout,DABUR.NS,412.65,396.14,486.93,22.50%,2026-01-01,2026-01-15
2026-08-11 10:47:59,V20_Range_Breakout,CDSL.NS,1347.0,1293.12,1589.46,22.50%,2026-01-01,2026-01-15
2026-08-11 10:47:59,V20_Range_Breakout,HINDUNILVR.NS,2064.9,1982.3,2436.58,22.50%,2026-01-01,2026-01-15
2026-08-11 10:47:59,V20_Range_Breakout,PIDILITIND.NS,1685.8,1618.37,1989.24,22.50%,2026-01-01,2026-01-15
2026-08-11 10:47:59,V20_Range_Breakout,HYUNDAI.NS,2200.0,2112.0,2596.0,22.50%,2026-01-01,2026-01-15
2026-08-11 10:47:59,V20_Range_Breakout,ICICIPRULI.NS,501.5,481.44,591.77,22.50%,2026-01-01,2026-01-15
2026-08-11 10:47:59,V20_Range_Breakout,ITC.NS,279.0,267.84,329.22,22.50%,2026-01-01,2026-01-15
2026-08-11 10:47:59,V20_Range_Breakout,COLPAL.NS,2008.0,1927.68,2369.44,22.50%,2026-01-01,2026-01-15
2026-08-11 10:47:59,V20_Range_Breakout,BAJAJ-AUTO.NS,11717.0,11248.32,13826.06,22.50%,2026-01-01,2026-01-15
2026-08-11 10:47:59,V20_Range_Breakout,SANOFI.NS,3303.2,5620.1,10037.9,78.61%,2024-06-07,2024-06-13
2026-08-11 10:47:59,V20_Range_Breakout,CAMS.NS,788.0,869.97,1044.41,20.05%,2024-11-25,2024-12-05
2026-08-11 10:47:59,V20_Range_Breakout,ERIS.NS,1390.3,1091.34,1389.64,27.33%,2025-04-07,2025-04-11
2026-08-11 10:47:59,V20_Range_Breakout,AWL.NS,192.86,185.15,227.57,22.50%,2026-01-01,2026-01-15
2026-08-11 10:47:59,V20_Range_Breakout,UNITDSPR.NS,1548.7,1486.75,1827.47,22.50%,2026-01-01,2026-01-15
2026-08-11 10:47:59,V20_Range_Breakout,HDFCLIFE.NS,536.0,514.56,632.48,22.50%,2026-01-01,2026-01-15
2026-08-11 10:47:59,V20_Range_Breakout,MEDANTA.NS,1440.4,1009.64,1259.55,24.75%,2025-04-07,2025-04-08
2026-08-11 10:47:59,V20_Range_Breakout,M&M.NS,3460.1,3321.7,4082.92,22.50%,2026-01-01,2026-01-15
2026-08-11 10:47:59,V20_Range_Breakout,KOTAKBANK.NS,392.9,377.18,463.62,22.50%,2026-01-01,2026-01-15
2026-08-11 10:47:59,V20_Range_Breakout,DMART.NS,4054.9,3685.1,4562.6,23.81%,2026-03-24,2026-04-06
2026-08-11 10:47:59,V20_Range_Breakout,EICHERMOT.NS,8000.0,7680.0,9440.0,22.50%,2026-01-01,2026-01-15
2026-08-11 10:47:59,V20_Range_Breakout,HDFCAMC.NS,2515.0,2414.4,2967.7,22.50%,2026-01-01,2026-01-15
2026-08-11 10:47:59,V20_Range_Breakout,INFY.NS,1190.7,1143.07,1405.03,22.50%,2026-01-01,2026-01-15
2026-08-11 10:47:59,V20_Range_Breakout,UBL.NS,1400.0,1344.0,1652.0,22.50%,2026-01-01,2026-01-15
2026-08-11 10:47:59,V20_Range_Breakout,VOLTAS.NS,1280.0,1125.16,1394.41,23.93%,2025-02-01,2025-02-03
2026-08-11 10:47:59,V20_Range_Breakout,CIPLA.NS,1463.0,1404.48,1726.34,22.50%,2026-01-01,2026-01-15
2026-08-11 10:47:59,V20_Range_Breakout,BAJFINANCE.NS,1093.3,1049.57,1290.09,22.50%,2026-01-01,2026-01-15
2026-08-11 10:47:59,V20_Range_Breakout,PFIZER.NS,4898.5,4212.44,5601.44,32.97%,2025-05-19,2025-06-05
2026-08-11 10:47:59,V20_Range_Breakout,ASTRAZEN.NS,7946.5,7758.7,9954.35,28.30%,2025-05-29,2025-06-05
2026-08-11 10:47:59,V20_Range_Breakout,BSE.NS,3605.0,2384.72,2910.33,22.04%,2025-05-29,2025-06-05
2026-08-11 10:47:59,V20_Range_Breakout,ADANIPORTS.NS,1668.2,1601.47,1968.48,22.50%,2026-01-01,2026-01-15
2026-08-11 10:47:59,V20_Range_Breakout,VBL.NS,437.0,393.99,474.22,20.36%,2026-04-07,2026-04-17
2026-08-11 10:47:59,V20_Range_Breakout,ULTRACEMCO.NS,11780.0,11308.8,13900.4,22.50%,2026-01-01,2026-01-15
2026-08-11 10:47:59,V20_Range_Breakout,MRF.NS,131125.0,125880.0,154727.5,22.50%,2026-01-01,2026-01-15
2026-08-11 10:47:59,V20_Range_Breakout,TCS.NS,2445.7,2347.87,2885.93,22.50%,2026-01-01,2026-01-15
2026-08-11 10:47:59,V20_Range_Breakout,TITAN.NS,5128.0,4922.88,6051.04,22.50%,2026-01-01,2026-01-15
2026-08-11 10:47:59,V20_Range_Breakout,INDHOTEL.NS,724.0,695.04,854.32,22.50%,2026-01-01,2026-01-15
2026-08-11 10:47:59,V20_Range_Breakout,DIXON.NS,14023.0,12749.33,16820.51,31.93%,2025-04-09,2025-04-22
2026-08-11 10:47:59,V20_Range_Breakout,GILLETTE.NS,7641.5,7265.28,8796.35,21.07%,2025-02-18,2025-02-20
2026-08-11 10:47:59,V20_Range_Breakout,FORTIS.NS,935.2,897.79,1103.54,22.50%,2026-01-01,2026-01-15
2026-08-11 10:47:59,V20_Range_Breakout,RELIANCE.NS,1323.9,1270.94,1562.2,22.50%,2026-01-01,2026-01-15
2026-08-11 10:47:59,V20_Range_Breakout,BAJAJFINSV.NS,2032.0,1950.72,2397.76,22.50%,2026-01-01,2026-01-15
2026-08-11 10:47:59,V20_Range_Breakout,JSWINFRA.NS,341.85,328.18,403.38,22.50%,2026-01-01,2026-01-15
2026-08-11 10:47:59,V20_Range_Breakout,APOLLOHOSP.NS,8750.5,8400.48,10325.59,22.50%,2026-01-01,2026-01-15
2026-08-11 10:47:59,V20_Range_Breakout,JIOFIN.NS,252.75,270.84,345.65,27.62%,2024-02-19,2024-02-23
2026-08-11 10:47:59,V20_Range_Breakout,TEAMLEASE.NS,1246.6,2854.65,3478.0,21.84%,2024-07-23,2024-07-29
2026-08-11 10:47:59,V20_Range_Breakout,HCLTECH.NS,1365.4,1310.78,1611.17,22.50%,2026-01-01,2026-01-15
2026-08-12 07:20:44,V20_Range_Breakout,MARUTI.NS,13982.0,13422.72,16498.76,22.50%,2026-01-01,2026-01-15
2026-08-12 07:20:44,V20_Range_Breakout,APOLLOHOSP.NS,8528.5,8187.36,10063.63,22.50%,2026-01-01,2026-01-15
2026-08-12 07:20:44,V20_Range_Breakout,ULTRACEMCO.NS,11677.0,11209.92,13778.86,22.50%,2026-01-01,2026-01-15
2026-08-12 07:20:44,V20_Range_Breakout,ERIS.NS,1358.6,1091.34,1389.64,27.33%,2025-04-07,2025-04-11
2026-08-12 07:20:44,V20_Range_Breakout,JSWINFRA.NS,351.4,337.34,414.65,22.50%,2026-01-01,2026-01-15
2026-08-12 07:20:44,V20_Range_Breakout,ICICIGI.NS,1642.0,1576.32,1937.56,22.50%,2026-01-01,2026-01-15
2026-08-12 07:20:44,V20_Range_Breakout,HYUNDAI.NS,2228.0,2138.88,2629.04,22.50%,2026-01-01,2026-01-15
2026-08-12 07:20:44,V20_Range_Breakout,VOLTAS.NS,1283.3,1125.16,1394.41,23.93%,2025-02-01,2025-02-03
2026-08-12 07:20:44,V20_Range_Breakout,NAM-INDIA.NS,1170.0,304.5,369.14,21.23%,2023-10-09,2023-10-13
2026-08-12 07:20:44,V20_Range_Breakout,INDHOTEL.NS,717.3,688.61,846.41,22.50%,2026-01-01,2026-01-15
2026-08-12 07:20:44,V20_Range_Breakout,NESTLEIND.NS,1507.1,1446.82,1778.38,22.50%,2026-01-01,2026-01-15
2026-08-12 07:20:44,V20_Range_Breakout,MEDANTA.NS,1403.5,1009.64,1259.55,24.75%,2025-04-07,2025-04-08
2026-08-12 07:20:44,V20_Range_Breakout,HDFCBANK.NS,722.9,693.98,853.02,22.50%,2026-01-01,2026-01-15
2026-08-12 07:20:44,V20_Range_Breakout,SBIN.NS,1082.8,1039.49,1277.7,22.50%,2026-01-01,2026-01-15
2026-08-12 07:20:44,V20_Range_Breakout,VBL.NS,435.7,393.99,474.22,20.36%,2026-04-07,2026-04-17
2026-08-12 07:20:44,V20_Range_Breakout,ANGELONE.NS,286.7,227.75,283.32,24.40%,2026-04-01,2026-04-09
2026-08-12 07:20:44,V20_Range_Breakout,BLUESTARCO.NS,1494.9,1573.78,1911.62,21.47%,2026-04-08,2026-04-20
2026-08-12 07:20:44,V20_Range_Breakout,TCS.NS,2335.2,2241.79,2755.54,22.50%,2026-01-01,2026-01-15
2026-08-12 07:20:44,V20_Range_Breakout,ABBOTINDIA.NS,28100.0,26976.0,33158.0,22.50%,2026-01-01,2026-01-15
2026-08-12 07:20:44,V20_Range_Breakout,AXISBANK.NS,1219.1,1170.34,1438.54,22.50%,2026-01-01,2026-01-15
2026-08-12 07:20:44,V20_Range_Breakout,ITC.NS,277.0,265.92,326.86,22.50%,2026-01-01,2026-01-15
2026-08-12 07:20:44,V20_Range_Breakout,HDFCLIFE.NS,531.6,510.34,627.29,22.50%,2026-01-01,2026-01-15
2026-08-12 07:20:44,V20_Range_Breakout,HONAUT.NS,37720.0,28459.53,36446.95,28.07%,2026-05-19,2026-05-22
2026-08-12 07:20:44,V20_Range_Breakout,GODREJCP.NS,914.3,877.73,1078.87,22.50%,2026-01-01,2026-01-15
2026-08-12 07:20:44,V20_Range_Breakout,ADANIPORTS.NS,1642.6,1576.9,1938.27,22.50%,2026-01-01,2026-01-15
2026-08-12 07:20:44,V20_Range_Breakout,TEAMLEASE.NS,1255.7,2854.65,3478.0,21.84%,2024-07-23,2024-07-29
2026-08-12 07:20:44,V20_Range_Breakout,DIXON.NS,13733.0,12749.33,16820.51,31.93%,2025-04-09,2025-04-22
2026-08-12 07:20:44,V20_Range_Breakout,HDFCAMC.NS,2486.3,2386.85,2933.83,22.50%,2026-01-01,2026-01-15
2026-08-12 07:20:44,V20_Range_Breakout,KOTAKBANK.NS,390.2,374.59,460.44,22.50%,2026-01-01,2026-01-15
2026-08-12 07:20:44,V20_Range_Breakout,JIOFIN.NS,251.25,270.84,345.65,27.62%,2024-02-19,2024-02-23
2026-08-12 07:20:44,V20_Range_Breakout,UNITDSPR.NS,1520.8,1459.97,1794.54,22.50%,2026-01-01,2026-01-15
2026-08-12 07:20:44,V20_Range_Breakout,DMART.NS,4041.0,3685.1,4562.6,23.81%,2026-03-24,2026-04-06
2026-08-12 07:20:44,V20_Range_Breakout,KAJARIACER.NS,1248.9,945.5,1178.0,24.59%,2026-04-01,2026-04-15
2026-08-12 07:20:44,V20_Range_Breakout,ASIANPAINT.NS,2729.9,2620.7,3221.28,22.50%,2026-01-01,2026-01-15
2026-08-12 07:20:44,V20_Range_Breakout,DABUR.NS,405.95,389.71,479.02,22.50%,2026-01-01,2026-01-15
2026-08-12 07:20:44,V20_Range_Breakout,UBL.NS,1390.9,1335.26,1641.26,22.50%,2026-01-01,2026-01-15
2026-08-12 07:20:44,V20_Range_Breakout,MARICO.NS,842.7,808.99,994.39,22.50%,2026-01-01,2026-01-15
2026-08-12 07:20:44,V20_Range_Breakout,BOSCHLTD.NS,46530.0,28929.63,37423.73,29.36%,2026-04-01,2026-04-10
2026-08-12 07:20:44,V20_Range_Breakout,MRF.NS,130810.0,125577.6,154355.8,22.50%,2026-01-01,2026-01-15
2026-08-12 07:20:44,V20_Range_Breakout,BAJAJ-AUTO.NS,11750.0,11280.0,13865.0,22.50%,2026-01-01,2026-01-15
2026-08-12 07:20:44,V20_Range_Breakout,BSE.NS,3518.1,2384.72,2910.33,22.04%,2025-05-29,2025-06-05
2026-08-12 07:20:44,V20_Range_Breakout,PIDILITIND.NS,1693.6,1625.86,1998.45,22.50%,2026-01-01,2026-01-15
2026-08-12 07:20:44,V20_Range_Breakout,HCLTECH.NS,1357.6,1303.3,1601.97,22.50%,2026-01-01,2026-01-15
2026-08-12 07:20:44,V20_Range_Breakout,BAJAJFINSV.NS,2009.1,1928.74,2370.74,22.50%,2026-01-01,2026-01-15
2026-08-12 07:20:44,V20_Range_Breakout,ICICIBANK.NS,1424.4,1367.42,1680.79,22.50%,2026-01-01,2026-01-15
2026-08-12 07:20:44,V20_Range_Breakout,CAMS.NS,775.2,869.97,1044.41,20.05%,2024-11-25,2024-12-05
2026-08-12 07:20:44,V20_Range_Breakout,CIPLA.NS,1465.0,1406.4,1728.7,22.50%,2026-01-01,2026-01-15
2026-08-12 07:20:44,V20_Range_Breakout,PAGEIND.NS,38410.0,36873.6,45323.8,22.50%,2026-01-01,2026-01-15
2026-08-12 07:20:44,V20_Range_Breakout,BAJFINANCE.NS,1082.8,1039.49,1277.7,22.50%,2026-01-01,2026-01-15
2026-08-12 07:20:44,V20_Range_Breakout,BATAINDIA.NS,709.45,681.07,837.15,22.50%,2026-01-01,2026-01-15
2026-08-12 07:20:44,V20_Range_Breakout,PFIZER.NS,5103.7,4212.44,5601.44,32.97%,2025-05-19,2025-06-05
2026-08-12 07:20:44,V20_Range_Breakout,ICICIPRULI.NS,498.2,478.27,587.88,22.50%,2026-01-01,2026-01-15
2026-08-12 07:20:44,V20_Range_Breakout,RELIANCE.NS,1313.0,1260.48,1549.34,22.50%,2026-01-01,2026-01-15
2026-08-12 07:20:44,V20_Range_Breakout,ASTRAZEN.NS,7926.5,7758.7,9954.35,28.30%,2025-05-29,2025-06-05
2026-08-12 07:20:44,V20_Range_Breakout,HINDUNILVR.NS,2050.7,1968.67,2419.83,22.50%,2026-01-01,2026-01-15
2026-08-12 07:20:44,V20_Range_Breakout,HAVELLS.NS,1261.7,1373.11,1654.06,20.46%,2025-04-07,2025-04-22
2026-08-12 07:20:44,V20_Range_Breakout,GILLETTE.NS,7597.0,7265.28,8796.35,21.07%,2025-02-18,2025-02-20
2026-08-12 07:20:44,V20_Range_Breakout,COLPAL.NS,2001.4,1921.34,2361.65,22.50%,2026-01-01,2026-01-15
2026-08-12 07:20:44,V20_Range_Breakout,CDSL.NS,1338.2,1284.67,1579.08,22.50%,2026-01-01,2026-01-15
2026-08-12 07:20:44,V20_Range_Breakout,AWL.NS,191.92,184.24,226.47,22.50%,2026-01-01,2026-01-15
2026-08-12 07:20:44,V20_Range_Breakout,GLAXO.NS,2621.7,1894.45,2642.36,39.48%,2025-02-14,2025-02-20
2026-08-12 07:20:44,V20_Range_Breakout,LT.NS,3994.4,3834.62,4713.39,22.50%,2026-01-01,2026-01-15
2026-08-12 07:20:44,V20_Range_Breakout,EICHERMOT.NS,7980.5,7661.28,9416.99,22.50%,2026-01-01,2026-01-15
2026-08-12 07:20:44,V20_Range_Breakout,RADICO.NS,4532.2,2704.0,3357.55,24.17%,2026-04-10,2026-04-20
2026-08-12 07:20:44,V20_Range_Breakout,MCX.NS,2959.3,903.55,1187.07,31.38%,2025-04-07,2025-04-21
2026-08-12 07:20:44,V20_Range_Breakout,PGHH.NS,8448.0,8110.08,9968.64,22.50%,2026-01-01,2026-01-15
2026-08-12 07:20:44,V20_Range_Breakout,M&M.NS,3415.3,3278.69,4030.05,22.50%,2026-01-01,2026-01-15
2026-08-12 07:20:44,V20_Range_Breakout,SANOFI.NS,3259.0,5620.1,10037.9,78.61%,2024-06-07,2024-06-13
2026-08-12 07:20:44,V20_Range_Breakout,ACC.NS,1330.1,1276.9,1569.52,22.50%,2026-01-01,2026-01-15
2026-08-12 07:20:44,V20_Range_Breakout,LALPATHLAB.NS,1959.9,1881.5,2312.68,22.50%,2026-01-01,2026-01-15
2026-08-12 07:20:44,V20_Range_Breakout,FORTIS.NS,886.2,850.75,1045.72,22.50%,2026-01-01,2026-01-15
2026-08-12 07:20:44,V20_Range_Breakout,RELAXO.NS,433.65,363.7,439.95,20.97%,2026-07-17,2026-07-17
2026-08-12 07:20:44,V20_Range_Breakout,INFY.NS,1168.2,1121.47,1378.48,22.50%,2026-01-01,2026-01-15
2026-08-12 07:20:44,V20_Range_Breakout,QUESS.NS,332.0,238.3,299.62,25.73%,2026-06-30,2026-07-07
2026-08-12 07:20:44,V20_Range_Breakout,TITAN.NS,5005.6,4805.38,5906.61,22.50%,2026-01-01,2026-01-15
2026-08-12 10:58:43,V20_Range_Breakout,CIPLA.NS,1463.0,1404.48,1726.34,22.50%,2026-01-01,2026-01-15
2026-08-12 10:58:43,V20_Range_Breakout,ICICIBANK.NS,1431.7,1374.43,1689.41,22.50%,2026-01-01,2026-01-15
2026-08-12 10:58:43,V20_Range_Breakout,VBL.NS,440.5,393.99,474.22,20.36%,2026-04-07,2026-04-17
2026-08-12 10:58:43,V20_Range_Breakout,UBL.NS,1388.3,1332.77,1638.19,22.50%,2026-01-01,2026-01-15
2026-08-12 10:58:43,V20_Range_Breakout,BLUESTARCO.NS,1490.0,1573.78,1911.62,21.47%,2026-04-08,2026-04-20
2026-08-12 10:58:43,V20_Range_Breakout,EICHERMOT.NS,8049.0,7727.04,9497.82,22.50%,2026-01-01,2026-01-15
2026-08-12 10:58:43,V20_Range_Breakout,LT.NS,4020.0,3859.2,4743.6,22.50%,2026-01-01,2026-01-15
2026-08-12 10:58:43,V20_Range_Breakout,JSWINFRA.NS,346.6,332.74,408.99,22.50%,2026-01-01,2026-01-15
2026-08-12 10:58:43,V20_Range_Breakout,MRF.NS,130785.0,125553.6,154326.3,22.50%,2026-01-01,2026-01-15
2026-08-12 10:58:43,V20_Range_Breakout,BAJAJFINSV.NS,2020.5,1939.68,2384.19,22.50%,2026-01-01,2026-01-15
2026-08-12 10:58:43,V20_Range_Breakout,BAJFINANCE.NS,1094.2,1050.43,1291.16,22.50%,2026-01-01,2026-01-15
2026-08-12 10:58:43,V20_Range_Breakout,QUESS.NS,334.2,238.3,299.62,25.73%,2026-06-30,2026-07-07
2026-08-12 10:58:43,V20_Range_Breakout,HDFCLIFE.NS,537.0,515.52,633.66,22.50%,2026-01-01,2026-01-15
2026-08-12 10:58:43,V20_Range_Breakout,RELIANCE.NS,1329.0,1275.84,1568.22,22.50%,2026-01-01,2026-01-15
2026-08-12 10:58:43,V20_Range_Breakout,ASIANPAINT.NS,2740.0,2630.4,3233.2,22.50%,2026-01-01,2026-01-15
2026-08-12 10:58:43,V20_Range_Breakout,SANOFI.NS,3243.6,5620.1,10037.9,78.61%,2024-06-07,2024-06-13
2026-08-12 10:58:43,V20_Range_Breakout,GLAXO.NS,2620.2,1894.45,2642.36,39.48%,2025-02-14,2025-02-20
2026-08-12 10:58:43,V20_Range_Breakout,MARUTI.NS,13875.0,13320.0,16372.5,22.50%,2026-01-01,2026-01-15
2026-08-12 10:58:43,V20_Range_Breakout,GILLETTE.NS,7589.5,7265.28,8796.35,21.07%,2025-02-18,2025-02-20
2026-08-12 10:58:43,V20_Range_Breakout,CDSL.NS,1339.0,1285.44,1580.02,22.50%,2026-01-01,2026-01-15
2026-08-12 10:58:43,V20_Range_Breakout,LALPATHLAB.NS,1953.3,1875.17,2304.89,22.50%,2026-01-01,2026-01-15
2026-08-12 10:58:43,V20_Range_Breakout,RELAXO.NS,417.0,363.7,439.95,20.97%,2026-07-17,2026-07-17
2026-08-12 10:58:43,V20_Range_Breakout,COLPAL.NS,2005.0,1924.8,2365.9,22.50%,2026-01-01,2026-01-15
2026-08-12 10:58:43,V20_Range_Breakout,APOLLOHOSP.NS,8597.0,8253.12,10144.46,22.50%,2026-01-01,2026-01-15
2026-08-12 10:58:43,V20_Range_Breakout,MARICO.NS,855.0,820.8,1008.9,22.50%,2026-01-01,2026-01-15
2026-08-12 10:58:43,V20_Range_Breakout,HDFCAMC.NS,2490.0,2390.4,2938.2,22.50%,2026-01-01,2026-01-15
2026-08-12 10:58:43,V20_Range_Breakout,PGHH.NS,8446.0,8108.16,9966.28,22.50%,2026-01-01,2026-01-15
2026-08-12 10:58:43,V20_Range_Breakout,ABBOTINDIA.NS,28140.0,27014.4,33205.2,22.50%,2026-01-01,2026-01-15
2026-08-12 10:58:43,V20_Range_Breakout,SBIN.NS,1082.0,1038.72,1276.76,22.50%,2026-01-01,2026-01-15
2026-08-12 10:58:43,V20_Range_Breakout,NESTLEIND.NS,1507.0,1446.72,1778.26,22.50%,2026-01-01,2026-01-15
2026-08-12 10:58:43,V20_Range_Breakout,ICICIGI.NS,1635.0,1569.6,1929.3,22.50%,2026-01-01,2026-01-15
2026-08-12 10:58:43,V20_Range_Breakout,ADANIPORTS.NS,1665.0,1598.4,1964.7,22.50%,2026-01-01,2026-01-15
2026-08-12 10:58:43,V20_Range_Breakout,AXISBANK.NS,1230.0,1180.8,1451.4,22.50%,2026-01-01,2026-01-15
2026-08-12 10:58:43,V20_Range_Breakout,ERIS.NS,1351.7,1091.34,1389.64,27.33%,2025-04-07,2025-04-11
2026-08-12 10:58:43,V20_Range_Breakout,TCS.NS,2349.7,2255.71,2772.65,22.50%,2026-01-01,2026-01-15
2026-08-12 10:58:43,V20_Range_Breakout,HCLTECH.NS,1365.4,1310.78,1611.17,22.50%,2026-01-01,2026-01-15
2026-08-12 10:58:43,V20_Range_Breakout,INFY.NS,1176.1,1129.06,1387.8,22.50%,2026-01-01,2026-01-15
2026-08-12 10:58:43,V20_Range_Breakout,HINDUNILVR.NS,2063.0,1980.48,2434.34,22.50%,2026-01-01,2026-01-15
2026-08-12 10:58:43,V20_Range_Breakout,ANGELONE.NS,291.0,227.75,283.32,24.40%,2026-04-01,2026-04-09
2026-08-12 10:58:43,V20_Range_Breakout,BOSCHLTD.NS,46480.0,28929.63,37423.73,29.36%,2026-04-01,2026-04-10
2026-08-12 10:58:43,V20_Range_Breakout,HAVELLS.NS,1265.0,1373.11,1654.06,20.46%,2025-04-07,2025-04-22
2026-08-12 10:58:43,V20_Range_Breakout,ULTRACEMCO.NS,11891.0,11415.36,14031.38,22.50%,2026-01-01,2026-01-15
2026-08-12 10:58:43,V20_Range_Breakout,M&M.NS,3403.6,3267.46,4016.25,22.50%,2026-01-01,2026-01-15
2026-08-12 10:58:43,V20_Range_Breakout,TEAMLEASE.NS,1257.2,2854.65,3478.0,21.84%,2024-07-23,2024-07-29
2026-08-12 10:58:43,V20_Range_Breakout,PFIZER.NS,5017.6,4212.44,5601.44,32.97%,2025-05-19,2025-06-05
2026-08-12 10:58:43,V20_Range_Breakout,HDFCBANK.NS,729.0,699.84,860.22,22.50%,2026-01-01,2026-01-15
2026-08-12 10:58:43,V20_Range_Breakout,JIOFIN.NS,256.05,270.84,345.65,27.62%,2024-02-19,2024-02-23
2026-08-12 10:58:43,V20_Range_Breakout,NAM-INDIA.NS,1182.3,304.5,369.14,21.23%,2023-10-09,2023-10-13
2026-08-12 10:58:43,V20_Range_Breakout,UNITDSPR.NS,1535.0,1473.6,1811.3,22.50%,2026-01-01,2026-01-15
2026-08-12 10:58:43,V20_Range_Breakout,KAJARIACER.NS,1252.2,945.5,1178.0,24.59%,2026-04-01,2026-04-15
2026-08-12 10:58:43,V20_Range_Breakout,ITC.NS,276.15,265.1,325.86,22.50%,2026-01-01,2026-01-15
2026-08-12 10:58:43,V20_Range_Breakout,HONAUT.NS,37620.0,28459.53,36446.95,28.07%,2026-05-19,2026-05-22
2026-08-12 10:58:43,V20_Range_Breakout,DMART.NS,4040.0,3685.1,4562.6,23.81%,2026-03-24,2026-04-06
2026-08-12 10:58:43,V20_Range_Breakout,PIDILITIND.NS,1701.5,1633.44,2007.77,22.50%,2026-01-01,2026-01-15
2026-08-12 10:58:43,V20_Range_Breakout,KOTAKBANK.NS,390.5,374.88,460.79,22.50%,2026-01-01,2026-01-15
2026-08-12 10:58:43,V20_Range_Breakout,BAJAJ-AUTO.NS,11700.0,11232.0,13806.0,22.50%,2026-01-01,2026-01-15
2026-08-12 10:58:43,V20_Range_Breakout,HYUNDAI.NS,2240.0,2150.4,2643.2,22.50%,2026-01-01,2026-01-15
2026-08-12 10:58:43,V20_Range_Breakout,DIXON.NS,13800.0,12749.33,16820.51,31.93%,2025-04-09,2025-04-22
2026-08-12 10:58:43,V20_Range_Breakout,ICICIPRULI.NS,506.4,486.14,597.55,22.50%,2026-01-01,2026-01-15
2026-08-12 10:58:43,V20_Range_Breakout,RADICO.NS,4533.0,2704.0,3357.55,24.17%,2026-04-10,2026-04-20
2026-08-12 10:58:43,V20_Range_Breakout,ASTRAZEN.NS,7906.5,7758.7,9954.35,28.30%,2025-05-29,2025-06-05
2026-08-12 10:58:43,V20_Range_Breakout,FORTIS.NS,900.0,864.0,1062.0,22.50%,2026-01-01,2026-01-15
2026-08-12 10:58:43,V20_Range_Breakout,GODREJCP.NS,910.0,873.6,1073.8,22.50%,2026-01-01,2026-01-15
2026-08-12 10:58:43,V20_Range_Breakout,PAGEIND.NS,38295.0,36763.2,45188.1,22.50%,2026-01-01,2026-01-15
2026-08-12 10:58:43,V20_Range_Breakout,BSE.NS,3527.0,2384.72,2910.33,22.04%,2025-05-29,2025-06-05
2026-08-12 10:58:43,V20_Range_Breakout,ACC.NS,1332.8,1279.49,1572.7,22.50%,2026-01-01,2026-01-15
2026-08-12 10:58:43,V20_Range_Breakout,VOLTAS.NS,1290.0,1125.16,1394.41,23.93%,2025-02-01,2025-02-03
2026-08-12 10:58:43,V20_Range_Breakout,MCX.NS,2970.1,903.55,1187.07,31.38%,2025-04-07,2025-04-21
2026-08-12 10:58:43,V20_Range_Breakout,BATAINDIA.NS,715.15,686.54,843.88,22.50%,2026-01-01,2026-01-15
2026-08-12 10:58:43,V20_Range_Breakout,AWL.NS,194.24,186.47,229.2,22.50%,2026-01-01,2026-01-15
2026-08-12 10:58:43,V20_Range_Breakout,MEDANTA.NS,1393.5,1009.64,1259.55,24.75%,2025-04-07,2025-04-08
2026-08-12 10:58:43,V20_Range_Breakout,CAMS.NS,777.4,867.21,1041.1,20.05%,2024-11-25,2024-12-05
2026-08-12 10:58:43,V20_Range_Breakout,INDHOTEL.NS,724.0,695.04,854.32,22.50%,2026-01-01,2026-01-15
2026-08-12 10:58:43,V20_Range_Breakout,TITAN.NS,5099.0,4895.04,6016.82,22.50%,2026-01-01,2026-01-15
2026-08-12 10:58:43,V20_Range_Breakout,DABUR.NS,411.25,394.8,485.27,22.50%,2026-01-01,2026-01-15
2026-08-13 07:22:45,V20_Range_Breakout,HCLTECH.NS,1368.8,1314.05,1615.18,22.50%,2026-01-01,2026-01-15
2026-08-13 07:22:45,V20_Range_Breakout,ITC.NS,277.4,266.3,327.33,22.50%,2026-01-01,2026-01-15
2026-08-13 07:22:45,V20_Range_Breakout,DABUR.NS,410.2,393.79,484.04,22.50%,2026-01-01,2026-01-15
2026-08-13 07:22:45,V20_Range_Breakout,GLAXO.NS,2631.4,1894.45,2642.36,39.48%,2025-02-14,2025-02-20
2026-08-13 07:22:45,V20_Range_Breakout,HYUNDAI.NS,2223.0,2134.08,2623.14,22.50%,2026-01-01,2026-01-15
2026-08-13 07:22:45,V20_Range_Breakout,BATAINDIA.NS,725.35,696.34,855.91,22.50%,2026-01-01,2026-01-15
2026-08-13 07:22:45,V20_Range_Breakout,MEDANTA.NS,1395.2,1009.64,1259.55,24.75%,2025-04-07,2025-04-08
2026-08-13 07:22:45,V20_Range_Breakout,RELIANCE.NS,1314.2,1261.63,1550.76,22.50%,2026-01-01,2026-01-15
2026-08-13 07:22:45,V20_Range_Breakout,HINDUNILVR.NS,2081.4,1998.14,2456.05,22.50%,2026-01-01,2026-01-15
2026-08-13 07:22:45,V20_Range_Breakout,INDHOTEL.NS,717.65,688.94,846.83,22.50%,2026-01-01,2026-01-15
2026-08-13 07:22:45,V20_Range_Breakout,ICICIPRULI.NS,506.5,486.24,597.67,22.50%,2026-01-01,2026-01-15
2026-08-13 07:22:45,V20_Range_Breakout,TEAMLEASE.NS,1261.1,2854.65,3478.0,21.84%,2024-07-23,2024-07-29
2026-08-13 07:22:45,V20_Range_Breakout,ULTRACEMCO.NS,11690.0,11222.4,13794.2,22.50%,2026-01-01,2026-01-15
2026-08-13 07:22:45,V20_Range_Breakout,INFY.NS,1168.5,1121.76,1378.83,22.50%,2026-01-01,2026-01-15
2026-08-13 07:22:45,V20_Range_Breakout,ASTRAZEN.NS,7846.0,7758.7,9954.35,28.30%,2025-05-29,2025-06-05
2026-08-13 07:22:45,V20_Range_Breakout,SBIN.NS,1082.7,1039.39,1277.59,22.50%,2026-01-01,2026-01-15
2026-08-13 07:22:45,V20_Range_Breakout,AXISBANK.NS,1221.0,1172.16,1440.78,22.50%,2026-01-01,2026-01-15
2026-08-13 07:22:45,V20_Range_Breakout,PFIZER.NS,4994.1,4212.44,5601.44,32.97%,2025-05-19,2025-06-05
2026-08-13 07:22:45,V20_Range_Breakout,JIOFIN.NS,255.0,270.84,345.65,27.62%,2024-02-19,2024-02-23
2026-08-13 07:22:45,V20_Range_Breakout,CAMS.NS,773.9,867.21,1041.1,20.05%,2024-11-25,2024-12-05
2026-08-13 07:22:45,V20_Range_Breakout,BAJAJ-AUTO.NS,11696.0,11228.16,13801.28,22.50%,2026-01-01,2026-01-15
2026-08-13 07:22:45,V20_Range_Breakout,QUESS.NS,333.65,238.3,299.62,25.73%,2026-06-30,2026-07-07
2026-08-13 07:22:45,V20_Range_Breakout,AWL.NS,192.0,184.32,226.56,22.50%,2026-01-01,2026-01-15
2026-08-13 07:22:45,V20_Range_Breakout,HDFCLIFE.NS,538.2,516.67,635.08,22.50%,2026-01-01,2026-01-15
2026-08-13 07:22:45,V20_Range_Breakout,BLUESTARCO.NS,1506.4,1573.78,1911.62,21.47%,2026-04-08,2026-04-20
2026-08-13 07:22:45,V20_Range_Breakout,APOLLOHOSP.NS,8608.5,8264.16,10158.03,22.50%,2026-01-01,2026-01-15
2026-08-13 07:22:45,V20_Range_Breakout,TCS.NS,2362.3,2267.81,2787.51,22.50%,2026-01-01,2026-01-15
2026-08-13 07:22:45,V20_Range_Breakout,HDFCBANK.NS,727.25,698.16,858.15,22.50%,2026-01-01,2026-01-15
2026-08-13 07:22:45,V20_Range_Breakout,VBL.NS,437.3,393.99,474.22,20.36%,2026-04-07,2026-04-17
2026-08-13 07:22:45,V20_Range_Breakout,KOTAKBANK.NS,392.05,376.37,462.62,22.50%,2026-01-01,2026-01-15
2026-08-13 07:22:45,V20_Range_Breakout,CDSL.NS,1347.4,1293.5,1589.93,22.50%,2026-01-01,2026-01-15
2026-08-13 07:22:45,V20_Range_Breakout,KAJARIACER.NS,1262.2,945.5,1178.0,24.59%,2026-04-01,2026-04-15
2026-08-13 07:22:45,V20_Range_Breakout,DIXON.NS,13933.0,12749.33,16820.51,31.93%,2025-04-09,2025-04-22
2026-08-13 07:22:45,V20_Range_Breakout,UNITDSPR.NS,1528.8,1467.65,1803.98,22.50%,2026-01-01,2026-01-15
2026-08-13 07:22:45,V20_Range_Breakout,JSWINFRA.NS,342.1,328.42,403.68,22.50%,2026-01-01,2026-01-15
2026-08-13 07:22:45,V20_Range_Breakout,ADANIPORTS.NS,1646.0,1580.16,1942.28,22.50%,2026-01-01,2026-01-15
2026-08-13 07:22:45,V20_Range_Breakout,PIDILITIND.NS,1695.5,1627.68,2000.69,22.50%,2026-01-01,2026-01-15
2026-08-13 07:22:45,V20_Range_Breakout,GILLETTE.NS,7618.0,7265.28,8796.35,21.07%,2025-02-18,2025-02-20
2026-08-13 07:22:45,V20_Range_Breakout,ACC.NS,1325.9,1272.86,1564.56,22.50%,2026-01-01,2026-01-15
2026-08-13 07:22:45,V20_Range_Breakout,LT.NS,4035.5,3874.08,4761.89,22.50%,2026-01-01,2026-01-15
2026-08-13 07:22:45,V20_Range_Breakout,ICICIBANK.NS,1411.3,1354.85,1665.33,22.50%,2026-01-01,2026-01-15
2026-08-13 07:22:45,V20_Range_Breakout,ABBOTINDIA.NS,27535.0,26433.6,32491.3,22.50%,2026-01-01,2026-01-15
2026-08-13 07:22:45,V20_Range_Breakout,DMART.NS,4056.5,3685.1,4562.6,23.81%,2026-03-24,2026-04-06
2026-08-13 07:22:45,V20_Range_Breakout,BOSCHLTD.NS,46705.0,28929.63,37423.73,29.36%,2026-04-01,2026-04-10
2026-08-13 07:22:45,V20_Range_Breakout,ERIS.NS,1365.7,1091.34,1389.64,27.33%,2025-04-07,2025-04-11
2026-08-13 07:22:45,V20_Range_Breakout,EICHERMOT.NS,8063.0,7740.48,9514.34,22.50%,2026-01-01,2026-01-15
2026-08-13 07:22:45,V20_Range_Breakout,RADICO.NS,4604.3,2704.0,3357.55,24.17%,2026-04-10,2026-04-20
2026-08-13 07:22:45,V20_Range_Breakout,BAJAJFINSV.NS,2023.3,1942.37,2387.49,22.50%,2026-01-01,2026-01-15
2026-08-13 07:22:45,V20_Range_Breakout,SANOFI.NS,3251.2,5620.1,10037.9,78.61%,2024-06-07,2024-06-13
2026-08-13 07:22:45,V20_Range_Breakout,NAM-INDIA.NS,1170.3,304.5,369.14,21.23%,2023-10-09,2023-10-13
2026-08-13 07:22:45,V20_Range_Breakout,BAJFINANCE.NS,1086.0,1042.56,1281.48,22.50%,2026-01-01,2026-01-15
2026-08-13 07:22:45,V20_Range_Breakout,BSE.NS,3494.0,2384.72,2910.33,22.04%,2025-05-29,2025-06-05
2026-08-13 07:22:45,V20_Range_Breakout,PGHH.NS,8485.5,8146.08,10012.89,22.50%,2026-01-01,2026-01-15
2026-08-13 07:22:45,V20_Range_Breakout,MARUTI.NS,13901.0,13344.96,16403.18,22.50%,2026-01-01,2026-01-15
2026-08-13 07:22:45,V20_Range_Breakout,NESTLEIND.NS,1505.8,1445.57,1776.84,22.50%,2026-01-01,2026-01-15
2026-08-13 07:22:45,V20_Range_Breakout,COLPAL.NS,1981.5,1902.24,2338.17,22.50%,2026-01-01,2026-01-15
2026-08-13 07:22:45,V20_Range_Breakout,UBL.NS,1387.7,1332.19,1637.49,22.50%,2026-01-01,2026-01-15
2026-08-13 07:22:45,V20_Range_Breakout,HONAUT.NS,37210.0,28459.53,36446.95,28.07%,2026-05-19,2026-05-22
2026-08-13 07:22:45,V20_Range_Breakout,PAGEIND.NS,37755.0,36244.8,44550.9,22.50%,2026-01-01,2026-01-15
2026-08-13 07:22:45,V20_Range_Breakout,MARICO.NS,857.65,823.34,1012.03,22.50%,2026-01-01,2026-01-15
2026-08-13 07:22:45,V20_Range_Breakout,VOLTAS.NS,1282.0,1125.16,1394.41,23.93%,2025-02-01,2025-02-03
2026-08-13 07:22:45,V20_Range_Breakout,HAVELLS.NS,1266.6,1373.11,1654.06,20.46%,2025-04-07,2025-04-22
2026-08-13 07:22:45,V20_Range_Breakout,FORTIS.NS,898.25,862.32,1059.93,22.50%,2026-01-01,2026-01-15
2026-08-13 07:22:45,V20_Range_Breakout,MCX.NS,2934.0,903.55,1187.07,31.38%,2025-04-07,2025-04-21
2026-08-13 07:22:45,V20_Range_Breakout,CIPLA.NS,1458.1,1399.78,1720.56,22.50%,2026-01-01,2026-01-15
2026-08-13 07:22:45,V20_Range_Breakout,MRF.NS,131130.0,125884.8,154733.4,22.50%,2026-01-01,2026-01-15
2026-08-13 07:22:45,V20_Range_Breakout,RELAXO.NS,418.5,363.7,439.95,20.97%,2026-07-17,2026-07-17
2026-08-13 07:22:45,V20_Range_Breakout,TITAN.NS,5022.7,4821.79,5926.79,22.50%,2026-01-01,2026-01-15
2026-08-13 07:22:45,V20_Range_Breakout,GODREJCP.NS,930.0,892.8,1097.4,22.50%,2026-01-01,2026-01-15
2026-08-13 07:22:45,V20_Range_Breakout,ICICIGI.NS,1630.0,1564.8,1923.4,22.50%,2026-01-01,2026-01-15
2026-08-13 07:22:45,V20_Range_Breakout,HDFCAMC.NS,2497.0,2397.12,2946.46,22.50%,2026-01-01,2026-01-15
2026-08-13 07:22:45,V20_Range_Breakout,ANGELONE.NS,289.85,227.75,283.32,24.40%,2026-04-01,2026-04-09
2026-08-13 07:22:45,V20_Range_Breakout,LALPATHLAB.NS,1962.9,1884.38,2316.22,22.50%,2026-01-01,2026-01-15
2026-08-13 07:22:45,V20_Range_Breakout,ASIANPAINT.NS,2742.8,2633.09,3236.5,22.50%,2026-01-01,2026-01-15
2026-08-13 07:22:45,V20_Range_Breakout,M&M.NS,3425.0,3288.0,4041.5,22.50%,2026-01-01,2026-01-15
2026-08-13 10:59:27,V20_Range_Breakout,ITC.NS,278.5,267.36,328.63,22.50%,2026-01-01,2026-01-15
2026-08-13 10:59:27,V20_Range_Breakout,HINDUNILVR.NS,2092.0,2008.32,2468.56,22.50%,2026-01-01,2026-01-15
2026-08-13 10:59:27,V20_Range_Breakout,PFIZER.NS,4990.4,4212.44,5601.44,32.97%,2025-05-19,2025-06-05
2026-08-13 10:59:27,V20_Range_Breakout,BOSCHLTD.NS,46750.0,28929.63,37423.73,29.36%,2026-04-01,2026-04-10
2026-08-13 10:59:27,V20_Range_Breakout,JIOFIN.NS,255.6,270.84,345.65,27.62%,2024-02-19,2024-02-23
2026-08-13 10:59:27,V20_Range_Breakout,BAJAJFINSV.NS,2025.0,1944.0,2389.5,22.50%,2026-01-01,2026-01-15
2026-08-13 10:59:27,V20_Range_Breakout,HCLTECH.NS,1370.0,1315.2,1616.6,22.50%,2026-01-01,2026-01-15
2026-08-13 10:59:27,V20_Range_Breakout,PAGEIND.NS,36520.0,35059.2,43093.6,22.50%,2026-01-01,2026-01-15
2026-08-13 10:59:27,V20_Range_Breakout,AXISBANK.NS,1221.8,1172.93,1441.72,22.50%,2026-01-01,2026-01-15
2026-08-13 10:59:27,V20_Range_Breakout,CIPLA.NS,1458.8,1400.45,1721.38,22.50%,2026-01-01,2026-01-15
2026-08-13 10:59:27,V20_Range_Breakout,GILLETTE.NS,7595.5,7265.28,8796.35,21.07%,2025-02-18,2025-02-20
2026-08-13 10:59:27,V20_Range_Breakout,RADICO.NS,4675.2,2704.0,3357.55,24.17%,2026-04-10,2026-04-20
2026-08-13 10:59:27,V20_Range_Breakout,DABUR.NS,410.0,393.6,483.8,22.50%,2026-01-01,2026-01-15
2026-08-13 10:59:27,V20_Range_Breakout,MARUTI.NS,13905.0,13348.8,16407.9,22.50%,2026-01-01,2026-01-15
2026-08-13 10:59:27,V20_Range_Breakout,GLAXO.NS,2667.7,1894.45,2642.36,39.48%,2025-02-14,2025-02-20
2026-08-13 10:59:27,V20_Range_Breakout,NESTLEIND.NS,1506.9,1446.62,1778.14,22.50%,2026-01-01,2026-01-15
2026-08-13 10:59:27,V20_Range_Breakout,UNITDSPR.NS,1515.0,1454.4,1787.7,22.50%,2026-01-01,2026-01-15
2026-08-13 10:59:27,V20_Range_Breakout,AWL.NS,192.11,184.43,226.69,22.50%,2026-01-01,2026-01-15
2026-08-13 10:59:27,V20_Range_Breakout,HDFCBANK.NS,725.0,696.0,855.5,22.50%,2026-01-01,2026-01-15
2026-08-13 10:59:27,V20_Range_Breakout,ASTRAZEN.NS,7792.5,7758.7,9954.35,28.30%,2025-05-29,2025-06-05
2026-08-13 10:59:27,V20_Range_Breakout,ICICIGI.NS,1628.0,1562.88,1921.04,22.50%,2026-01-01,2026-01-15
2026-08-13 10:59:27,V20_Range_Breakout,INFY.NS,1175.0,1128.0,1386.5,22.50%,2026-01-01,2026-01-15
2026-08-13 10:59:27,V20_Range_Breakout,KOTAKBANK.NS,392.4,376.7,463.03,22.50%,2026-01-01,2026-01-15
2026-08-13 10:59:27,V20_Range_Breakout,CAMS.NS,773.0,867.21,1041.1,20.05%,2024-11-25,2024-12-05
2026-08-13 10:59:27,V20_Range_Breakout,ABBOTINDIA.NS,27620.0,26515.2,32591.6,22.50%,2026-01-01,2026-01-15
2026-08-13 10:59:27,V20_Range_Breakout,BSE.NS,3502.8,2384.72,2910.33,22.04%,2025-05-29,2025-06-05
2026-08-13 10:59:27,V20_Range_Breakout,GODREJCP.NS,936.9,899.42,1105.54,22.50%,2026-01-01,2026-01-15
2026-08-13 10:59:27,V20_Range_Breakout,JSWINFRA.NS,341.35,327.7,402.79,22.50%,2026-01-01,2026-01-15
2026-08-13 10:59:27,V20_Range_Breakout,PGHH.NS,8487.0,8147.52,10014.66,22.50%,2026-01-01,2026-01-15
2026-08-13 10:59:27,V20_Range_Breakout,ANGELONE.NS,292.0,227.75,283.32,24.40%,2026-04-01,2026-04-09
2026-08-13 10:59:27,V20_Range_Breakout,TITAN.NS,5063.7,4861.15,5975.17,22.50%,2026-01-01,2026-01-15
2026-08-13 10:59:27,V20_Range_Breakout,TEAMLEASE.NS,1256.4,2854.65,3478.0,21.84%,2024-07-23,2024-07-29
2026-08-13 10:59:27,V20_Range_Breakout,RELIANCE.NS,1317.0,1264.32,1554.06,22.50%,2026-01-01,2026-01-15
2026-08-13 10:59:27,V20_Range_Breakout,FORTIS.NS,906.15,869.9,1069.26,22.50%,2026-01-01,2026-01-15
2026-08-13 10:59:27,V20_Range_Breakout,MCX.NS,2970.0,903.55,1187.07,31.38%,2025-04-07,2025-04-21
2026-08-13 10:59:27,V20_Range_Breakout,BAJFINANCE.NS,1090.8,1047.17,1287.14,22.50%,2026-01-01,2026-01-15
2026-08-13 10:59:27,V20_Range_Breakout,LT.NS,4070.7,3907.87,4803.43,22.50%,2026-01-01,2026-01-15
2026-08-13 10:59:27,V20_Range_Breakout,EICHERMOT.NS,8100.0,7776.0,9558.0,22.50%,2026-01-01,2026-01-15
2026-08-13 10:59:27,V20_Range_Breakout,ICICIBANK.NS,1406.8,1350.53,1660.02,22.50%,2026-01-01,2026-01-15
2026-08-13 10:59:27,V20_Range_Breakout,BATAINDIA.NS,727.65,698.54,858.63,22.50%,2026-01-01,2026-01-15
2026-08-13 10:59:27,V20_Range_Breakout,SANOFI.NS,3248.6,5620.1,10037.9,78.61%,2024-06-07,2024-06-13
2026-08-13 10:59:27,V20_Range_Breakout,MEDANTA.NS,1410.4,1009.64,1259.55,24.75%,2025-04-07,2025-04-08
2026-08-13 10:59:27,V20_Range_Breakout,TCS.NS,2375.0,2280.0,2802.5,22.50%,2026-01-01,2026-01-15
2026-08-13 10:59:27,V20_Range_Breakout,ICICIPRULI.NS,507.0,486.72,598.26,22.50%,2026-01-01,2026-01-15
2026-08-13 10:59:27,V20_Range_Breakout,HAVELLS.NS,1270.0,1373.11,1654.06,20.46%,2025-04-07,2025-04-22
2026-08-13 10:59:27,V20_Range_Breakout,BAJAJ-AUTO.NS,11661.0,11194.56,13759.98,22.50%,2026-01-01,2026-01-15
2026-08-13 10:59:27,V20_Range_Breakout,DIXON.NS,14035.0,12749.33,16820.51,31.93%,2025-04-09,2025-04-22
2026-08-13 10:59:27,V20_Range_Breakout,BLUESTARCO.NS,1514.0,1573.78,1911.62,21.47%,2026-04-08,2026-04-20
2026-08-13 10:59:27,V20_Range_Breakout,NAM-INDIA.NS,1177.0,304.5,369.14,21.23%,2023-10-09,2023-10-13
2026-08-13 10:59:27,V20_Range_Breakout,MRF.NS,130985.0,125745.6,154562.3,22.50%,2026-01-01,2026-01-15
2026-08-13 10:59:27,V20_Range_Breakout,QUESS.NS,333.2,238.3,299.62,25.73%,2026-06-30,2026-07-07
2026-08-13 10:59:27,V20_Range_Breakout,HDFCAMC.NS,2499.5,2399.52,2949.41,22.50%,2026-01-01,2026-01-15
2026-08-13 10:59:27,V20_Range_Breakout,LALPATHLAB.NS,1968.4,1889.66,2322.71,22.50%,2026-01-01,2026-01-15
2026-08-13 10:59:27,V20_Range_Breakout,CDSL.NS,1350.0,1296.0,1593.0,22.50%,2026-01-01,2026-01-15
2026-08-13 10:59:27,V20_Range_Breakout,ACC.NS,1324.7,1271.71,1563.15,22.50%,2026-01-01,2026-01-15
2026-08-13 10:59:27,V20_Range_Breakout,APOLLOHOSP.NS,8600.0,8256.0,10148.0,22.50%,2026-01-01,2026-01-15
2026-08-13 10:59:27,V20_Range_Breakout,ULTRACEMCO.NS,11706.0,11237.76,13813.08,22.50%,2026-01-01,2026-01-15
2026-08-13 10:59:27,V20_Range_Breakout,HYUNDAI.NS,2237.1,2147.62,2639.78,22.50%,2026-01-01,2026-01-15
2026-08-13 10:59:27,V20_Range_Breakout,RELAXO.NS,419.45,363.7,439.95,20.97%,2026-07-17,2026-07-17
2026-08-13 10:59:27,V20_Range_Breakout,COLPAL.NS,1995.5,1915.68,2354.69,22.50%,2026-01-01,2026-01-15
2026-08-13 10:59:27,V20_Range_Breakout,INDHOTEL.NS,721.75,692.88,851.66,22.50%,2026-01-01,2026-01-15
2026-08-13 10:59:27,V20_Range_Breakout,VOLTAS.NS,1289.5,1125.16,1394.41,23.93%,2025-02-01,2025-02-03
2026-08-13 10:59:27,V20_Range_Breakout,ERIS.NS,1380.3,1091.34,1389.64,27.33%,2025-04-07,2025-04-11
2026-08-13 10:59:27,V20_Range_Breakout,M&M.NS,3428.2,3291.07,4045.28,22.50%,2026-01-01,2026-01-15
2026-08-13 10:59:27,V20_Range_Breakout,SBIN.NS,1083.0,1039.68,1277.94,22.50%,2026-01-01,2026-01-15
2026-08-13 10:59:27,V20_Range_Breakout,UBL.NS,1389.7,1334.11,1639.85,22.50%,2026-01-01,2026-01-15
2026-08-13 10:59:27,V20_Range_Breakout,KAJARIACER.NS,1260.9,945.5,1178.0,24.59%,2026-04-01,2026-04-15
2026-08-13 10:59:27,V20_Range_Breakout,HONAUT.NS,37190.0,28459.53,36446.95,28.07%,2026-05-19,2026-05-22
2026-08-13 10:59:27,V20_Range_Breakout,ADANIPORTS.NS,1658.0,1591.68,1956.44,22.50%,2026-01-01,2026-01-15
2026-08-13 10:59:27,V20_Range_Breakout,MARICO.NS,864.45,829.87,1020.05,22.50%,2026-01-01,2026-01-15
2026-08-13 10:59:27,V20_Range_Breakout,VBL.NS,440.5,393.99,474.22,20.36%,2026-04-07,2026-04-17
2026-08-13 10:59:27,V20_Range_Breakout,DMART.NS,4070.0,3685.1,4562.6,23.81%,2026-03-24,2026-04-06
2026-08-13 10:59:27,V20_Range_Breakout,PIDILITIND.NS,1696.1,1628.26,2001.4,22.50%,2026-01-01,2026-01-15
2026-08-13 10:59:27,V20_Range_Breakout,ASIANPAINT.NS,2755.5,2645.28,3251.49,22.50%,2026-01-01,2026-01-15
2026-08-13 10:59:27,V20_Range_Breakout,HDFCLIFE.NS,538.05,516.53,634.9,22.50%,2026-01-01,2026-01-15
2026-08-14 07:20:27,V20_Range_Breakout,PAGEIND.NS,36870.0,35395.2,43506.6,22.50%,2026-01-01,2026-01-15
2026-08-14 07:20:27,V20_Range_Breakout,INDHOTEL.NS,718.05,689.33,847.3,22.50%,2026-01-01,2026-01-15
2026-08-14 07:20:27,V20_Range_Breakout,HONAUT.NS,37150.0,28459.53,36446.95,28.07%,2026-05-19,2026-05-22
2026-08-14 07:20:27,V20_Range_Breakout,MARUTI.NS,13909.0,13352.64,16412.62,22.50%,2026-01-01,2026-01-15
2026-08-14 07:20:27,V20_Range_Breakout,M&M.NS,3414.8,3278.21,4029.46,22.50%,2026-01-01,2026-01-15
2026-08-14 07:20:27,V20_Range_Breakout,ASIANPAINT.NS,2693.4,2585.66,3178.21,22.50%,2026-01-01,2026-01-15
2026-08-14 07:20:27,V20_Range_Breakout,ERIS.NS,1360.9,1091.34,1389.64,27.33%,2025-04-07,2025-04-11
2026-08-14 07:20:27,V20_Range_Breakout,CDSL.NS,1343.5,1289.76,1585.33,22.50%,2026-01-01,2026-01-15
2026-08-14 07:20:27,V20_Range_Breakout,ICICIBANK.NS,1407.0,1350.72,1660.26,22.50%,2026-01-01,2026-01-15
2026-08-14 07:20:27,V20_Range_Breakout,COLPAL.NS,1977.5,1898.4,2333.45,22.50%,2026-01-01,2026-01-15
2026-08-14 07:20:27,V20_Range_Breakout,MRF.NS,132000.0,126720.0,155760.0,22.50%,2026-01-01,2026-01-15
2026-08-14 07:20:27,V20_Range_Breakout,TEAMLEASE.NS,1260.7,2854.65,3478.0,21.84%,2024-07-23,2024-07-29
2026-08-14 07:20:27,V20_Range_Breakout,DMART.NS,4069.5,3685.1,4562.6,23.81%,2026-03-24,2026-04-06
2026-08-14 07:20:27,V20_Range_Breakout,NAM-INDIA.NS,1163.9,304.5,369.14,21.23%,2023-10-09,2023-10-13
2026-08-14 07:20:27,V20_Range_Breakout,MARICO.NS,863.5,828.96,1018.93,22.50%,2026-01-01,2026-01-15
2026-08-14 07:20:27,V20_Range_Breakout,BOSCHLTD.NS,47010.0,28929.63,37423.73,29.36%,2026-04-01,2026-04-10
2026-08-14 07:20:27,V20_Range_Breakout,RELIANCE.NS,1305.4,1253.18,1540.37,22.50%,2026-01-01,2026-01-15
2026-08-14 07:20:27,V20_Range_Breakout,BAJFINANCE.NS,1088.9,1045.34,1284.9,22.50%,2026-01-01,2026-01-15
2026-08-14 07:20:27,V20_Range_Breakout,SANOFI.NS,3246.0,5620.1,10037.9,78.61%,2024-06-07,2024-06-13
2026-08-14 07:20:27,V20_Range_Breakout,JSWINFRA.NS,338.8,325.25,399.78,22.50%,2026-01-01,2026-01-15
2026-08-14 07:20:27,V20_Range_Breakout,MCX.NS,2946.8,903.55,1187.07,31.38%,2025-04-07,2025-04-21
2026-08-14 07:20:27,V20_Range_Breakout,KAJARIACER.NS,1246.1,945.5,1178.0,24.59%,2026-04-01,2026-04-15
2026-08-14 07:20:27,V20_Range_Breakout,DIXON.NS,14112.0,12749.33,16820.51,31.93%,2025-04-09,2025-04-22
2026-08-14 07:20:27,V20_Range_Breakout,HDFCAMC.NS,2472.0,2373.12,2916.96,22.50%,2026-01-01,2026-01-15
2026-08-14 07:20:27,V20_Range_Breakout,HINDUNILVR.NS,2078.0,1994.88,2452.04,22.50%,2026-01-01,2026-01-15
2026-08-14 07:20:27,V20_Range_Breakout,LT.NS,4054.0,3891.84,4783.72,22.50%,2026-01-01,2026-01-15
2026-08-14 07:20:27,V20_Range_Breakout,DABUR.NS,410.0,393.6,483.8,22.50%,2026-01-01,2026-01-15
2026-08-14 07:20:27,V20_Range_Breakout,INFY.NS,1170.1,1123.3,1380.72,22.50%,2026-01-01,2026-01-15
2026-08-14 07:20:27,V20_Range_Breakout,CIPLA.NS,1457.7,1399.39,1720.09,22.50%,2026-01-01,2026-01-15
2026-08-14 07:20:27,V20_Range_Breakout,BATAINDIA.NS,758.6,728.26,895.15,22.50%,2026-01-01,2026-01-15
2026-08-14 07:20:27,V20_Range_Breakout,GLAXO.NS,2680.0,1894.45,2642.36,39.48%,2025-02-14,2025-02-20
2026-08-14 07:20:27,V20_Range_Breakout,BAJAJ-AUTO.NS,11760.0,11289.6,13876.8,22.50%,2026-01-01,2026-01-15
2026-08-14 07:20:27,V20_Range_Breakout,GODREJCP.NS,936.3,898.85,1104.83,22.50%,2026-01-01,2026-01-15
2026-08-14 07:20:27,V20_Range_Breakout,APOLLOHOSP.NS,8861.0,8506.56,10455.98,22.50%,2026-01-01,2026-01-15
2026-08-14 07:20:27,V20_Range_Breakout,GILLETTE.NS,7654.5,7265.28,8796.35,21.07%,2025-02-18,2025-02-20
2026-08-14 07:20:27,V20_Range_Breakout,QUESS.NS,329.15,238.3,299.62,25.73%,2026-06-30,2026-07-07
2026-08-14 07:20:27,V20_Range_Breakout,PGHH.NS,8480.0,8140.8,10006.4,22.50%,2026-01-01,2026-01-15
2026-08-14 07:20:27,V20_Range_Breakout,HYUNDAI.NS,2203.7,2115.55,2600.37,22.50%,2026-01-01,2026-01-15
2026-08-14 07:20:27,V20_Range_Breakout,VBL.NS,433.8,393.99,474.22,20.36%,2026-04-07,2026-04-17
2026-08-14 07:20:27,V20_Range_Breakout,ITC.NS,276.75,265.68,326.56,22.50%,2026-01-01,2026-01-15
2026-08-14 07:20:27,V20_Range_Breakout,MEDANTA.NS,1398.6,1009.64,1259.55,24.75%,2025-04-07,2025-04-08
2026-08-14 07:20:27,V20_Range_Breakout,ACC.NS,1321.1,1268.26,1558.9,22.50%,2026-01-01,2026-01-15
2026-08-14 07:20:27,V20_Range_Breakout,KOTAKBANK.NS,391.7,376.03,462.21,22.50%,2026-01-01,2026-01-15
2026-08-14 07:20:27,V20_Range_Breakout,TITAN.NS,5083.2,4879.87,5998.18,22.50%,2026-01-01,2026-01-15
2026-08-14 07:20:27,V20_Range_Breakout,JIOFIN.NS,250.85,270.84,345.65,27.62%,2024-02-19,2024-02-23
2026-08-14 07:20:27,V20_Range_Breakout,BAJAJFINSV.NS,2020.2,1939.39,2383.84,22.50%,2026-01-01,2026-01-15
2026-08-14 07:20:27,V20_Range_Breakout,CAMS.NS,763.1,867.21,1041.1,20.05%,2024-11-25,2024-12-05
2026-08-14 07:20:27,V20_Range_Breakout,AXISBANK.NS,1213.0,1164.48,1431.34,22.50%,2026-01-01,2026-01-15
2026-08-14 07:20:27,V20_Range_Breakout,TCS.NS,2365.0,2270.4,2790.7,22.50%,2026-01-01,2026-01-15
2026-08-14 07:20:27,V20_Range_Breakout,ULTRACEMCO.NS,11650.0,11184.0,13747.0,22.50%,2026-01-01,2026-01-15
2026-08-14 07:20:27,V20_Range_Breakout,HCLTECH.NS,1365.2,1310.59,1610.94,22.50%,2026-01-01,2026-01-15
2026-08-14 07:20:27,V20_Range_Breakout,AWL.NS,190.64,183.01,224.96,22.50%,2026-01-01,2026-01-15
2026-08-14 07:20:27,V20_Range_Breakout,EICHERMOT.NS,8114.0,7789.44,9574.52,22.50%,2026-01-01,2026-01-15
2026-08-14 07:20:27,V20_Range_Breakout,HAVELLS.NS,1294.8,1373.11,1654.06,20.46%,2025-04-07,2025-04-22
2026-08-14 07:20:27,V20_Range_Breakout,PIDILITIND.NS,1703.9,1635.74,2010.6,22.50%,2026-01-01,2026-01-15
2026-08-14 07:20:27,V20_Range_Breakout,SBIN.NS,1067.7,1024.99,1259.89,22.50%,2026-01-01,2026-01-15
2026-08-14 07:20:27,V20_Range_Breakout,BLUESTARCO.NS,1506.0,1573.78,1911.62,21.47%,2026-04-08,2026-04-20
2026-08-14 07:20:27,V20_Range_Breakout,VOLTAS.NS,1329.0,1125.16,1394.41,23.93%,2025-02-01,2025-02-03
2026-08-14 07:20:27,V20_Range_Breakout,RADICO.NS,4632.4,2704.0,3357.55,24.17%,2026-04-10,2026-04-20
2026-08-14 07:20:27,V20_Range_Breakout,ADANIPORTS.NS,1684.6,1617.22,1987.83,22.50%,2026-01-01,2026-01-15
2026-08-14 07:20:27,V20_Range_Breakout,NESTLEIND.NS,1512.2,1451.71,1784.4,22.50%,2026-01-01,2026-01-15
2026-08-14 07:20:27,V20_Range_Breakout,ICICIPRULI.NS,511.0,490.56,602.98,22.50%,2026-01-01,2026-01-15
2026-08-14 07:20:27,V20_Range_Breakout,ICICIGI.NS,1627.5,1562.4,1920.45,22.50%,2026-01-01,2026-01-15
2026-08-14 07:20:27,V20_Range_Breakout,PFIZER.NS,4904.6,4212.44,5601.44,32.97%,2025-05-19,2025-06-05
2026-08-14 07:20:27,V20_Range_Breakout,UBL.NS,1379.4,1324.22,1627.69,22.50%,2026-01-01,2026-01-15
2026-08-14 07:20:27,V20_Range_Breakout,UNITDSPR.NS,1543.0,1481.28,1820.74,22.50%,2026-01-01,2026-01-15
2026-08-14 07:20:27,V20_Range_Breakout,ABBOTINDIA.NS,27150.0,26064.0,32037.0,22.50%,2026-01-01,2026-01-15
2026-08-14 07:20:27,V20_Range_Breakout,RELAXO.NS,400.85,363.7,439.95,20.97%,2026-07-17,2026-07-17
2026-08-14 07:20:27,V20_Range_Breakout,ANGELONE.NS,287.35,227.75,283.32,24.40%,2026-04-01,2026-04-09
2026-08-14 07:20:27,V20_Range_Breakout,HDFCBANK.NS,726.3,697.25,857.03,22.50%,2026-01-01,2026-01-15
2026-08-14 07:20:27,V20_Range_Breakout,ASTRAZEN.NS,7750.0,7758.7,9954.35,28.30%,2025-05-29,2025-06-05
2026-08-14 07:20:27,V20_Range_Breakout,LALPATHLAB.NS,1919.0,1842.24,2264.42,22.50%,2026-01-01,2026-01-15
2026-08-14 07:20:27,V20_Range_Breakout,FORTIS.NS,913.8,877.25,1078.28,22.50%,2026-01-01,2026-01-15
2026-08-14 07:20:27,V20_Range_Breakout,HDFCLIFE.NS,539.1,517.54,636.14,22.50%,2026-01-01,2026-01-15
2026-08-14 07:20:27,V20_Range_Breakout,BSE.NS,3446.9,2384.72,2910.33,22.04%,2025-05-29,2025-06-05
2026-08-14 10:56:02,V20_Range_Breakout,RELIANCE.NS,1310.0,1257.6,1545.8,22.50%,2026-01-01,2026-01-15
2026-08-14 10:56:02,V20_Range_Breakout,GILLETTE.NS,7600.0,7265.28,8796.35,21.07%,2025-02-18,2025-02-20
2026-08-14 10:56:02,V20_Range_Breakout,GLAXO.NS,2688.8,1894.45,2642.36,39.48%,2025-02-14,2025-02-20
2026-08-14 10:56:02,V20_Range_Breakout,DIXON.NS,14130.0,12749.33,16820.51,31.93%,2025-04-09,2025-04-22
2026-08-14 10:56:02,V20_Range_Breakout,ERIS.NS,1358.5,1091.34,1389.64,27.33%,2025-04-07,2025-04-11
2026-08-14 10:56:02,V20_Range_Breakout,ICICIGI.NS,1630.0,1564.8,1923.4,22.50%,2026-01-01,2026-01-15
2026-08-14 10:56:02,V20_Range_Breakout,JIOFIN.NS,249.05,270.84,345.65,27.62%,2024-02-19,2024-02-23
2026-08-14 10:56:02,V20_Range_Breakout,RELAXO.NS,396.25,363.7,439.95,20.97%,2026-07-17,2026-07-17
2026-08-14 10:56:02,V20_Range_Breakout,PGHH.NS,8426.5,8089.44,9943.27,22.50%,2026-01-01,2026-01-15
2026-08-14 10:56:02,V20_Range_Breakout,UNITDSPR.NS,1536.0,1474.56,1812.48,22.50%,2026-01-01,2026-01-15
2026-08-14 10:56:02,V20_Range_Breakout,INDHOTEL.NS,720.0,691.2,849.6,22.50%,2026-01-01,2026-01-15
2026-08-14 10:56:02,V20_Range_Breakout,VBL.NS,435.0,393.99,474.22,20.36%,2026-04-07,2026-04-17
2026-08-14 10:56:02,V20_Range_Breakout,HCLTECH.NS,1360.0,1305.6,1604.8,22.50%,2026-01-01,2026-01-15
2026-08-14 10:56:02,V20_Range_Breakout,MCX.NS,2911.5,903.55,1187.07,31.38%,2025-04-07,2025-04-21
2026-08-14 10:56:02,V20_Range_Breakout,NESTLEIND.NS,1499.1,1439.14,1768.94,22.50%,2026-01-01,2026-01-15
2026-08-14 10:56:02,V20_Range_Breakout,ITC.NS,278.2,267.07,328.28,22.50%,2026-01-01,2026-01-15
2026-08-14 10:56:02,V20_Range_Breakout,ULTRACEMCO.NS,11619.0,11154.24,13710.42,22.50%,2026-01-01,2026-01-15
2026-08-14 10:56:02,V20_Range_Breakout,UBL.NS,1376.6,1321.54,1624.39,22.50%,2026-01-01,2026-01-15
2026-08-14 10:56:02,V20_Range_Breakout,TEAMLEASE.NS,1255.0,2854.65,3478.0,21.84%,2024-07-23,2024-07-29
2026-08-14 10:56:02,V20_Range_Breakout,COLPAL.NS,1981.0,1901.76,2337.58,22.50%,2026-01-01,2026-01-15
2026-08-14 10:56:02,V20_Range_Breakout,HYUNDAI.NS,2199.0,2111.04,2594.82,22.50%,2026-01-01,2026-01-15
2026-08-14 10:56:02,V20_Range_Breakout,LT.NS,4057.0,3894.72,4787.26,22.50%,2026-01-01,2026-01-15
2026-08-14 10:56:02,V20_Range_Breakout,MARICO.NS,865.2,830.59,1020.94,22.50%,2026-01-01,2026-01-15
2026-08-14 10:56:02,V20_Range_Breakout,CAMS.NS,762.25,867.21,1041.1,20.05%,2024-11-25,2024-12-05
2026-08-14 10:56:02,V20_Range_Breakout,ABBOTINDIA.NS,27060.0,25977.6,31930.8,22.50%,2026-01-01,2026-01-15
2026-08-14 10:56:02,V20_Range_Breakout,FORTIS.NS,929.0,891.84,1096.22,22.50%,2026-01-01,2026-01-15
2026-08-14 10:56:02,V20_Range_Breakout,M&M.NS,3428.3,3291.17,4045.39,22.50%,2026-01-01,2026-01-15
2026-08-14 10:56:02,V20_Range_Breakout,CIPLA.NS,1450.0,1392.0,1711.0,22.50%,2026-01-01,2026-01-15
2026-08-14 10:56:02,V20_Range_Breakout,BATAINDIA.NS,755.7,725.47,891.73,22.50%,2026-01-01,2026-01-15
2026-08-14 10:56:02,V20_Range_Breakout,TCS.NS,2361.0,2266.56,2785.98,22.50%,2026-01-01,2026-01-15
2026-08-14 10:56:02,V20_Range_Breakout,ASIANPAINT.NS,2696.3,2588.45,3181.63,22.50%,2026-01-01,2026-01-15
2026-08-14 10:56:02,V20_Range_Breakout,SANOFI.NS,3242.9,5620.1,10037.9,78.61%,2024-06-07,2024-06-13
2026-08-14 10:56:02,V20_Range_Breakout,ACC.NS,1321.4,1268.54,1559.25,22.50%,2026-01-01,2026-01-15
2026-08-14 10:56:02,V20_Range_Breakout,BAJAJFINSV.NS,2008.3,1927.97,2369.79,22.50%,2026-01-01,2026-01-15
2026-08-14 10:56:02,V20_Range_Breakout,AWL.NS,192.16,184.47,226.75,22.50%,2026-01-01,2026-01-15
2026-08-14 10:56:02,V20_Range_Breakout,KAJARIACER.NS,1253.4,945.5,1178.0,24.59%,2026-04-01,2026-04-15
2026-08-14 10:56:02,V20_Range_Breakout,LALPATHLAB.NS,1916.3,1839.65,2261.23,22.50%,2026-01-01,2026-01-15
2026-08-14 10:56:02,V20_Range_Breakout,JSWINFRA.NS,339.15,325.58,400.2,22.50%,2026-01-01,2026-01-15
2026-08-14 10:56:02,V20_Range_Breakout,GODREJCP.NS,934.3,896.93,1102.47,22.50%,2026-01-01,2026-01-15
2026-08-14 10:56:02,V20_Range_Breakout,BLUESTARCO.NS,1508.0,1573.78,1911.62,21.47%,2026-04-08,2026-04-20
2026-08-14 10:56:02,V20_Range_Breakout,KOTAKBANK.NS,391.15,375.5,461.56,22.50%,2026-01-01,2026-01-15
2026-08-14 10:56:02,V20_Range_Breakout,ICICIBANK.NS,1417.0,1360.32,1672.06,22.50%,2026-01-01,2026-01-15
2026-08-14 10:56:02,V20_Range_Breakout,ANGELONE.NS,287.3,227.75,283.32,24.40%,2026-04-01,2026-04-09
2026-08-14 10:56:02,V20_Range_Breakout,QUESS.NS,337.8,238.3,299.62,25.73%,2026-06-30,2026-07-07
2026-08-14 10:56:02,V20_Range_Breakout,HINDUNILVR.NS,2077.0,1993.92,2450.86,22.50%,2026-01-01,2026-01-15
2026-08-14 10:56:02,V20_Range_Breakout,BSE.NS,3447.0,2384.72,2910.33,22.04%,2025-05-29,2025-06-05
2026-08-14 10:56:02,V20_Range_Breakout,BAJFINANCE.NS,1087.0,1043.52,1282.66,22.50%,2026-01-01,2026-01-15
2026-08-14 10:56:02,V20_Range_Breakout,PFIZER.NS,4874.8,4212.44,5601.44,32.97%,2025-05-19,2025-06-05
2026-08-14 10:56:02,V20_Range_Breakout,HDFCLIFE.NS,535.85,514.42,632.3,22.50%,2026-01-01,2026-01-15
2026-08-14 10:56:02,V20_Range_Breakout,NAM-INDIA.NS,1167.9,304.5,369.14,21.23%,2023-10-09,2023-10-13
2026-08-14 10:56:02,V20_Range_Breakout,EICHERMOT.NS,8066.5,7743.84,9518.47,22.50%,2026-01-01,2026-01-15
2026-08-14 10:56:02,V20_Range_Breakout,RADICO.NS,4650.0,2704.0,3357.55,24.17%,2026-04-10,2026-04-20
2026-08-14 10:56:02,V20_Range_Breakout,MRF.NS,133490.0,128150.4,157518.2,22.50%,2026-01-01,2026-01-15
2026-08-14 10:56:02,V20_Range_Breakout,VOLTAS.NS,1320.5,1125.16,1394.41,23.93%,2025-02-01,2025-02-03
2026-08-14 10:56:02,V20_Range_Breakout,TITAN.NS,5056.2,4853.95,5966.32,22.50%,2026-01-01,2026-01-15
2026-08-14 10:56:02,V20_Range_Breakout,APOLLOHOSP.NS,8920.5,8563.68,10526.19,22.50%,2026-01-01,2026-01-15
2026-08-14 10:56:02,V20_Range_Breakout,SBIN.NS,1067.7,1024.99,1259.89,22.50%,2026-01-01,2026-01-15
2026-08-14 10:56:02,V20_Range_Breakout,HDFCBANK.NS,727.0,697.92,857.86,22.50%,2026-01-01,2026-01-15
2026-08-14 10:56:02,V20_Range_Breakout,DABUR.NS,405.25,389.04,478.19,22.50%,2026-01-01,2026-01-15
2026-08-14 10:56:02,V20_Range_Breakout,BOSCHLTD.NS,47100.0,28929.63,37423.73,29.36%,2026-04-01,2026-04-10
2026-08-14 10:56:02,V20_Range_Breakout,ICICIPRULI.NS,509.15,488.78,600.8,22.50%,2026-01-01,2026-01-15
2026-08-14 10:56:02,V20_Range_Breakout,INFY.NS,1169.2,1122.43,1379.66,22.50%,2026-01-01,2026-01-15
2026-08-14 10:56:02,V20_Range_Breakout,AXISBANK.NS,1217.4,1168.7,1436.53,22.50%,2026-01-01,2026-01-15
2026-08-14 10:56:02,V20_Range_Breakout,MARUTI.NS,13834.0,13280.64,16324.12,22.50%,2026-01-01,2026-01-15
2026-08-14 10:56:02,V20_Range_Breakout,CDSL.NS,1344.4,1290.62,1586.39,22.50%,2026-01-01,2026-01-15
2026-08-14 10:56:02,V20_Range_Breakout,BAJAJ-AUTO.NS,11700.0,11232.0,13806.0,22.50%,2026-01-01,2026-01-15
2026-08-14 10:56:02,V20_Range_Breakout,HONAUT.NS,37205.0,28459.53,36446.95,28.07%,2026-05-19,2026-05-22
2026-08-14 10:56:02,V20_Range_Breakout,DMART.NS,4060.0,3685.1,4562.6,23.81%,2026-03-24,2026-04-06
2026-08-14 10:56:02,V20_Range_Breakout,HDFCAMC.NS,2485.0,2385.6,2932.3,22.50%,2026-01-01,2026-01-15
2026-08-14 10:56:02,V20_Range_Breakout,PAGEIND.NS,36750.0,35280.0,43365.0,22.50%,2026-01-01,2026-01-15
2026-08-14 10:56:02,V20_Range_Breakout,ASTRAZEN.NS,7753.0,7758.7,9954.35,28.30%,2025-05-29,2025-06-05
2026-08-14 10:56:02,V20_Range_Breakout,HAVELLS.NS,1298.0,1373.11,1654.06,20.46%,2025-04-07,2025-04-22
2026-08-14 10:56:02,V20_Range_Breakout,PIDILITIND.NS,1693.0,1625.28,1997.74,22.50%,2026-01-01,2026-01-15
2026-08-14 10:56:02,V20_Range_Breakout,MEDANTA.NS,1422.6,1009.28,1259.1,24.75%,2025-04-07,2025-04-08
2026-08-14 10:56:02,V20_Range_Breakout,ADANIPORTS.NS,1700.0,1632.0,2006.0,22.50%,2026-01-01,2026-01-15
2026-08-17 06:49:06,V20_Range_Breakout,MARUTI.NS,13914.0,13357.44,16418.52,22.50%,2026-01-01,2026-01-15
2026-08-17 06:49:06,V20_Range_Breakout,UBL.NS,1372.9,1317.98,1620.02,22.50%,2026-01-01,2026-01-15
2026-08-17 06:49:06,V20_Range_Breakout,JSWINFRA.NS,335.6,322.18,396.01,22.50%,2026-01-01,2026-01-15
2026-08-17 06:49:06,V20_Range_Breakout,AXISBANK.NS,1219.2,1170.43,1438.66,22.50%,2026-01-01,2026-01-15
2026-08-17 06:49:06,V20_Range_Breakout,ANGELONE.NS,291.05,227.75,283.32,24.40%,2026-04-01,2026-04-09
2026-08-17 06:49:06,V20_Range_Breakout,PIDILITIND.NS,1684.1,1616.74,1987.24,22.50%,2026-01-01,2026-01-15
2026-08-17 06:49:06,V20_Range_Breakout,HYUNDAI.NS,2183.8,2096.45,2576.88,22.50%,2026-01-01,2026-01-15
2026-08-17 06:49:06,V20_Range_Breakout,MCX.NS,2953.7,903.55,1187.07,31.38%,2025-04-07,2025-04-21
2026-08-17 06:49:06,V20_Range_Breakout,HONAUT.NS,36550.0,28459.53,36446.95,28.07%,2026-05-19,2026-05-22
2026-08-17 06:49:06,V20_Range_Breakout,BAJAJFINSV.NS,2020.3,1939.49,2383.95,22.50%,2026-01-01,2026-01-15
2026-08-17 06:49:06,V20_Range_Breakout,BSE.NS,3318.4,2384.72,2910.33,22.04%,2025-05-29,2025-06-05
2026-08-17 06:49:06,V20_Range_Breakout,COLPAL.NS,1965.3,1886.69,2319.05,22.50%,2026-01-01,2026-01-15
2026-08-17 06:49:06,V20_Range_Breakout,NAM-INDIA.NS,1192.9,304.5,369.14,21.23%,2023-10-09,2023-10-13
2026-08-17 06:49:06,V20_Range_Breakout,ICICIGI.NS,1624.9,1559.9,1917.38,22.50%,2026-01-01,2026-01-15
2026-08-17 06:49:06,V20_Range_Breakout,LT.NS,4058.0,3895.68,4788.44,22.50%,2026-01-01,2026-01-15
2026-08-17 06:49:06,V20_Range_Breakout,VBL.NS,438.4,393.99,474.22,20.36%,2026-04-07,2026-04-17
2026-08-17 06:49:06,V20_Range_Breakout,SBIN.NS,1056.1,1013.86,1246.2,22.50%,2026-01-01,2026-01-15
2026-08-17 06:49:06,V20_Range_Breakout,INDHOTEL.NS,718.0,689.28,847.24,22.50%,2026-01-01,2026-01-15
2026-08-17 06:49:06,V20_Range_Breakout,MEDANTA.NS,1420.4,1009.28,1259.1,24.75%,2025-04-07,2025-04-08
2026-08-17 06:49:06,V20_Range_Breakout,ABBOTINDIA.NS,26740.0,25670.4,31553.2,22.50%,2026-01-01,2026-01-15
2026-08-17 06:49:06,V20_Range_Breakout,ICICIBANK.NS,1416.5,1359.84,1671.47,22.50%,2026-01-01,2026-01-15
2026-08-17 06:49:06,V20_Range_Breakout,BOSCHLTD.NS,47030.0,28929.63,37423.73,29.36%,2026-04-01,2026-04-10
2026-08-17 06:49:06,V20_Range_Breakout,APOLLOHOSP.NS,8902.5,8546.4,10504.95,22.50%,2026-01-01,2026-01-15
2026-08-17 06:49:06,V20_Range_Breakout,M&M.NS,3408.8,3272.45,4022.38,22.50%,2026-01-01,2026-01-15
2026-08-17 06:49:06,V20_Range_Breakout,ADANIPORTS.NS,1681.0,1613.76,1983.58,22.50%,2026-01-01,2026-01-15
2026-08-17 06:49:06,V20_Range_Breakout,LALPATHLAB.NS,1886.0,1810.56,2225.48,22.50%,2026-01-01,2026-01-15
2026-08-17 06:49:06,V20_Range_Breakout,VOLTAS.NS,1270.8,1125.16,1394.41,23.93%,2025-02-01,2025-02-03
2026-08-17 06:49:06,V20_Range_Breakout,BATAINDIA.NS,759.4,729.02,896.09,22.50%,2026-01-01,2026-01-15
2026-08-17 06:49:06,V20_Range_Breakout,GODREJCP.NS,930.2,892.99,1097.64,22.50%,2026-01-01,2026-01-15
2026-08-17 06:49:06,V20_Range_Breakout,DABUR.NS,405.8,389.57,478.84,22.50%,2026-01-01,2026-01-15
2026-08-17 06:49:06,V20_Range_Breakout,KOTAKBANK.NS,392.6,376.9,463.27,22.50%,2026-01-01,2026-01-15
2026-08-17 06:49:06,V20_Range_Breakout,PAGEIND.NS,37460.0,35961.6,44202.8,22.50%,2026-01-01,2026-01-15
2026-08-17 06:49:06,V20_Range_Breakout,RADICO.NS,4647.6,2704.0,3357.55,24.17%,2026-04-10,2026-04-20
2026-08-17 06:49:06,V20_Range_Breakout,UNITDSPR.NS,1537.7,1476.19,1814.49,22.50%,2026-01-01,2026-01-15
2026-08-17 06:49:06,V20_Range_Breakout,HAVELLS.NS,1311.7,1373.11,1654.06,20.46%,2025-04-07,2025-04-22
2026-08-17 06:49:06,V20_Range_Breakout,MARICO.NS,861.25,826.8,1016.27,22.50%,2026-01-01,2026-01-15
2026-08-17 06:49:06,V20_Range_Breakout,KAJARIACER.NS,1248.0,945.5,1178.0,24.59%,2026-04-01,2026-04-15
2026-08-17 06:49:06,V20_Range_Breakout,NESTLEIND.NS,1484.1,1424.74,1751.24,22.50%,2026-01-01,2026-01-15
2026-08-17 06:49:06,V20_Range_Breakout,FORTIS.NS,915.0,878.4,1079.7,22.50%,2026-01-01,2026-01-15
2026-08-17 06:49:06,V20_Range_Breakout,GILLETTE.NS,7570.0,7265.28,8796.35,21.07%,2025-02-18,2025-02-20
2026-08-17 06:49:06,V20_Range_Breakout,ASIANPAINT.NS,2700.7,2592.67,3186.83,22.50%,2026-01-01,2026-01-15
2026-08-17 06:49:06,V20_Range_Breakout,ASTRAZEN.NS,7651.0,7758.7,9954.35,28.30%,2025-05-29,2025-06-05
2026-08-17 06:49:06,V20_Range_Breakout,TITAN.NS,5094.0,4890.24,6010.92,22.50%,2026-01-01,2026-01-15
2026-08-17 06:49:06,V20_Range_Breakout,BLUESTARCO.NS,1511.3,1573.78,1911.62,21.47%,2026-04-08,2026-04-20
2026-08-17 06:49:06,V20_Range_Breakout,ACC.NS,1306.2,1253.95,1541.32,22.50%,2026-01-01,2026-01-15
2026-08-17 06:49:06,V20_Range_Breakout,ITC.NS,273.7,262.75,322.97,22.50%,2026-01-01,2026-01-15
2026-08-17 06:49:06,V20_Range_Breakout,DIXON.NS,14132.0,12749.33,16820.51,31.93%,2025-04-09,2025-04-22
2026-08-17 06:49:06,V20_Range_Breakout,DMART.NS,4016.0,3685.1,4562.6,23.81%,2026-03-24,2026-04-06
2026-08-17 06:49:06,V20_Range_Breakout,ICICIPRULI.NS,506.45,486.19,597.61,22.50%,2026-01-01,2026-01-15
2026-08-17 06:49:06,V20_Range_Breakout,PGHH.NS,8398.5,8062.56,9910.23,22.50%,2026-01-01,2026-01-15
2026-08-17 06:49:06,V20_Range_Breakout,EICHERMOT.NS,8085.0,7761.6,9540.3,22.50%,2026-01-01,2026-01-15
2026-08-17 06:49:06,V20_Range_Breakout,INFY.NS,1144.4,1098.62,1350.39,22.50%,2026-01-01,2026-01-15
2026-08-17 06:49:06,V20_Range_Breakout,TCS.NS,2327.7,2234.59,2746.69,22.50%,2026-01-01,2026-01-15
2026-08-17 06:49:06,V20_Range_Breakout,GLAXO.NS,2701.0,1894.45,2642.36,39.48%,2025-02-14,2025-02-20
2026-08-17 06:49:06,V20_Range_Breakout,BAJFINANCE.NS,1094.9,1051.1,1291.98,22.50%,2026-01-01,2026-01-15
2026-08-17 06:49:06,V20_Range_Breakout,SANOFI.NS,3198.2,5620.1,10037.9,78.61%,2024-06-07,2024-06-13
2026-08-17 06:49:06,V20_Range_Breakout,ERIS.NS,1342.0,1091.34,1389.64,27.33%,2025-04-07,2025-04-11
2026-08-17 06:49:06,V20_Range_Breakout,HINDUNILVR.NS,2062.7,1980.19,2433.99,22.50%,2026-01-01,2026-01-15
2026-08-17 06:49:06,V20_Range_Breakout,HDFCBANK.NS,725.25,696.24,855.79,22.50%,2026-01-01,2026-01-15
2026-08-17 06:49:06,V20_Range_Breakout,RELIANCE.NS,1302.4,1250.3,1536.83,22.50%,2026-01-01,2026-01-15
2026-08-17 06:49:06,V20_Range_Breakout,CIPLA.NS,1428.8,1371.65,1685.98,22.50%,2026-01-01,2026-01-15
2026-08-17 06:49:06,V20_Range_Breakout,TEAMLEASE.NS,1237.4,2854.65,3478.0,21.84%,2024-07-23,2024-07-29
2026-08-17 06:49:06,V20_Range_Breakout,CAMS.NS,766.2,867.21,1041.1,20.05%,2024-11-25,2024-12-05
2026-08-17 06:49:06,V20_Range_Breakout,HDFCAMC.NS,2531.8,2430.53,2987.52,22.50%,2026-01-01,2026-01-15
2026-08-17 06:49:06,V20_Range_Breakout,RELAXO.NS,392.5,363.7,439.95,20.97%,2026-07-17,2026-07-17
2026-08-17 06:49:06,V20_Range_Breakout,AWL.NS,191.77,184.1,226.29,22.50%,2026-01-01,2026-01-15
2026-08-17 06:49:06,V20_Range_Breakout,QUESS.NS,334.05,238.3,299.62,25.73%,2026-06-30,2026-07-07
2026-08-17 06:49:06,V20_Range_Breakout,HCLTECH.NS,1334.8,1281.41,1575.06,22.50%,2026-01-01,2026-01-15
2026-08-17 06:49:06,V20_Range_Breakout,HDFCLIFE.NS,543.0,521.28,640.74,22.50%,2026-01-01,2026-01-15
2026-08-17 06:49:06,V20_Range_Breakout,JIOFIN.NS,247.9,270.84,345.65,27.62%,2024-02-19,2024-02-23
2026-08-17 06:49:06,V20_Range_Breakout,ULTRACEMCO.NS,11660.0,11193.6,13758.8,22.50%,2026-01-01,2026-01-15
2026-08-17 06:49:06,V20_Range_Breakout,CDSL.NS,1346.9,1293.02,1589.34,22.50%,2026-01-01,2026-01-15
2026-08-17 06:49:06,V20_Range_Breakout,BAJAJ-AUTO.NS,11754.0,11283.84,13869.72,22.50%,2026-01-01,2026-01-15
2026-08-17 06:49:06,V20_Range_Breakout,PFIZER.NS,4900.0,4212.44,5601.44,32.97%,2025-05-19,2025-06-05
2026-08-17 06:49:06,V20_Range_Breakout,MRF.NS,133150.0,127824.0,157117.0,22.50%,2026-01-01,2026-01-15
2026-08-17 10:29:06,V20_Range_Breakout,FORTIS.NS,908.75,872.4,1072.33,22.50%,2026-01-01,2026-01-15
2026-08-17 10:29:06,V20_Range_Breakout,MARUTI.NS,13760.0,13209.6,16236.8,22.50%,2026-01-01,2026-01-15
2026-08-17 10:29:06,V20_Range_Breakout,ERIS.NS,1348.9,1091.34,1389.64,27.33%,2025-04-07,2025-04-11
2026-08-17 10:29:06,V20_Range_Breakout,DIXON.NS,14025.0,12749.33,16820.51,31.93%,2025-04-09,2025-04-22
2026-08-17 10:29:06,V20_Range_Breakout,SANOFI.NS,3197.4,5620.1,10037.9,78.61%,2024-06-07,2024-06-13
2026-08-17 10:29:06,V20_Range_Breakout,QUESS.NS,343.9,238.3,299.62,25.73%,2026-06-30,2026-07-07
2026-08-17 10:29:06,V20_Range_Breakout,CAMS.NS,776.25,867.21,1041.1,20.05%,2024-11-25,2024-12-05
2026-08-17 10:29:06,V20_Range_Breakout,HDFCLIFE.NS,543.0,521.28,640.74,22.50%,2026-01-01,2026-01-15
2026-08-17 10:29:06,V20_Range_Breakout,AWL.NS,193.34,185.61,228.14,22.50%,2026-01-01,2026-01-15
2026-08-17 10:29:06,V20_Range_Breakout,JIOFIN.NS,249.75,270.84,345.65,27.62%,2024-02-19,2024-02-23
2026-08-17 10:29:06,V20_Range_Breakout,INFY.NS,1139.9,1094.3,1345.08,22.50%,2026-01-01,2026-01-15
2026-08-17 10:29:06,V20_Range_Breakout,KOTAKBANK.NS,392.7,376.99,463.39,22.50%,2026-01-01,2026-01-15
2026-08-17 10:29:06,V20_Range_Breakout,ITC.NS,273.05,262.13,322.2,22.50%,2026-01-01,2026-01-15
2026-08-17 10:29:06,V20_Range_Breakout,ACC.NS,1316.6,1263.94,1553.59,22.50%,2026-01-01,2026-01-15
2026-08-17 10:29:06,V20_Range_Breakout,TCS.NS,2313.2,2220.67,2729.58,22.50%,2026-01-01,2026-01-15
2026-08-17 10:29:06,V20_Range_Breakout,ASTRAZEN.NS,7640.5,7758.7,9954.35,28.30%,2025-05-29,2025-06-05
2026-08-17 10:29:06,V20_Range_Breakout,VBL.NS,433.85,393.99,474.22,20.36%,2026-04-07,2026-04-17
2026-08-17 10:29:06,V20_Range_Breakout,APOLLOHOSP.NS,8825.5,8472.48,10414.09,22.50%,2026-01-01,2026-01-15
2026-08-17 10:29:06,V20_Range_Breakout,COLPAL.NS,1964.0,1885.44,2317.52,22.50%,2026-01-01,2026-01-15
2026-08-17 10:29:06,V20_Range_Breakout,HDFCBANK.NS,729.0,699.84,860.22,22.50%,2026-01-01,2026-01-15
2026-08-17 10:29:06,V20_Range_Breakout,SBIN.NS,1061.2,1018.75,1252.22,22.50%,2026-01-01,2026-01-15
2026-08-17 10:29:06,V20_Range_Breakout,PFIZER.NS,4829.1,4212.44,5601.44,32.97%,2025-05-19,2025-06-05
2026-08-17 10:29:06,V20_Range_Breakout,JSWINFRA.NS,335.4,321.98,395.77,22.50%,2026-01-01,2026-01-15
2026-08-17 10:29:06,V20_Range_Breakout,BAJFINANCE.NS,1089.3,1045.73,1285.37,22.50%,2026-01-01,2026-01-15
2026-08-17 10:29:06,V20_Range_Breakout,HAVELLS.NS,1299.0,1373.11,1654.06,20.46%,2025-04-07,2025-04-22
2026-08-17 10:29:06,V20_Range_Breakout,BAJAJFINSV.NS,2005.0,1924.8,2365.9,22.50%,2026-01-01,2026-01-15
2026-08-17 10:29:06,V20_Range_Breakout,RELAXO.NS,391.2,363.7,439.95,20.97%,2026-07-17,2026-07-17
2026-08-17 10:29:06,V20_Range_Breakout,BLUESTARCO.NS,1508.1,1573.78,1911.62,21.47%,2026-04-08,2026-04-20
2026-08-17 10:29:06,V20_Range_Breakout,LALPATHLAB.NS,1877.3,1802.21,2215.21,22.50%,2026-01-01,2026-01-15
2026-08-17 10:29:06,V20_Range_Breakout,ADANIPORTS.NS,1691.0,1623.36,1995.38,22.50%,2026-01-01,2026-01-15
2026-08-17 10:29:06,V20_Range_Breakout,TITAN.NS,5068.5,4865.76,5980.83,22.50%,2026-01-01,2026-01-15
2026-08-17 10:29:06,V20_Range_Breakout,ANGELONE.NS,293.5,227.75,283.32,24.40%,2026-04-01,2026-04-09
2026-08-17 10:29:06,V20_Range_Breakout,MEDANTA.NS,1415.1,1009.28,1259.1,24.75%,2025-04-07,2025-04-08
2026-08-17 10:29:06,V20_Range_Breakout,ICICIBANK.NS,1415.3,1358.69,1670.05,22.50%,2026-01-01,2026-01-15
2026-08-17 10:29:06,V20_Range_Breakout,PAGEIND.NS,37360.0,35865.6,44084.8,22.50%,2026-01-01,2026-01-15
2026-08-17 10:29:06,V20_Range_Breakout,CIPLA.NS,1431.5,1374.24,1689.17,22.50%,2026-01-01,2026-01-15
2026-08-17 10:29:06,V20_Range_Breakout,BATAINDIA.NS,758.1,727.78,894.56,22.50%,2026-01-01,2026-01-15
2026-08-17 10:29:06,V20_Range_Breakout,ABBOTINDIA.NS,26905.0,25828.8,31747.9,22.50%,2026-01-01,2026-01-15
2026-08-17 10:29:06,V20_Range_Breakout,M&M.NS,3390.4,3254.78,4000.67,22.50%,2026-01-01,2026-01-15
2026-08-17 10:29:06,V20_Range_Breakout,HDFCAMC.NS,2523.0,2422.08,2977.14,22.50%,2026-01-01,2026-01-15
2026-08-17 10:29:06,V20_Range_Breakout,UNITDSPR.NS,1545.0,1483.2,1823.1,22.50%,2026-01-01,2026-01-15
2026-08-17 10:29:06,V20_Range_Breakout,DMART.NS,3995.0,3685.1,4562.6,23.81%,2026-03-24,2026-04-06
2026-08-17 10:29:06,V20_Range_Breakout,MRF.NS,133015.0,127694.4,156957.7,22.50%,2026-01-01,2026-01-15
2026-08-17 10:29:06,V20_Range_Breakout,PIDILITIND.NS,1669.0,1602.24,1969.42,22.50%,2026-01-01,2026-01-15
2026-08-17 10:29:06,V20_Range_Breakout,RADICO.NS,4693.4,2704.0,3357.55,24.17%,2026-04-10,2026-04-20
2026-08-17 10:29:06,V20_Range_Breakout,AXISBANK.NS,1227.3,1178.21,1448.21,22.50%,2026-01-01,2026-01-15
2026-08-17 10:29:06,V20_Range_Breakout,HCLTECH.NS,1325.0,1132.93,1377.0,21.54%,2026-07-15,2026-08-03
2026-08-17 10:29:06,V20_Range_Breakout,BOSCHLTD.NS,46970.0,28929.63,37423.73,29.36%,2026-04-01,2026-04-10
2026-08-17 10:29:06,V20_Range_Breakout,MCX.NS,2933.1,903.55,1187.07,31.38%,2025-04-07,2025-04-21
2026-08-17 10:29:06,V20_Range_Breakout,HINDUNILVR.NS,2055.0,1972.8,2424.9,22.50%,2026-01-01,2026-01-15
2026-08-17 10:29:06,V20_Range_Breakout,RELIANCE.NS,1316.0,1263.36,1552.88,22.50%,2026-01-01,2026-01-15
2026-08-17 10:29:06,V20_Range_Breakout,UBL.NS,1367.9,1313.18,1614.12,22.50%,2026-01-01,2026-01-15
2026-08-17 10:29:06,V20_Range_Breakout,CDSL.NS,1356.8,1302.53,1601.02,22.50%,2026-01-01,2026-01-15
2026-08-17 10:29:06,V20_Range_Breakout,EICHERMOT.NS,8050.0,7728.0,9499.0,22.50%,2026-01-01,2026-01-15
2026-08-17 10:29:06,V20_Range_Breakout,ASIANPAINT.NS,2687.5,2580.0,3171.25,22.50%,2026-01-01,2026-01-15
2026-08-17 10:29:06,V20_Range_Breakout,KAJARIACER.NS,1251.6,945.5,1178.0,24.59%,2026-04-01,2026-04-15
2026-08-17 10:29:06,V20_Range_Breakout,MARICO.NS,852.05,817.97,1005.42,22.50%,2026-01-01,2026-01-15
2026-08-17 10:29:06,V20_Range_Breakout,NAM-INDIA.NS,1202.7,304.5,369.14,21.23%,2023-10-09,2023-10-13
2026-08-17 10:29:06,V20_Range_Breakout,HONAUT.NS,36400.0,28459.53,36446.95,28.07%,2026-05-19,2026-05-22
2026-08-17 10:29:06,V20_Range_Breakout,INDHOTEL.NS,720.0,691.2,849.6,22.50%,2026-01-01,2026-01-15
2026-08-17 10:29:06,V20_Range_Breakout,ULTRACEMCO.NS,11681.0,11213.76,13783.58,22.50%,2026-01-01,2026-01-15
2026-08-17 10:29:06,V20_Range_Breakout,BAJAJ-AUTO.NS,11663.0,11196.48,13762.34,22.50%,2026-01-01,2026-01-15
2026-08-17 10:29:06,V20_Range_Breakout,HYUNDAI.NS,2190.0,2102.4,2584.2,22.50%,2026-01-01,2026-01-15
2026-08-17 10:29:06,V20_Range_Breakout,GILLETTE.NS,7569.5,7265.28,8796.35,21.07%,2025-02-18,2025-02-20
2026-08-17 10:29:06,V20_Range_Breakout,LT.NS,4086.7,3923.23,4822.31,22.50%,2026-01-01,2026-01-15
2026-08-17 10:29:06,V20_Range_Breakout,BSE.NS,3332.0,2384.72,2910.33,22.04%,2025-05-29,2025-06-05
2026-08-17 10:29:06,V20_Range_Breakout,ICICIPRULI.NS,507.0,486.72,598.26,22.50%,2026-01-01,2026-01-15
2026-08-17 10:29:06,V20_Range_Breakout,NESTLEIND.NS,1470.0,1411.2,1734.6,22.50%,2026-01-01,2026-01-15
2026-08-17 10:29:06,V20_Range_Breakout,TEAMLEASE.NS,1239.6,2854.65,3478.0,21.84%,2024-07-23,2024-07-29
2026-08-17 10:29:06,V20_Range_Breakout,DABUR.NS,406.8,390.53,480.02,22.50%,2026-01-01,2026-01-15
2026-08-17 10:29:06,V20_Range_Breakout,PGHH.NS,8365.0,8030.4,9870.7,22.50%,2026-01-01,2026-01-15
2026-08-17 10:29:06,V20_Range_Breakout,GLAXO.NS,2702.9,1894.45,2642.36,39.48%,2025-02-14,2025-02-20
2026-08-17 10:29:06,V20_Range_Breakout,VOLTAS.NS,1267.0,1125.16,1394.41,23.93%,2025-02-01,2025-02-03
2026-08-17 10:29:06,V20_Range_Breakout,ICICIGI.NS,1626.3,1561.25,1919.03,22.50%,2026-01-01,2026-01-15
2026-08-17 10:29:06,V20_Range_Breakout,GODREJCP.NS,928.0,890.88,1095.04,22.50%,2026-01-01,2026-01-15
2026-08-18 06:37:57,V20_Range_Breakout,BAJAJFINSV.NS,2007.0,1926.72,2368.26,22.50%,2026-01-01,2026-01-15
2026-08-18 06:37:57,V20_Range_Breakout,DABUR.NS,403.75,387.6,476.42,22.50%,2026-01-01,2026-01-15
2026-08-18 06:37:57,V20_Range_Breakout,ASTRAZEN.NS,7650.0,7758.7,9954.35,28.30%,2025-05-29,2025-06-05
2026-08-18 06:37:57,V20_Range_Breakout,GLAXO.NS,2704.8,1894.45,2642.36,39.48%,2025-02-14,2025-02-20
2026-08-18 06:37:57,V20_Range_Breakout,GODREJCP.NS,929.0,891.84,1096.22,22.50%,2026-01-01,2026-01-15
2026-08-18 06:37:57,V20_Range_Breakout,PAGEIND.NS,36635.0,35169.6,43229.3,22.50%,2026-01-01,2026-01-15
2026-08-18 06:37:57,V20_Range_Breakout,JSWINFRA.NS,333.55,320.21,393.59,22.50%,2026-01-01,2026-01-15
2026-08-18 06:37:57,V20_Range_Breakout,UNITDSPR.NS,1539.9,1478.3,1817.08,22.50%,2026-01-01,2026-01-15
2026-08-18 06:37:57,V20_Range_Breakout,TCS.NS,2284.0,2192.64,2695.12,22.50%,2026-01-01,2026-01-15
2026-08-18 06:37:57,V20_Range_Breakout,CDSL.NS,1340.2,1286.59,1581.44,22.50%,2026-01-01,2026-01-15
2026-08-18 06:37:57,V20_Range_Breakout,ICICIGI.NS,1622.1,1557.22,1914.08,22.50%,2026-01-01,2026-01-15
2026-08-18 06:37:57,V20_Range_Breakout,FORTIS.NS,907.55,871.25,1070.91,22.50%,2026-01-01,2026-01-15
2026-08-18 06:37:57,V20_Range_Breakout,TITAN.NS,5052.6,4850.5,5962.07,22.50%,2026-01-01,2026-01-15
2026-08-18 06:37:57,V20_Range_Breakout,JIOFIN.NS,247.35,270.84,345.65,27.62%,2024-02-19,2024-02-23
2026-08-18 06:37:57,V20_Range_Breakout,MRF.NS,133460.0,128121.6,157482.8,22.50%,2026-01-01,2026-01-15
2026-08-18 06:37:57,V20_Range_Breakout,ASIANPAINT.NS,2615.7,2511.07,3086.53,22.50%,2026-01-01,2026-01-15
2026-08-18 06:37:57,V20_Range_Breakout,BOSCHLTD.NS,48235.0,28929.63,37423.73,29.36%,2026-04-01,2026-04-10
2026-08-18 06:37:57,V20_Range_Breakout,CAMS.NS,760.2,867.21,1041.1,20.05%,2024-11-25,2024-12-05
2026-08-18 06:37:57,V20_Range_Breakout,HCLTECH.NS,1299.3,1247.33,1533.17,22.50%,2026-01-01,2026-01-15
2026-08-18 06:37:57,V20_Range_Breakout,ICICIBANK.NS,1411.4,1354.94,1665.45,22.50%,2026-01-01,2026-01-15
2026-08-18 06:37:57,V20_Range_Breakout,HINDUNILVR.NS,2041.5,1959.84,2408.97,22.50%,2026-01-01,2026-01-15
2026-08-18 06:37:57,V20_Range_Breakout,MEDANTA.NS,1428.0,1009.28,1259.1,24.75%,2025-04-07,2025-04-08
2026-08-18 06:37:57,V20_Range_Breakout,VBL.NS,438.7,393.99,474.22,20.36%,2026-04-07,2026-04-17
2026-08-18 06:37:57,V20_Range_Breakout,GILLETTE.NS,7525.0,7265.28,8796.35,21.07%,2025-02-18,2025-02-20
2026-08-18 06:37:57,V20_Range_Breakout,DIXON.NS,14171.0,12749.33,16820.51,31.93%,2025-04-09,2025-04-22
2026-08-18 06:37:57,V20_Range_Breakout,VOLTAS.NS,1251.0,1125.16,1394.41,23.93%,2025-02-01,2025-02-03
2026-08-18 06:37:57,V20_Range_Breakout,PFIZER.NS,4755.9,4212.44,5601.44,32.97%,2025-05-19,2025-06-05
2026-08-18 06:37:57,V20_Range_Breakout,LALPATHLAB.NS,1892.6,1816.9,2233.27,22.50%,2026-01-01,2026-01-15
2026-08-18 06:37:57,V20_Range_Breakout,RELAXO.NS,380.85,363.7,439.95,20.97%,2026-07-17,2026-07-17
2026-08-18 06:37:57,V20_Range_Breakout,PGHH.NS,8342.5,8008.8,9844.15,22.50%,2026-01-01,2026-01-15
2026-08-18 06:37:57,V20_Range_Breakout,HAVELLS.NS,1296.3,1373.11,1654.06,20.46%,2025-04-07,2025-04-22
2026-08-18 06:37:57,V20_Range_Breakout,QUESS.NS,350.65,238.3,299.62,25.73%,2026-06-30,2026-07-07
2026-08-18 06:37:57,V20_Range_Breakout,HDFCLIFE.NS,541.3,519.65,638.73,22.50%,2026-01-01,2026-01-15
2026-08-18 06:37:57,V20_Range_Breakout,RELIANCE.NS,1325.0,1272.0,1563.5,22.50%,2026-01-01,2026-01-15
2026-08-18 06:37:57,V20_Range_Breakout,BSE.NS,3283.0,2384.72,2910.33,22.04%,2025-05-29,2025-06-05
2026-08-18 06:37:57,V20_Range_Breakout,BAJAJ-AUTO.NS,11654.0,11187.84,13751.72,22.50%,2026-01-01,2026-01-15
2026-08-18 06:37:57,V20_Range_Breakout,INDHOTEL.NS,714.9,686.3,843.58,22.50%,2026-01-01,2026-01-15
2026-08-18 06:37:57,V20_Range_Breakout,UBL.NS,1362.9,1308.38,1608.22,22.50%,2026-01-01,2026-01-15
2026-08-18 06:37:57,V20_Range_Breakout,EICHERMOT.NS,8088.0,7764.48,9543.84,22.50%,2026-01-01,2026-01-15
2026-08-18 06:37:57,V20_Range_Breakout,ICICIPRULI.NS,504.35,484.18,595.13,22.50%,2026-01-01,2026-01-15
2026-08-18 06:37:57,V20_Range_Breakout,ERIS.NS,1348.2,1091.34,1389.64,27.33%,2025-04-07,2025-04-11
2026-08-18 06:37:57,V20_Range_Breakout,CIPLA.NS,1432.9,1375.58,1690.82,22.50%,2026-01-01,2026-01-15
2026-08-18 06:37:57,V20_Range_Breakout,ADANIPORTS.NS,1676.7,1609.63,1978.51,22.50%,2026-01-01,2026-01-15
2026-08-18 06:37:57,V20_Range_Breakout,INFY.NS,1115.1,1070.5,1315.82,22.50%,2026-01-01,2026-01-15
2026-08-18 06:37:57,V20_Range_Breakout,BAJFINANCE.NS,1096.8,1052.93,1294.22,22.50%,2026-01-01,2026-01-15
2026-08-18 06:37:57,V20_Range_Breakout,NESTLEIND.NS,1466.2,1407.55,1730.12,22.50%,2026-01-01,2026-01-15
2026-08-18 06:37:57,V20_Range_Breakout,COLPAL.NS,1911.9,1835.42,2256.04,22.50%,2026-01-01,2026-01-15
2026-08-18 06:37:57,V20_Range_Breakout,KAJARIACER.NS,1237.1,945.5,1178.0,24.59%,2026-04-01,2026-04-15
2026-08-18 06:37:57,V20_Range_Breakout,AWL.NS,191.5,183.84,225.97,22.50%,2026-01-01,2026-01-15
2026-08-18 06:37:57,V20_Range_Breakout,MARUTI.NS,13830.0,13276.8,16319.4,22.50%,2026-01-01,2026-01-15
2026-08-18 06:37:57,V20_Range_Breakout,ANGELONE.NS,288.25,227.75,283.32,24.40%,2026-04-01,2026-04-09
2026-08-18 06:37:57,V20_Range_Breakout,HYUNDAI.NS,2214.8,2126.21,2613.46,22.50%,2026-01-01,2026-01-15
2026-08-18 06:37:57,V20_Range_Breakout,HDFCBANK.NS,725.85,696.82,856.5,22.50%,2026-01-01,2026-01-15
2026-08-18 06:37:57,V20_Range_Breakout,DMART.NS,3996.2,3685.1,4562.6,23.81%,2026-03-24,2026-04-06
2026-08-18 06:37:57,V20_Range_Breakout,SBIN.NS,1057.0,1014.72,1247.26,22.50%,2026-01-01,2026-01-15
2026-08-18 06:37:57,V20_Range_Breakout,NAM-INDIA.NS,1173.4,304.5,369.14,21.23%,2023-10-09,2023-10-13
2026-08-18 06:37:57,V20_Range_Breakout,LT.NS,4080.2,3916.99,4814.64,22.50%,2026-01-01,2026-01-15
2026-08-18 06:37:57,V20_Range_Breakout,PIDILITIND.NS,1661.6,1595.14,1960.69,22.50%,2026-01-01,2026-01-15
2026-08-18 06:37:57,V20_Range_Breakout,ABBOTINDIA.NS,26595.0,25531.2,31382.1,22.50%,2026-01-01,2026-01-15
2026-08-18 06:37:57,V20_Range_Breakout,MARICO.NS,847.65,813.74,1000.23,22.50%,2026-01-01,2026-01-15
2026-08-18 06:37:57,V20_Range_Breakout,KOTAKBANK.NS,392.4,376.7,463.03,22.50%,2026-01-01,2026-01-15
2026-08-18 06:37:57,V20_Range_Breakout,HDFCAMC.NS,2509.9,2409.5,2961.68,22.50%,2026-01-01,2026-01-15
2026-08-18 06:37:57,V20_Range_Breakout,HONAUT.NS,36295.0,28459.53,36446.95,28.07%,2026-05-19,2026-05-22
2026-08-18 06:37:57,V20_Range_Breakout,BLUESTARCO.NS,1501.0,1573.78,1911.62,21.47%,2026-04-08,2026-04-20
2026-08-18 06:37:57,V20_Range_Breakout,AXISBANK.NS,1239.9,1190.3,1463.08,22.50%,2026-01-01,2026-01-15
2026-08-18 06:37:57,V20_Range_Breakout,ITC.NS,271.5,260.64,320.37,22.50%,2026-01-01,2026-01-15
2026-08-18 06:37:57,V20_Range_Breakout,RADICO.NS,4669.8,2704.0,3357.55,24.17%,2026-04-10,2026-04-20
2026-08-18 06:37:57,V20_Range_Breakout,ACC.NS,1315.5,1262.88,1552.29,22.50%,2026-01-01,2026-01-15
2026-08-18 06:37:57,V20_Range_Breakout,M&M.NS,3429.9,3292.7,4047.28,22.50%,2026-01-01,2026-01-15
2026-08-18 06:37:57,V20_Range_Breakout,APOLLOHOSP.NS,8797.0,8445.12,10380.46,22.50%,2026-01-01,2026-01-15
2026-08-18 06:37:57,V20_Range_Breakout,ULTRACEMCO.NS,11587.0,11123.52,13672.66,22.50%,2026-01-01,2026-01-15
2026-08-18 06:37:57,V20_Range_Breakout,TEAMLEASE.NS,1249.5,2854.65,3478.0,21.84%,2024-07-23,2024-07-29
2026-08-18 06:37:57,V20_Range_Breakout,SANOFI.NS,3225.8,5620.1,10037.9,78.61%,2024-06-07,2024-06-13
2026-08-18 06:37:57,V20_Range_Breakout,BATAINDIA.NS,752.9,722.78,888.42,22.50%,2026-01-01,2026-01-15
2026-08-18 06:37:57,V20_Range_Breakout,MCX.NS,3028.1,903.55,1187.07,31.38%,2025-04-07,2025-04-21
2026-08-18 10:25:13,V20_Range_Breakout,FORTIS.NS,916.7,880.03,1081.71,22.50%,2026-01-01,2026-01-15
2026-08-18 10:25:13,V20_Range_Breakout,INFY.NS,1115.0,1070.4,1315.7,22.50%,2026-01-01,2026-01-15
2026-08-18 10:25:13,V20_Range_Breakout,HDFCBANK.NS,723.0,694.08,853.14,22.50%,2026-01-01,2026-01-15
2026-08-18 10:25:13,V20_Range_Breakout,JSWINFRA.NS,328.65,315.5,387.81,22.50%,2026-01-01,2026-01-15
2026-08-18 10:25:13,V20_Range_Breakout,LALPATHLAB.NS,1901.4,1825.34,2243.65,22.50%,2026-01-01,2026-01-15
2026-08-18 10:25:13,V20_Range_Breakout,GILLETTE.NS,7517.5,7265.28,8796.35,21.07%,2025-02-18,2025-02-20
2026-08-18 10:25:13,V20_Range_Breakout,GLAXO.NS,2877.4,1894.45,2642.36,39.48%,2025-02-14,2025-02-20
2026-08-18 10:25:13,V20_Range_Breakout,BAJFINANCE.NS,1094.3,1050.53,1291.27,22.50%,2026-01-01,2026-01-15
2026-08-18 10:25:13,V20_Range_Breakout,MARUTI.NS,13691.0,13143.36,16155.38,22.50%,2026-01-01,2026-01-15
2026-08-18 10:25:13,V20_Range_Breakout,ICICIBANK.NS,1412.0,1355.52,1666.16,22.50%,2026-01-01,2026-01-15
2026-08-18 10:25:13,V20_Range_Breakout,TEAMLEASE.NS,1246.5,2854.65,3478.0,21.84%,2024-07-23,2024-07-29
2026-08-18 10:25:13,V20_Range_Breakout,UNITDSPR.NS,1520.9,1460.06,1794.66,22.50%,2026-01-01,2026-01-15
2026-08-18 10:25:13,V20_Range_Breakout,ADANIPORTS.NS,1682.4,1615.1,1985.23,22.50%,2026-01-01,2026-01-15
2026-08-18 10:25:13,V20_Range_Breakout,ACC.NS,1303.8,1251.65,1538.48,22.50%,2026-01-01,2026-01-15
2026-08-18 10:25:13,V20_Range_Breakout,APOLLOHOSP.NS,8817.0,8464.32,10404.06,22.50%,2026-01-01,2026-01-15
2026-08-18 10:25:13,V20_Range_Breakout,ITC.NS,270.0,259.2,318.6,22.50%,2026-01-01,2026-01-15
2026-08-18 10:25:13,V20_Range_Breakout,TITAN.NS,5048.6,4846.66,5957.35,22.50%,2026-01-01,2026-01-15
2026-08-18 10:25:13,V20_Range_Breakout,HAVELLS.NS,1299.7,1373.11,1654.06,20.46%,2025-04-07,2025-04-22
2026-08-18 10:25:13,V20_Range_Breakout,KAJARIACER.NS,1225.8,945.5,1178.0,24.59%,2026-04-01,2026-04-15
2026-08-18 10:25:13,V20_Range_Breakout,ICICIPRULI.NS,498.2,478.27,587.88,22.50%,2026-01-01,2026-01-15
2026-08-18 10:25:13,V20_Range_Breakout,PIDILITIND.NS,1674.0,1607.04,1975.32,22.50%,2026-01-01,2026-01-15
2026-08-18 10:25:13,V20_Range_Breakout,EICHERMOT.NS,8018.5,7697.76,9461.83,22.50%,2026-01-01,2026-01-15
2026-08-18 10:25:13,V20_Range_Breakout,HYUNDAI.NS,2186.0,2098.56,2579.48,22.50%,2026-01-01,2026-01-15
2026-08-18 10:25:13,V20_Range_Breakout,UBL.NS,1355.5,1301.28,1599.49,22.50%,2026-01-01,2026-01-15
2026-08-18 10:25:13,V20_Range_Breakout,CIPLA.NS,1431.1,1373.86,1688.7,22.50%,2026-01-01,2026-01-15
2026-08-18 10:25:13,V20_Range_Breakout,DIXON.NS,14150.0,12749.33,16820.51,31.93%,2025-04-09,2025-04-22
2026-08-18 10:25:13,V20_Range_Breakout,RELAXO.NS,383.95,363.7,439.95,20.97%,2026-07-17,2026-07-17
2026-08-18 10:25:13,V20_Range_Breakout,HCLTECH.NS,1298.0,1132.93,1377.0,21.54%,2026-07-15,2026-08-03
2026-08-18 10:25:13,V20_Range_Breakout,BLUESTARCO.NS,1493.0,1573.78,1911.62,21.47%,2026-04-08,2026-04-20
2026-08-18 10:25:13,V20_Range_Breakout,MRF.NS,133505.0,128164.8,157535.9,22.50%,2026-01-01,2026-01-15
2026-08-18 10:25:13,V20_Range_Breakout,SANOFI.NS,3242.1,5620.1,10037.9,78.61%,2024-06-07,2024-06-13
2026-08-18 10:25:13,V20_Range_Breakout,BATAINDIA.NS,753.1,722.98,888.66,22.50%,2026-01-01,2026-01-15
2026-08-18 10:25:13,V20_Range_Breakout,MARICO.NS,841.55,807.89,993.03,22.50%,2026-01-01,2026-01-15
2026-08-18 10:25:13,V20_Range_Breakout,PFIZER.NS,4799.3,4212.44,5601.44,32.97%,2025-05-19,2025-06-05
2026-08-18 10:25:13,V20_Range_Breakout,DMART.NS,3981.0,3685.1,4562.6,23.81%,2026-03-24,2026-04-06
2026-08-18 10:25:13,V20_Range_Breakout,JIOFIN.NS,245.8,270.84,345.65,27.62%,2024-02-19,2024-02-23
2026-08-18 10:25:13,V20_Range_Breakout,ASIANPAINT.NS,2628.4,2523.26,3101.51,22.50%,2026-01-01,2026-01-15
2026-08-18 10:25:13,V20_Range_Breakout,CAMS.NS,762.0,867.21,1041.1,20.05%,2024-11-25,2024-12-05
2026-08-18 10:25:13,V20_Range_Breakout,CDSL.NS,1340.6,1286.98,1581.91,22.50%,2026-01-01,2026-01-15
2026-08-18 10:25:13,V20_Range_Breakout,RELIANCE.NS,1322.0,1269.12,1559.96,22.50%,2026-01-01,2026-01-15
2026-08-18 10:25:13,V20_Range_Breakout,NAM-INDIA.NS,1170.6,304.5,369.14,21.23%,2023-10-09,2023-10-13
2026-08-18 10:25:13,V20_Range_Breakout,VBL.NS,439.3,393.99,474.22,20.36%,2026-04-07,2026-04-17
2026-08-18 10:25:13,V20_Range_Breakout,PGHH.NS,8317.0,7984.32,9814.06,22.50%,2026-01-01,2026-01-15
2026-08-18 10:25:13,V20_Range_Breakout,TCS.NS,2280.0,2188.8,2690.4,22.50%,2026-01-01,2026-01-15
2026-08-18 10:25:13,V20_Range_Breakout,INDHOTEL.NS,719.0,690.24,848.42,22.50%,2026-01-01,2026-01-15
2026-08-18 10:25:13,V20_Range_Breakout,ABBOTINDIA.NS,26580.0,25516.8,31364.4,22.50%,2026-01-01,2026-01-15
2026-08-18 10:25:13,V20_Range_Breakout,AWL.NS,190.04,182.44,224.25,22.50%,2026-01-01,2026-01-15
2026-08-18 10:25:13,V20_Range_Breakout,M&M.NS,3421.5,3284.64,4037.37,22.50%,2026-01-01,2026-01-15
2026-08-18 10:25:13,V20_Range_Breakout,NESTLEIND.NS,1462.5,1404.0,1725.75,22.50%,2026-01-01,2026-01-15
2026-08-18 10:25:13,V20_Range_Breakout,PAGEIND.NS,36425.0,34968.0,42981.5,22.50%,2026-01-01,2026-01-15
2026-08-18 10:25:13,V20_Range_Breakout,HINDUNILVR.NS,2035.0,1953.6,2401.3,22.50%,2026-01-01,2026-01-15
2026-08-18 10:25:13,V20_Range_Breakout,BSE.NS,3308.0,2384.72,2910.33,22.04%,2025-05-29,2025-06-05
2026-08-18 10:25:13,V20_Range_Breakout,BAJAJ-AUTO.NS,11607.0,11142.72,13696.26,22.50%,2026-01-01,2026-01-15
2026-08-18 10:25:13,V20_Range_Breakout,AXISBANK.NS,1243.0,1193.28,1466.74,22.50%,2026-01-01,2026-01-15
2026-08-18 10:25:13,V20_Range_Breakout,QUESS.NS,336.9,238.3,299.62,25.73%,2026-06-30,2026-07-07
2026-08-18 10:25:13,V20_Range_Breakout,RADICO.NS,4732.9,2704.0,3357.55,24.17%,2026-04-10,2026-04-20
2026-08-18 10:25:13,V20_Range_Breakout,COLPAL.NS,1903.0,1826.88,2245.54,22.50%,2026-01-01,2026-01-15
2026-08-18 10:25:13,V20_Range_Breakout,HDFCAMC.NS,2525.0,2424.0,2979.5,22.50%,2026-01-01,2026-01-15
2026-08-18 10:25:13,V20_Range_Breakout,BOSCHLTD.NS,48730.0,28929.63,37423.73,29.36%,2026-04-01,2026-04-10
2026-08-18 10:25:13,V20_Range_Breakout,VOLTAS.NS,1252.9,1125.16,1394.41,23.93%,2025-02-01,2025-02-03
2026-08-18 10:25:13,V20_Range_Breakout,SBIN.NS,1053.0,1010.88,1242.54,22.50%,2026-01-01,2026-01-15
2026-08-18 10:25:13,V20_Range_Breakout,ERIS.NS,1350.1,1091.34,1389.64,27.33%,2025-04-07,2025-04-11
2026-08-18 10:25:13,V20_Range_Breakout,HONAUT.NS,36400.0,28459.53,36446.95,28.07%,2026-05-19,2026-05-22
2026-08-18 10:25:13,V20_Range_Breakout,ULTRACEMCO.NS,11499.0,11039.04,13568.82,22.50%,2026-01-01,2026-01-15
2026-08-18 10:25:13,V20_Range_Breakout,BAJAJFINSV.NS,2011.2,1930.75,2373.22,22.50%,2026-01-01,2026-01-15
2026-08-18 10:25:13,V20_Range_Breakout,ASTRAZEN.NS,7645.0,7758.7,9954.35,28.30%,2025-05-29,2025-06-05
2026-08-18 10:25:13,V20_Range_Breakout,KOTAKBANK.NS,387.65,372.14,457.43,22.50%,2026-01-01,2026-01-15
2026-08-18 10:25:13,V20_Range_Breakout,HDFCLIFE.NS,538.25,516.72,635.13,22.50%,2026-01-01,2026-01-15
2026-08-18 10:25:13,V20_Range_Breakout,DABUR.NS,403.5,387.36,476.13,22.50%,2026-01-01,2026-01-15
2026-08-18 10:25:13,V20_Range_Breakout,MEDANTA.NS,1442.7,1009.28,1259.1,24.75%,2025-04-07,2025-04-08
2026-08-18 10:25:13,V20_Range_Breakout,GODREJCP.NS,931.0,893.76,1098.58,22.50%,2026-01-01,2026-01-15
2026-08-18 10:25:13,V20_Range_Breakout,ICICIGI.NS,1623.8,1558.85,1916.08,22.50%,2026-01-01,2026-01-15
2026-08-18 10:25:13,V20_Range_Breakout,MCX.NS,3040.0,903.55,1187.07,31.38%,2025-04-07,2025-04-21
2026-08-18 10:25:13,V20_Range_Breakout,LT.NS,4064.3,3901.73,4795.87,22.50%,2026-01-01,2026-01-15
2026-08-18 10:25:13,V20_Range_Breakout,ANGELONE.NS,291.75,227.75,283.32,24.40%,2026-04-01,2026-04-09
2026-08-19 06:38:55,V20_Range_Breakout,HAVELLS.NS,1278.7,1373.11,1654.06,20.46%,2025-04-07,2025-04-22
2026-08-19 06:38:55,V20_Range_Breakout,ITC.NS,268.55,257.81,316.89,22.50%,2026-01-01,2026-01-15
2026-08-19 06:38:55,V20_Range_Breakout,INDHOTEL.NS,719.25,690.48,848.71,22.50%,2026-01-01,2026-01-15
2026-08-19 06:38:55,V20_Range_Breakout,SBIN.NS,1050.0,1008.0,1239.0,22.50%,2026-01-01,2026-01-15
2026-08-19 06:38:55,V20_Range_Breakout,ASIANPAINT.NS,2609.0,2504.64,3078.62,22.50%,2026-01-01,2026-01-15
2026-08-19 06:38:55,V20_Range_Breakout,COLPAL.NS,1881.8,1806.53,2220.52,22.50%,2026-01-01,2026-01-15
2026-08-19 06:38:55,V20_Range_Breakout,QUESS.NS,334.85,238.3,299.62,25.73%,2026-06-30,2026-07-07
2026-08-19 06:38:55,V20_Range_Breakout,UBL.NS,1351.9,1297.82,1595.24,22.50%,2026-01-01,2026-01-15
2026-08-19 06:38:55,V20_Range_Breakout,MARICO.NS,852.8,818.69,1006.3,22.50%,2026-01-01,2026-01-15
2026-08-19 06:38:55,V20_Range_Breakout,ICICIPRULI.NS,498.95,478.99,588.76,22.50%,2026-01-01,2026-01-15
2026-08-19 06:38:55,V20_Range_Breakout,NESTLEIND.NS,1466.7,1408.03,1730.71,22.50%,2026-01-01,2026-01-15
2026-08-19 06:38:55,V20_Range_Breakout,DABUR.NS,401.45,385.39,473.71,22.50%,2026-01-01,2026-01-15
2026-08-19 06:38:55,V20_Range_Breakout,GODREJCP.NS,937.4,899.9,1106.13,22.50%,2026-01-01,2026-01-15
2026-08-19 06:38:55,V20_Range_Breakout,ABBOTINDIA.NS,26455.0,25396.8,31216.9,22.50%,2026-01-01,2026-01-15
2026-08-19 06:38:55,V20_Range_Breakout,AWL.NS,188.39,180.85,222.3,22.50%,2026-01-01,2026-01-15
2026-08-19 06:38:55,V20_Range_Breakout,DIXON.NS,14247.0,12749.33,16820.51,31.93%,2025-04-09,2025-04-22
2026-08-19 06:38:55,V20_Range_Breakout,M&M.NS,3415.0,3278.4,4029.7,22.50%,2026-01-01,2026-01-15
2026-08-19 06:38:55,V20_Range_Breakout,ERIS.NS,1344.5,1091.34,1389.64,27.33%,2025-04-07,2025-04-11
2026-08-19 06:38:55,V20_Range_Breakout,MEDANTA.NS,1437.8,1009.28,1259.1,24.75%,2025-04-07,2025-04-08
2026-08-19 06:38:55,V20_Range_Breakout,GLAXO.NS,2974.5,1894.45,2642.36,39.48%,2025-02-14,2025-02-20
2026-08-19 06:38:55,V20_Range_Breakout,KAJARIACER.NS,1206.9,945.5,1178.0,24.59%,2026-04-01,2026-04-15
2026-08-19 06:38:55,V20_Range_Breakout,PIDILITIND.NS,1659.3,1592.93,1957.97,22.50%,2026-01-01,2026-01-15
2026-08-19 06:38:55,V20_Range_Breakout,MRF.NS,133250.0,127920.0,157235.0,22.50%,2026-01-01,2026-01-15
2026-08-19 06:38:55,V20_Range_Breakout,RELAXO.NS,382.25,363.7,439.95,20.97%,2026-07-17,2026-07-17
2026-08-19 06:38:55,V20_Range_Breakout,MCX.NS,2988.0,903.55,1187.07,31.38%,2025-04-07,2025-04-21
2026-08-19 06:38:55,V20_Range_Breakout,NAM-INDIA.NS,1196.7,304.5,369.14,21.23%,2023-10-09,2023-10-13
2026-08-19 06:38:55,V20_Range_Breakout,BAJAJFINSV.NS,1995.1,1915.3,2354.22,22.50%,2026-01-01,2026-01-15
2026-08-19 06:38:55,V20_Range_Breakout,HCLTECH.NS,1312.0,1259.52,1548.16,22.50%,2026-01-01,2026-01-15
2026-08-19 06:38:55,V20_Range_Breakout,BAJFINANCE.NS,1082.1,1038.82,1276.88,22.50%,2026-01-01,2026-01-15
2026-08-19 06:38:55,V20_Range_Breakout,LALPATHLAB.NS,1880.1,1804.9,2218.52,22.50%,2026-01-01,2026-01-15
2026-08-19 06:38:55,V20_Range_Breakout,CDSL.NS,1338.8,1285.25,1579.78,22.50%,2026-01-01,2026-01-15
2026-08-19 06:38:55,V20_Range_Breakout,ICICIGI.NS,1621.4,1556.54,1913.25,22.50%,2026-01-01,2026-01-15
2026-08-19 06:38:55,V20_Range_Breakout,HONAUT.NS,36080.0,28459.53,36446.95,28.07%,2026-05-19,2026-05-22
2026-08-19 06:38:55,V20_Range_Breakout,TCS.NS,2277.3,2186.21,2687.21,22.50%,2026-01-01,2026-01-15
2026-08-19 06:38:55,V20_Range_Breakout,MARUTI.NS,13667.0,13120.32,16127.06,22.50%,2026-01-01,2026-01-15
2026-08-19 06:38:55,V20_Range_Breakout,ANGELONE.NS,291.45,227.75,283.32,24.40%,2026-04-01,2026-04-09
2026-08-19 06:38:55,V20_Range_Breakout,VOLTAS.NS,1224.0,1125.16,1394.41,23.93%,2025-02-01,2025-02-03
2026-08-19 06:38:55,V20_Range_Breakout,HDFCBANK.NS,718.25,689.52,847.53,22.50%,2026-01-01,2026-01-15
2026-08-19 06:38:55,V20_Range_Breakout,ICICIBANK.NS,1396.0,1340.16,1647.28,22.50%,2026-01-01,2026-01-15
2026-08-19 06:38:55,V20_Range_Breakout,CIPLA.NS,1423.0,1366.08,1679.14,22.50%,2026-01-01,2026-01-15
2026-08-19 06:38:55,V20_Range_Breakout,HINDUNILVR.NS,2022.4,1941.5,2386.43,22.50%,2026-01-01,2026-01-15
2026-08-19 06:38:55,V20_Range_Breakout,JSWINFRA.NS,329.95,316.75,389.34,22.50%,2026-01-01,2026-01-15
2026-08-19 06:38:55,V20_Range_Breakout,BSE.NS,3367.2,2384.72,2910.33,22.04%,2025-05-29,2025-06-05
2026-08-19 06:38:55,V20_Range_Breakout,DMART.NS,3997.5,3685.1,4562.6,23.81%,2026-03-24,2026-04-06
2026-08-19 06:38:55,V20_Range_Breakout,TEAMLEASE.NS,1233.2,2854.65,3478.0,21.84%,2024-07-23,2024-07-29
2026-08-19 06:38:55,V20_Range_Breakout,BLUESTARCO.NS,1493.0,1573.78,1911.62,21.47%,2026-04-08,2026-04-20
2026-08-19 06:38:55,V20_Range_Breakout,UNITDSPR.NS,1521.1,1460.26,1794.9,22.50%,2026-01-01,2026-01-15
2026-08-19 06:38:55,V20_Range_Breakout,RADICO.NS,4671.3,2704.0,3357.55,24.17%,2026-04-10,2026-04-20
2026-08-19 06:38:55,V20_Range_Breakout,PGHH.NS,8270.0,7939.2,9758.6,22.50%,2026-01-01,2026-01-15
2026-08-19 06:38:55,V20_Range_Breakout,TITAN.NS,5051.5,4849.44,5960.77,22.50%,2026-01-01,2026-01-15
2026-08-19 06:38:55,V20_Range_Breakout,GILLETTE.NS,7481.0,7265.28,8796.35,21.07%,2025-02-18,2025-02-20
2026-08-19 06:38:55,V20_Range_Breakout,RELIANCE.NS,1313.0,1260.48,1549.34,22.50%,2026-01-01,2026-01-15
2026-08-19 06:38:55,V20_Range_Breakout,ASTRAZEN.NS,7505.0,7758.7,9954.35,28.30%,2025-05-29,2025-06-05
2026-08-19 06:38:55,V20_Range_Breakout,ADANIPORTS.NS,1668.9,1602.14,1969.3,22.50%,2026-01-01,2026-01-15
2026-08-19 06:38:55,V20_Range_Breakout,APOLLOHOSP.NS,8768.5,8417.76,10346.83,22.50%,2026-01-01,2026-01-15
2026-08-19 06:38:55,V20_Range_Breakout,PAGEIND.NS,35670.0,34243.2,42090.6,22.50%,2026-01-01,2026-01-15
2026-08-19 06:38:55,V20_Range_Breakout,EICHERMOT.NS,8041.0,7719.36,9488.38,22.50%,2026-01-01,2026-01-15
2026-08-19 06:38:55,V20_Range_Breakout,HDFCAMC.NS,2539.3,2437.73,2996.37,22.50%,2026-01-01,2026-01-15
2026-08-19 06:38:55,V20_Range_Breakout,LT.NS,4040.0,3878.4,4767.2,22.50%,2026-01-01,2026-01-15
2026-08-19 06:38:55,V20_Range_Breakout,HDFCLIFE.NS,537.4,515.9,634.13,22.50%,2026-01-01,2026-01-15
2026-08-19 06:38:55,V20_Range_Breakout,CAMS.NS,759.3,867.21,1041.1,20.05%,2024-11-25,2024-12-05
2026-08-19 06:38:55,V20_Range_Breakout,INFY.NS,1119.5,1074.72,1321.01,22.50%,2026-01-01,2026-01-15
2026-08-19 06:38:55,V20_Range_Breakout,VBL.NS,434.5,393.99,474.22,20.36%,2026-04-07,2026-04-17
2026-08-19 06:38:55,V20_Range_Breakout,SANOFI.NS,3272.3,5620.1,10037.9,78.61%,2024-06-07,2024-06-13
2026-08-19 06:38:55,V20_Range_Breakout,BOSCHLTD.NS,48595.0,28929.63,37423.73,29.36%,2026-04-01,2026-04-10
2026-08-19 06:38:55,V20_Range_Breakout,BAJAJ-AUTO.NS,11710.0,11241.6,13817.8,22.50%,2026-01-01,2026-01-15
2026-08-19 06:38:55,V20_Range_Breakout,FORTIS.NS,915.15,878.54,1079.88,22.50%,2026-01-01,2026-01-15
2026-08-19 06:38:55,V20_Range_Breakout,ACC.NS,1289.0,1237.44,1521.02,22.50%,2026-01-01,2026-01-15
2026-08-19 06:38:55,V20_Range_Breakout,ULTRACEMCO.NS,11459.0,11000.64,13521.62,22.50%,2026-01-01,2026-01-15
2026-08-19 06:38:55,V20_Range_Breakout,JIOFIN.NS,243.75,270.84,345.65,27.62%,2024-02-19,2024-02-23
2026-08-19 06:38:55,V20_Range_Breakout,PFIZER.NS,4909.1,4212.44,5601.44,32.97%,2025-05-19,2025-06-05
2026-08-19 06:38:55,V20_Range_Breakout,AXISBANK.NS,1227.0,1177.92,1447.86,22.50%,2026-01-01,2026-01-15
2026-08-19 06:38:55,V20_Range_Breakout,BATAINDIA.NS,713.85,685.3,842.34,22.50%,2026-01-01,2026-01-15
2026-08-19 06:38:55,V20_Range_Breakout,KOTAKBANK.NS,390.45,374.83,460.73,22.50%,2026-01-01,2026-01-15
2026-08-19 06:38:55,V20_Range_Breakout,HYUNDAI.NS,2211.0,2122.56,2608.98,22.50%,2026-01-01,2026-01-15
2026-08-19 10:25:10,V20_Range_Breakout,JIOFIN.NS,243.15,270.84,345.65,27.62%,2024-02-19,2024-02-23
2026-08-19 10:25:10,V20_Range_Breakout,NESTLEIND.NS,1465.0,1406.4,1728.7,22.50%,2026-01-01,2026-01-15
2026-08-19 10:25:10,V20_Range_Breakout,HYUNDAI.NS,2174.5,2087.52,2565.91,22.50%,2026-01-01,2026-01-15
2026-08-19 10:25:10,V20_Range_Breakout,ACC.NS,1288.7,1237.15,1520.67,22.50%,2026-01-01,2026-01-15
2026-08-19 10:25:10,V20_Range_Breakout,BAJFINANCE.NS,1080.2,1036.99,1274.64,22.50%,2026-01-01,2026-01-15
2026-08-19 10:25:10,V20_Range_Breakout,ADANIPORTS.NS,1681.9,1614.62,1984.64,22.50%,2026-01-01,2026-01-15
2026-08-19 10:25:10,V20_Range_Breakout,INDHOTEL.NS,723.35,694.42,853.55,22.50%,2026-01-01,2026-01-15
2026-08-19 10:25:10,V20_Range_Breakout,AXISBANK.NS,1235.0,1185.6,1457.3,22.50%,2026-01-01,2026-01-15
2026-08-19 10:25:10,V20_Range_Breakout,ASIANPAINT.NS,2630.8,2525.57,3104.34,22.50%,2026-01-01,2026-01-15
2026-08-19 10:25:10,V20_Range_Breakout,ERIS.NS,1348.3,1091.34,1389.64,27.33%,2025-04-07,2025-04-11
2026-08-19 10:25:10,V20_Range_Breakout,MEDANTA.NS,1417.2,1009.28,1259.1,24.75%,2025-04-07,2025-04-08
2026-08-19 10:25:10,V20_Range_Breakout,GILLETTE.NS,7505.0,7265.28,8796.35,21.07%,2025-02-18,2025-02-20
2026-08-19 10:25:10,V20_Range_Breakout,HDFCAMC.NS,2551.7,2449.63,3011.01,22.50%,2026-01-01,2026-01-15
2026-08-19 10:25:10,V20_Range_Breakout,PFIZER.NS,4919.5,4212.44,5601.44,32.97%,2025-05-19,2025-06-05
2026-08-19 10:25:10,V20_Range_Breakout,PIDILITIND.NS,1650.0,1584.0,1947.0,22.50%,2026-01-01,2026-01-15
2026-08-19 10:25:10,V20_Range_Breakout,LALPATHLAB.NS,1887.2,1811.71,2226.9,22.50%,2026-01-01,2026-01-15
2026-08-19 10:25:10,V20_Range_Breakout,PAGEIND.NS,35240.0,33830.4,41583.2,22.50%,2026-01-01,2026-01-15
2026-08-19 10:25:10,V20_Range_Breakout,RELIANCE.NS,1311.0,1258.56,1546.98,22.50%,2026-01-01,2026-01-15
2026-08-19 10:25:10,V20_Range_Breakout,SANOFI.NS,3271.3,5620.1,10037.9,78.61%,2024-06-07,2024-06-13
2026-08-19 10:25:10,V20_Range_Breakout,MARICO.NS,850.0,816.0,1003.0,22.50%,2026-01-01,2026-01-15
2026-08-19 10:25:10,V20_Range_Breakout,BAJAJFINSV.NS,2012.0,1931.52,2374.16,22.50%,2026-01-01,2026-01-15
2026-08-19 10:25:10,V20_Range_Breakout,CDSL.NS,1329.0,1275.84,1568.22,22.50%,2026-01-01,2026-01-15
2026-08-19 10:25:10,V20_Range_Breakout,M&M.NS,3415.0,3278.4,4029.7,22.50%,2026-01-01,2026-01-15
2026-08-19 10:25:10,V20_Range_Breakout,TITAN.NS,5068.0,4865.28,5980.24,22.50%,2026-01-01,2026-01-15
2026-08-19 10:25:10,V20_Range_Breakout,VBL.NS,431.85,393.99,474.22,20.36%,2026-04-07,2026-04-17
2026-08-19 10:25:10,V20_Range_Breakout,ICICIBANK.NS,1402.0,1345.92,1654.36,22.50%,2026-01-01,2026-01-15
2026-08-19 10:25:10,V20_Range_Breakout,HCLTECH.NS,1324.8,1271.81,1563.26,22.50%,2026-01-01,2026-01-15
2026-08-19 10:25:10,V20_Range_Breakout,GLAXO.NS,3032.4,1894.45,2642.36,39.48%,2025-02-14,2025-02-20
2026-08-19 10:25:10,V20_Range_Breakout,JSWINFRA.NS,329.9,316.7,389.28,22.50%,2026-01-01,2026-01-15
2026-08-19 10:25:10,V20_Range_Breakout,HAVELLS.NS,1287.0,1373.11,1654.06,20.46%,2025-04-07,2025-04-22
2026-08-19 10:25:10,V20_Range_Breakout,ASTRAZEN.NS,7500.5,7758.7,9954.35,28.30%,2025-05-29,2025-06-05
2026-08-19 10:25:10,V20_Range_Breakout,UBL.NS,1354.8,1300.61,1598.66,22.50%,2026-01-01,2026-01-15
2026-08-19 10:25:10,V20_Range_Breakout,KAJARIACER.NS,1208.9,945.5,1178.0,24.59%,2026-04-01,2026-04-15
2026-08-19 10:25:10,V20_Range_Breakout,ICICIGI.NS,1615.7,1551.07,1906.53,22.50%,2026-01-01,2026-01-15
2026-08-19 10:25:10,V20_Range_Breakout,KOTAKBANK.NS,390.25,374.64,460.49,22.50%,2026-01-01,2026-01-15
2026-08-19 10:25:10,V20_Range_Breakout,COLPAL.NS,1879.6,1804.42,2217.93,22.50%,2026-01-01,2026-01-15
2026-08-19 10:25:10,V20_Range_Breakout,GODREJCP.NS,930.0,892.8,1097.4,22.50%,2026-01-01,2026-01-15
2026-08-19 10:25:10,V20_Range_Breakout,LT.NS,4041.3,3879.65,4768.73,22.50%,2026-01-01,2026-01-15
2026-08-19 10:25:10,V20_Range_Breakout,FORTIS.NS,911.3,874.85,1075.33,22.50%,2026-01-01,2026-01-15
2026-08-19 10:25:10,V20_Range_Breakout,ITC.NS,267.05,256.37,315.12,22.50%,2026-01-01,2026-01-15
2026-08-19 10:25:10,V20_Range_Breakout,PGHH.NS,8239.0,7909.44,9722.02,22.50%,2026-01-01,2026-01-15
2026-08-19 10:25:10,V20_Range_Breakout,ABBOTINDIA.NS,26405.0,25348.8,31157.9,22.50%,2026-01-01,2026-01-15
2026-08-19 10:25:10,V20_Range_Breakout,TEAMLEASE.NS,1235.2,2854.65,3478.0,21.84%,2024-07-23,2024-07-29
2026-08-19 10:25:10,V20_Range_Breakout,RELAXO.NS,373.2,363.7,439.95,20.97%,2026-07-17,2026-07-17
2026-08-19 10:25:10,V20_Range_Breakout,ICICIPRULI.NS,499.5,479.52,589.41,22.50%,2026-01-01,2026-01-15
2026-08-19 10:25:10,V20_Range_Breakout,ANGELONE.NS,289.5,227.75,283.32,24.40%,2026-04-01,2026-04-09
2026-08-19 10:25:10,V20_Range_Breakout,DIXON.NS,14462.0,12749.33,16820.51,31.93%,2025-04-09,2025-04-22
2026-08-19 10:25:10,V20_Range_Breakout,DABUR.NS,399.75,383.76,471.7,22.50%,2026-01-01,2026-01-15
2026-08-19 10:25:10,V20_Range_Breakout,UNITDSPR.NS,1524.0,1463.04,1798.32,22.50%,2026-01-01,2026-01-15
2026-08-19 10:25:10,V20_Range_Breakout,VOLTAS.NS,1223.0,1125.16,1394.41,23.93%,2025-02-01,2025-02-03
2026-08-19 10:25:10,V20_Range_Breakout,MARUTI.NS,13690.0,13142.4,16154.2,22.50%,2026-01-01,2026-01-15
2026-08-19 10:25:10,V20_Range_Breakout,BATAINDIA.NS,721.3,692.45,851.13,22.50%,2026-01-01,2026-01-15
2026-08-19 10:25:10,V20_Range_Breakout,APOLLOHOSP.NS,8750.0,8400.0,10325.0,22.50%,2026-01-01,2026-01-15
2026-08-19 10:25:10,V20_Range_Breakout,TCS.NS,2289.0,2197.44,2701.02,22.50%,2026-01-01,2026-01-15
2026-08-19 10:25:10,V20_Range_Breakout,ULTRACEMCO.NS,11450.0,10992.0,13511.0,22.50%,2026-01-01,2026-01-15
2026-08-19 10:25:10,V20_Range_Breakout,HDFCBANK.NS,720.0,691.2,849.6,22.50%,2026-01-01,2026-01-15
2026-08-19 10:25:10,V20_Range_Breakout,SBIN.NS,1048.6,1006.66,1237.35,22.50%,2026-01-01,2026-01-15
2026-08-19 10:25:10,V20_Range_Breakout,BLUESTARCO.NS,1493.2,1573.78,1911.62,21.47%,2026-04-08,2026-04-20
2026-08-19 10:25:10,V20_Range_Breakout,BSE.NS,3352.0,2384.72,2910.33,22.04%,2025-05-29,2025-06-05
2026-08-19 10:25:10,V20_Range_Breakout,BAJAJ-AUTO.NS,11645.0,11179.2,13741.1,22.50%,2026-01-01,2026-01-15
2026-08-19 10:25:10,V20_Range_Breakout,INFY.NS,1119.8,1075.01,1321.36,22.50%,2026-01-01,2026-01-15
2026-08-19 10:25:10,V20_Range_Breakout,MCX.NS,2973.0,903.55,1187.07,31.38%,2025-04-07,2025-04-21
2026-08-19 10:25:10,V20_Range_Breakout,HDFCLIFE.NS,536.3,514.85,632.83,22.50%,2026-01-01,2026-01-15
2026-08-19 10:25:10,V20_Range_Breakout,RADICO.NS,4696.0,2704.0,3357.55,24.17%,2026-04-10,2026-04-20
2026-08-19 10:25:10,V20_Range_Breakout,CIPLA.NS,1422.0,1365.12,1677.96,22.50%,2026-01-01,2026-01-15
2026-08-19 10:25:10,V20_Range_Breakout,DMART.NS,3965.0,3685.1,4562.6,23.81%,2026-03-24,2026-04-06
2026-08-19 10:25:10,V20_Range_Breakout,HINDUNILVR.NS,2020.7,1939.87,2384.43,22.50%,2026-01-01,2026-01-15
2026-08-19 10:25:10,V20_Range_Breakout,CAMS.NS,754.3,867.21,1041.1,20.05%,2024-11-25,2024-12-05
2026-08-19 10:25:10,V20_Range_Breakout,AWL.NS,188.72,181.17,222.69,22.50%,2026-01-01,2026-01-15
2026-08-19 10:25:10,V20_Range_Breakout,QUESS.NS,336.55,238.3,299.62,25.73%,2026-06-30,2026-07-07
2026-08-19 10:25:10,V20_Range_Breakout,NAM-INDIA.NS,1217.0,304.5,369.14,21.23%,2023-10-09,2023-10-13
2026-08-19 10:25:10,V20_Range_Breakout,HONAUT.NS,36140.0,28459.53,36446.95,28.07%,2026-05-19,2026-05-22
2026-08-19 10:25:10,V20_Range_Breakout,BOSCHLTD.NS,48460.0,28929.63,37423.73,29.36%,2026-04-01,2026-04-10
2026-08-19 10:25:10,V20_Range_Breakout,MRF.NS,133630.0,128284.8,157683.4,22.50%,2026-01-01,2026-01-15
2026-08-19 10:25:10,V20_Range_Breakout,EICHERMOT.NS,7990.5,7670.88,9428.79,22.50%,2026-01-01,2026-01-15
2026-08-20 06:40:34,V20_Range_Breakout,HONAUT.NS,36495.0,28459.53,36446.95,28.07%,2026-05-19,2026-05-22
2026-08-20 06:40:34,V20_Range_Breakout,TCS.NS,2289.7,2198.11,2701.85,22.50%,2026-01-01,2026-01-15
2026-08-20 06:40:34,V20_Range_Breakout,KOTAKBANK.NS,397.25,381.36,468.75,22.50%,2026-01-01,2026-01-15
2026-08-20 06:40:34,V20_Range_Breakout,JSWINFRA.NS,331.2,317.95,390.82,22.50%,2026-01-01,2026-01-15
2026-08-20 06:40:34,V20_Range_Breakout,M&M.NS,3442.0,3304.32,4061.56,22.50%,2026-01-01,2026-01-15
2026-08-20 06:40:34,V20_Range_Breakout,MEDANTA.NS,1411.0,1009.28,1259.1,24.75%,2025-04-07,2025-04-08
2026-08-20 06:40:34,V20_Range_Breakout,ULTRACEMCO.NS,11494.0,11034.24,13562.92,22.50%,2026-01-01,2026-01-15
2026-08-20 06:40:34,V20_Range_Breakout,PFIZER.NS,4904.8,4212.44,5601.44,32.97%,2025-05-19,2025-06-05
2026-08-20 06:40:34,V20_Range_Breakout,GLAXO.NS,3000.0,1894.45,2642.36,39.48%,2025-02-14,2025-02-20
2026-08-20 06:40:34,V20_Range_Breakout,LT.NS,4077.0,3913.92,4810.86,22.50%,2026-01-01,2026-01-15
2026-08-20 06:40:34,V20_Range_Breakout,BLUESTARCO.NS,1515.1,1573.78,1911.62,21.47%,2026-04-08,2026-04-20
2026-08-20 06:40:34,V20_Range_Breakout,HYUNDAI.NS,2207.8,2119.49,2605.2,22.50%,2026-01-01,2026-01-15
2026-08-20 06:40:34,V20_Range_Breakout,RELIANCE.NS,1310.8,1258.37,1546.74,22.50%,2026-01-01,2026-01-15
2026-08-20 06:40:34,V20_Range_Breakout,GODREJCP.NS,945.1,907.3,1115.22,22.50%,2026-01-01,2026-01-15
2026-08-20 06:40:34,V20_Range_Breakout,HCLTECH.NS,1325.2,1132.93,1377.0,21.54%,2026-07-15,2026-08-03
2026-08-20 06:40:34,V20_Range_Breakout,INFY.NS,1129.3,1084.13,1332.57,22.50%,2026-01-01,2026-01-15
2026-08-20 06:40:34,V20_Range_Breakout,HAVELLS.NS,1279.9,1373.11,1654.06,20.46%,2025-04-07,2025-04-22
2026-08-20 06:40:34,V20_Range_Breakout,SANOFI.NS,3290.2,5620.1,10037.9,78.61%,2024-06-07,2024-06-13
2026-08-20 06:40:34,V20_Range_Breakout,KAJARIACER.NS,1212.7,945.5,1178.0,24.59%,2026-04-01,2026-04-15
2026-08-20 06:40:34,V20_Range_Breakout,BAJFINANCE.NS,1097.0,1053.12,1294.46,22.50%,2026-01-01,2026-01-15
2026-08-20 06:40:34,V20_Range_Breakout,NAM-INDIA.NS,1253.8,304.5,369.14,21.23%,2023-10-09,2023-10-13
2026-08-20 06:40:34,V20_Range_Breakout,ICICIGI.NS,1640.4,1574.78,1935.67,22.50%,2026-01-01,2026-01-15
2026-08-20 06:40:34,V20_Range_Breakout,PAGEIND.NS,35395.0,33979.2,41766.1,22.50%,2026-01-01,2026-01-15
2026-08-20 06:40:34,V20_Range_Breakout,HINDUNILVR.NS,2027.3,1946.21,2392.21,22.50%,2026-01-01,2026-01-15
2026-08-20 06:40:34,V20_Range_Breakout,INDHOTEL.NS,735.05,705.65,867.36,22.50%,2026-01-01,2026-01-15
2026-08-20 06:40:34,V20_Range_Breakout,TEAMLEASE.NS,1253.4,2854.65,3478.0,21.84%,2024-07-23,2024-07-29
2026-08-20 06:40:34,V20_Range_Breakout,ADANIPORTS.NS,1687.5,1620.0,1991.25,22.50%,2026-01-01,2026-01-15
2026-08-20 06:40:34,V20_Range_Breakout,ITC.NS,267.0,256.32,315.06,22.50%,2026-01-01,2026-01-15
2026-08-20 06:40:34,V20_Range_Breakout,BAJAJFINSV.NS,2019.3,1938.53,2382.77,22.50%,2026-01-01,2026-01-15
2026-08-20 06:40:34,V20_Range_Breakout,UNITDSPR.NS,1528.9,1467.74,1804.1,22.50%,2026-01-01,2026-01-15
2026-08-20 06:40:34,V20_Range_Breakout,TITAN.NS,5103.8,4899.65,6022.48,22.50%,2026-01-01,2026-01-15
2026-08-20 06:40:34,V20_Range_Breakout,ICICIPRULI.NS,504.15,483.98,594.9,22.50%,2026-01-01,2026-01-15
2026-08-20 06:40:34,V20_Range_Breakout,MARICO.NS,857.0,822.72,1011.26,22.50%,2026-01-01,2026-01-15
2026-08-20 06:40:34,V20_Range_Breakout,DMART.NS,3989.0,3685.1,4562.6,23.81%,2026-03-24,2026-04-06
2026-08-20 06:40:34,V20_Range_Breakout,ACC.NS,1307.1,1254.82,1542.38,22.50%,2026-01-01,2026-01-15
2026-08-20 06:40:34,V20_Range_Breakout,RADICO.NS,4696.0,2704.0,3357.55,24.17%,2026-04-10,2026-04-20
2026-08-20 06:40:34,V20_Range_Breakout,AXISBANK.NS,1250.1,1200.1,1475.12,22.50%,2026-01-01,2026-01-15
2026-08-20 06:40:34,V20_Range_Breakout,VBL.NS,439.2,393.99,474.22,20.36%,2026-04-07,2026-04-17
2026-08-20 06:40:34,V20_Range_Breakout,FORTIS.NS,916.25,879.6,1081.17,22.50%,2026-01-01,2026-01-15
2026-08-20 06:40:34,V20_Range_Breakout,ABBOTINDIA.NS,26260.0,25209.6,30986.8,22.50%,2026-01-01,2026-01-15
2026-08-20 06:40:34,V20_Range_Breakout,AWL.NS,189.7,182.11,223.85,22.50%,2026-01-01,2026-01-15
2026-08-20 06:40:34,V20_Range_Breakout,MRF.NS,133955.0,128596.8,158066.9,22.50%,2026-01-01,2026-01-15
2026-08-20 06:40:34,V20_Range_Breakout,BATAINDIA.NS,714.15,685.58,842.7,22.50%,2026-01-01,2026-01-15
2026-08-20 06:40:34,V20_Range_Breakout,NESTLEIND.NS,1459.8,1401.41,1722.56,22.50%,2026-01-01,2026-01-15
2026-08-20 06:40:34,V20_Range_Breakout,HDFCLIFE.NS,540.4,518.78,637.67,22.50%,2026-01-01,2026-01-15
2026-08-20 06:40:34,V20_Range_Breakout,BAJAJ-AUTO.NS,11694.0,11226.24,13798.92,22.50%,2026-01-01,2026-01-15
2026-08-20 06:40:34,V20_Range_Breakout,ASIANPAINT.NS,2613.6,2509.06,3084.05,22.50%,2026-01-01,2026-01-15
2026-08-20 06:40:34,V20_Range_Breakout,DIXON.NS,14753.0,12749.33,16820.51,31.93%,2025-04-09,2025-04-22
2026-08-20 06:40:34,V20_Range_Breakout,BSE.NS,3374.2,2384.72,2910.33,22.04%,2025-05-29,2025-06-05
2026-08-20 06:40:34,V20_Range_Breakout,GILLETTE.NS,7501.0,7265.28,8796.35,21.07%,2025-02-18,2025-02-20
2026-08-20 06:40:34,V20_Range_Breakout,APOLLOHOSP.NS,8726.0,8376.96,10296.68,22.50%,2026-01-01,2026-01-15
2026-08-20 06:40:34,V20_Range_Breakout,RELAXO.NS,374.05,363.7,439.95,20.97%,2026-07-17,2026-07-17
2026-08-20 06:40:34,V20_Range_Breakout,VOLTAS.NS,1222.1,1125.16,1394.41,23.93%,2025-02-01,2025-02-03
2026-08-20 06:40:34,V20_Range_Breakout,CDSL.NS,1354.7,1300.51,1598.55,22.50%,2026-01-01,2026-01-15
2026-08-20 06:40:34,V20_Range_Breakout,QUESS.NS,339.5,238.3,299.62,25.73%,2026-06-30,2026-07-07
2026-08-20 06:40:34,V20_Range_Breakout,PIDILITIND.NS,1652.3,1586.21,1949.71,22.50%,2026-01-01,2026-01-15
2026-08-20 06:40:34,V20_Range_Breakout,CAMS.NS,757.15,867.21,1041.1,20.05%,2024-11-25,2024-12-05
2026-08-20 06:40:34,V20_Range_Breakout,MCX.NS,3095.0,903.55,1187.07,31.38%,2025-04-07,2025-04-21
2026-08-20 06:40:34,V20_Range_Breakout,EICHERMOT.NS,8071.0,7748.16,9523.78,22.50%,2026-01-01,2026-01-15
2026-08-20 06:40:34,V20_Range_Breakout,HDFCBANK.NS,726.1,697.06,856.8,22.50%,2026-01-01,2026-01-15
2026-08-20 06:40:34,V20_Range_Breakout,ANGELONE.NS,293.2,227.75,283.32,24.40%,2026-04-01,2026-04-09
2026-08-20 06:40:34,V20_Range_Breakout,LALPATHLAB.NS,1896.4,1820.54,2237.75,22.50%,2026-01-01,2026-01-15
2026-08-20 06:40:34,V20_Range_Breakout,UBL.NS,1339.4,1285.82,1580.49,22.50%,2026-01-01,2026-01-15
2026-08-20 06:40:34,V20_Range_Breakout,JIOFIN.NS,246.3,270.84,345.65,27.62%,2024-02-19,2024-02-23
2026-08-20 06:40:34,V20_Range_Breakout,ASTRAZEN.NS,7546.0,7758.7,9954.35,28.30%,2025-05-29,2025-06-05
2026-08-20 06:40:34,V20_Range_Breakout,DABUR.NS,399.8,383.81,471.76,22.50%,2026-01-01,2026-01-15
2026-08-20 06:40:34,V20_Range_Breakout,ERIS.NS,1343.8,1091.34,1389.64,27.33%,2025-04-07,2025-04-11
2026-08-20 06:40:34,V20_Range_Breakout,PGHH.NS,8236.0,7906.56,9718.48,22.50%,2026-01-01,2026-01-15
2026-08-20 06:40:34,V20_Range_Breakout,SBIN.NS,1047.9,1005.98,1236.52,22.50%,2026-01-01,2026-01-15
2026-08-20 06:40:34,V20_Range_Breakout,ICICIBANK.NS,1407.9,1351.58,1661.32,22.50%,2026-01-01,2026-01-15
2026-08-20 06:40:34,V20_Range_Breakout,HDFCAMC.NS,2591.2,2487.55,3057.62,22.50%,2026-01-01,2026-01-15
2026-08-20 06:40:34,V20_Range_Breakout,COLPAL.NS,1892.7,1816.99,2233.39,22.50%,2026-01-01,2026-01-15
2026-08-20 06:40:34,V20_Range_Breakout,CIPLA.NS,1431.6,1374.34,1689.29,22.50%,2026-01-01,2026-01-15
2026-08-20 06:40:34,V20_Range_Breakout,BOSCHLTD.NS,48500.0,28929.63,37423.73,29.36%,2026-04-01,2026-04-10
2026-08-20 06:40:34,V20_Range_Breakout,MARUTI.NS,13774.0,13223.04,16253.32,22.50%,2026-01-01,2026-01-15
2026-08-20 10:27:04,V20_Range_Breakout,VBL.NS,438.3,393.99,474.22,20.36%,2026-04-07,2026-04-17
2026-08-20 10:27:04,V20_Range_Breakout,HAVELLS.NS,1278.0,1373.11,1654.06,20.46%,2025-04-07,2025-04-22
2026-08-20 10:27:04,V20_Range_Breakout,HDFCBANK.NS,725.05,696.05,855.56,22.50%,2026-01-01,2026-01-15
2026-08-20 10:27:04,V20_Range_Breakout,TCS.NS,2298.0,2206.08,2711.64,22.50%,2026-01-01,2026-01-15
2026-08-20 10:27:04,V20_Range_Breakout,TITAN.NS,5068.0,4865.28,5980.24,22.50%,2026-01-01,2026-01-15
2026-08-20 10:27:04,V20_Range_Breakout,LALPATHLAB.NS,1889.4,1813.82,2229.49,22.50%,2026-01-01,2026-01-15
2026-08-20 10:27:04,V20_Range_Breakout,ABBOTINDIA.NS,26120.0,25075.2,30821.6,22.50%,2026-01-01,2026-01-15
2026-08-20 10:27:04,V20_Range_Breakout,UBL.NS,1338.5,1284.96,1579.43,22.50%,2026-01-01,2026-01-15
2026-08-20 10:27:04,V20_Range_Breakout,M&M.NS,3424.8,3287.81,4041.26,22.50%,2026-01-01,2026-01-15
2026-08-20 10:27:04,V20_Range_Breakout,GODREJCP.NS,947.0,909.12,1117.46,22.50%,2026-01-01,2026-01-15
2026-08-20 10:27:04,V20_Range_Breakout,ACC.NS,1301.1,1249.06,1535.3,22.50%,2026-01-01,2026-01-15
2026-08-20 10:27:04,V20_Range_Breakout,FORTIS.NS,916.8,880.13,1081.82,22.50%,2026-01-01,2026-01-15
2026-08-20 10:27:04,V20_Range_Breakout,PAGEIND.NS,35505.0,34084.8,41895.9,22.50%,2026-01-01,2026-01-15
2026-08-20 10:27:04,V20_Range_Breakout,DMART.NS,3960.0,3685.1,4562.6,23.81%,2026-03-24,2026-04-06
2026-08-20 10:27:04,V20_Range_Breakout,UNITDSPR.NS,1544.0,1482.24,1821.92,22.50%,2026-01-01,2026-01-15
2026-08-20 10:27:04,V20_Range_Breakout,MARUTI.NS,13809.0,13256.64,16294.62,22.50%,2026-01-01,2026-01-15
2026-08-20 10:27:04,V20_Range_Breakout,JSWINFRA.NS,329.85,316.66,389.22,22.50%,2026-01-01,2026-01-15
2026-08-20 10:27:04,V20_Range_Breakout,BLUESTARCO.NS,1510.0,1573.78,1911.62,21.47%,2026-04-08,2026-04-20
2026-08-20 10:27:04,V20_Range_Breakout,HINDUNILVR.NS,2028.0,1946.88,2393.04,22.50%,2026-01-01,2026-01-15
2026-08-20 10:27:04,V20_Range_Breakout,BATAINDIA.NS,711.2,682.75,839.22,22.50%,2026-01-01,2026-01-15
2026-08-20 10:27:04,V20_Range_Breakout,ICICIBANK.NS,1411.9,1355.42,1666.04,22.50%,2026-01-01,2026-01-15
2026-08-20 10:27:04,V20_Range_Breakout,HYUNDAI.NS,2227.0,2137.92,2627.86,22.50%,2026-01-01,2026-01-15
2026-08-20 10:27:04,V20_Range_Breakout,AWL.NS,188.64,181.09,222.6,22.50%,2026-01-01,2026-01-15
2026-08-20 10:27:04,V20_Range_Breakout,KOTAKBANK.NS,397.35,381.46,468.87,22.50%,2026-01-01,2026-01-15
2026-08-20 10:27:04,V20_Range_Breakout,INDHOTEL.NS,735.85,706.42,868.3,22.50%,2026-01-01,2026-01-15
2026-08-20 10:27:04,V20_Range_Breakout,CDSL.NS,1345.9,1292.06,1588.16,22.50%,2026-01-01,2026-01-15
2026-08-20 10:27:04,V20_Range_Breakout,AXISBANK.NS,1251.0,1200.96,1476.18,22.50%,2026-01-01,2026-01-15
2026-08-20 10:27:04,V20_Range_Breakout,PIDILITIND.NS,1660.0,1593.6,1958.8,22.50%,2026-01-01,2026-01-15
2026-08-20 10:27:04,V20_Range_Breakout,NAM-INDIA.NS,1232.5,304.5,369.14,21.23%,2023-10-09,2023-10-13
2026-08-20 10:27:04,V20_Range_Breakout,MEDANTA.NS,1408.2,1009.28,1259.1,24.75%,2025-04-07,2025-04-08
2026-08-20 10:27:04,V20_Range_Breakout,DABUR.NS,400.0,384.0,472.0,22.50%,2026-01-01,2026-01-15
2026-08-20 10:27:04,V20_Range_Breakout,RADICO.NS,4696.0,2704.0,3357.55,24.17%,2026-04-10,2026-04-20
2026-08-20 10:27:04,V20_Range_Breakout,GLAXO.NS,2999.7,1894.45,2642.36,39.48%,2025-02-14,2025-02-20
2026-08-20 10:27:04,V20_Range_Breakout,BSE.NS,3291.1,2384.72,2910.33,22.04%,2025-05-29,2025-06-05
2026-08-20 10:27:04,V20_Range_Breakout,BAJFINANCE.NS,1095.0,1051.2,1292.1,22.50%,2026-01-01,2026-01-15
2026-08-20 10:27:04,V20_Range_Breakout,HDFCLIFE.NS,542.0,520.32,639.56,22.50%,2026-01-01,2026-01-15
2026-08-20 10:27:04,V20_Range_Breakout,PFIZER.NS,4920.0,4212.44,5601.44,32.97%,2025-05-19,2025-06-05
2026-08-20 10:27:04,V20_Range_Breakout,HONAUT.NS,36715.0,28459.53,36446.95,28.07%,2026-05-19,2026-05-22
2026-08-20 10:27:04,V20_Range_Breakout,KAJARIACER.NS,1220.7,945.5,1178.0,24.59%,2026-04-01,2026-04-15
2026-08-20 10:27:04,V20_Range_Breakout,HCLTECH.NS,1318.4,1265.66,1555.71,22.50%,2026-01-01,2026-01-15
2026-08-20 10:27:04,V20_Range_Breakout,ICICIGI.NS,1625.0,1560.0,1917.5,22.50%,2026-01-01,2026-01-15
2026-08-20 10:27:04,V20_Range_Breakout,COLPAL.NS,1910.0,1833.6,2253.8,22.50%,2026-01-01,2026-01-15
2026-08-20 10:27:04,V20_Range_Breakout,EICHERMOT.NS,8042.0,7720.32,9489.56,22.50%,2026-01-01,2026-01-15
2026-08-20 10:27:04,V20_Range_Breakout,BAJAJ-AUTO.NS,11793.0,11321.28,13915.74,22.50%,2026-01-01,2026-01-15
2026-08-20 10:27:04,V20_Range_Breakout,RELIANCE.NS,1313.2,1260.67,1549.58,22.50%,2026-01-01,2026-01-15
2026-08-20 10:27:04,V20_Range_Breakout,PGHH.NS,8248.0,7918.08,9732.64,22.50%,2026-01-01,2026-01-15
2026-08-20 10:27:04,V20_Range_Breakout,ASTRAZEN.NS,7507.0,7758.7,9954.35,28.30%,2025-05-29,2025-06-05
2026-08-20 10:27:04,V20_Range_Breakout,RELAXO.NS,374.1,363.7,439.95,20.97%,2026-07-17,2026-07-17
2026-08-20 10:27:04,V20_Range_Breakout,MRF.NS,134000.0,128640.0,158120.0,22.50%,2026-01-01,2026-01-15
2026-08-20 10:27:04,V20_Range_Breakout,BAJAJFINSV.NS,2016.0,1935.36,2378.88,22.50%,2026-01-01,2026-01-15
2026-08-20 10:27:04,V20_Range_Breakout,ITC.NS,271.65,260.78,320.55,22.50%,2026-01-01,2026-01-15
2026-08-20 10:27:04,V20_Range_Breakout,ANGELONE.NS,289.5,227.75,283.32,24.40%,2026-04-01,2026-04-09
2026-08-20 10:27:04,V20_Range_Breakout,MARICO.NS,858.35,824.02,1012.85,22.50%,2026-01-01,2026-01-15
2026-08-20 10:27:04,V20_Range_Breakout,VOLTAS.NS,1219.5,1125.16,1394.41,23.93%,2025-02-01,2025-02-03
2026-08-20 10:27:04,V20_Range_Breakout,GILLETTE.NS,7512.0,7265.28,8796.35,21.07%,2025-02-18,2025-02-20
2026-08-20 10:27:04,V20_Range_Breakout,ULTRACEMCO.NS,11575.0,11112.0,13658.5,22.50%,2026-01-01,2026-01-15
2026-08-20 10:27:04,V20_Range_Breakout,SANOFI.NS,3321.0,5620.1,10037.9,78.61%,2024-06-07,2024-06-13
2026-08-20 10:27:04,V20_Range_Breakout,ERIS.NS,1326.0,1091.34,1389.64,27.33%,2025-04-07,2025-04-11
2026-08-20 10:27:04,V20_Range_Breakout,INFY.NS,1130.0,1084.8,1333.4,22.50%,2026-01-01,2026-01-15
2026-08-20 10:27:04,V20_Range_Breakout,JIOFIN.NS,244.6,270.84,345.65,27.62%,2024-02-19,2024-02-23
2026-08-20 10:27:04,V20_Range_Breakout,ADANIPORTS.NS,1696.0,1628.16,2001.28,22.50%,2026-01-01,2026-01-15
2026-08-20 10:27:04,V20_Range_Breakout,QUESS.NS,338.25,238.3,299.62,25.73%,2026-06-30,2026-07-07
2026-08-20 10:27:04,V20_Range_Breakout,CIPLA.NS,1438.0,1380.48,1696.84,22.50%,2026-01-01,2026-01-15
2026-08-20 10:27:04,V20_Range_Breakout,DIXON.NS,14850.0,12749.33,16820.51,31.93%,2025-04-09,2025-04-22
2026-08-20 10:27:04,V20_Range_Breakout,SBIN.NS,1048.0,1006.08,1236.64,22.50%,2026-01-01,2026-01-15
2026-08-20 10:27:04,V20_Range_Breakout,LT.NS,4081.0,3917.76,4815.58,22.50%,2026-01-01,2026-01-15
2026-08-20 10:27:04,V20_Range_Breakout,APOLLOHOSP.NS,8735.0,8385.6,10307.3,22.50%,2026-01-01,2026-01-15
2026-08-20 10:27:04,V20_Range_Breakout,ICICIPRULI.NS,502.0,481.92,592.36,22.50%,2026-01-01,2026-01-15
2026-08-20 10:27:04,V20_Range_Breakout,NESTLEIND.NS,1458.0,1399.68,1720.44,22.50%,2026-01-01,2026-01-15
2026-08-20 10:27:04,V20_Range_Breakout,ASIANPAINT.NS,2625.2,2520.19,3097.74,22.50%,2026-01-01,2026-01-15
2026-08-20 10:27:04,V20_Range_Breakout,HDFCAMC.NS,2624.0,2519.04,3096.32,22.50%,2026-01-01,2026-01-15
2026-08-20 10:27:04,V20_Range_Breakout,TEAMLEASE.NS,1242.1,2854.65,3478.0,21.84%,2024-07-23,2024-07-29
2026-08-20 10:27:04,V20_Range_Breakout,MCX.NS,3126.0,903.55,1187.07,31.38%,2025-04-07,2025-04-21
2026-08-20 10:27:04,V20_Range_Breakout,CAMS.NS,749.25,867.21,1041.1,20.05%,2024-11-25,2024-12-05
2026-08-20 10:27:04,V20_Range_Breakout,BOSCHLTD.NS,48750.0,28929.63,37423.73,29.36%,2026-04-01,2026-04-10
2026-08-21 06:41:06,V20_Range_Breakout,ANGELONE.NS,289.05,227.75,283.32,24.40%,2026-04-01,2026-04-09
2026-08-21 06:41:06,V20_Range_Breakout,EICHERMOT.NS,7993.5,7673.76,9432.33,22.50%,2026-01-01,2026-01-15
2026-08-21 06:41:06,V20_Range_Breakout,MCX.NS,3192.8,903.55,1187.07,31.38%,2025-04-07,2025-04-21
2026-08-21 06:41:06,V20_Range_Breakout,HINDUNILVR.NS,2015.3,1934.69,2378.05,22.50%,2026-01-01,2026-01-15
2026-08-21 06:41:06,V20_Range_Breakout,DIXON.NS,14756.0,12749.33,16820.51,31.93%,2025-04-09,2025-04-22
2026-08-21 06:41:06,V20_Range_Breakout,AXISBANK.NS,1242.5,1192.8,1466.15,22.50%,2026-01-01,2026-01-15
2026-08-21 06:41:06,V20_Range_Breakout,ASIANPAINT.NS,2623.5,2518.56,3095.73,22.50%,2026-01-01,2026-01-15
2026-08-21 06:41:06,V20_Range_Breakout,RADICO.NS,4640.1,2704.0,3357.55,24.17%,2026-04-10,2026-04-20
2026-08-21 06:41:06,V20_Range_Breakout,KAJARIACER.NS,1208.7,945.5,1178.0,24.59%,2026-04-01,2026-04-15
2026-08-21 06:41:06,V20_Range_Breakout,TCS.NS,2303.8,2211.65,2718.48,22.50%,2026-01-01,2026-01-15
2026-08-21 06:41:06,V20_Range_Breakout,CAMS.NS,755.35,867.21,1041.1,20.05%,2024-11-25,2024-12-05
2026-08-21 06:41:06,V20_Range_Breakout,PIDILITIND.NS,1648.5,1582.56,1945.23,22.50%,2026-01-01,2026-01-15
2026-08-21 06:41:06,V20_Range_Breakout,HDFCAMC.NS,2613.7,2509.15,3084.17,22.50%,2026-01-01,2026-01-15
2026-08-21 06:41:06,V20_Range_Breakout,GODREJCP.NS,933.2,895.87,1101.18,22.50%,2026-01-01,2026-01-15
2026-08-21 06:41:06,V20_Range_Breakout,ICICIBANK.NS,1417.4,1360.7,1672.53,22.50%,2026-01-01,2026-01-15
2026-08-21 06:41:06,V20_Range_Breakout,CDSL.NS,1400.7,1344.67,1652.83,22.50%,2026-01-01,2026-01-15
2026-08-21 06:41:06,V20_Range_Breakout,BLUESTARCO.NS,1513.6,1573.78,1911.62,21.47%,2026-04-08,2026-04-20
2026-08-21 06:41:06,V20_Range_Breakout,UBL.NS,1333.3,1279.97,1573.29,22.50%,2026-01-01,2026-01-15
2026-08-21 06:41:06,V20_Range_Breakout,UNITDSPR.NS,1544.9,1483.1,1822.98,22.50%,2026-01-01,2026-01-15
2026-08-21 06:41:06,V20_Range_Breakout,LT.NS,4066.5,3903.84,4798.47,22.50%,2026-01-01,2026-01-15
2026-08-21 06:41:06,V20_Range_Breakout,COLPAL.NS,1887.2,1811.71,2226.9,22.50%,2026-01-01,2026-01-15
2026-08-21 06:41:06,V20_Range_Breakout,VOLTAS.NS,1224.4,1125.16,1394.41,23.93%,2025-02-01,2025-02-03
2026-08-21 06:41:06,V20_Range_Breakout,NESTLEIND.NS,1468.9,1410.14,1733.3,22.50%,2026-01-01,2026-01-15
2026-08-21 06:41:06,V20_Range_Breakout,LALPATHLAB.NS,1896.3,1820.45,2237.63,22.50%,2026-01-01,2026-01-15
2026-08-21 06:41:06,V20_Range_Breakout,MARUTI.NS,13658.0,13111.68,16116.44,22.50%,2026-01-01,2026-01-15
2026-08-21 06:41:06,V20_Range_Breakout,HDFCLIFE.NS,547.25,525.36,645.75,22.50%,2026-01-01,2026-01-15
2026-08-21 06:41:06,V20_Range_Breakout,INDHOTEL.NS,728.0,698.88,859.04,22.50%,2026-01-01,2026-01-15
2026-08-21 06:41:06,V20_Range_Breakout,ICICIGI.NS,1618.9,1554.14,1910.3,22.50%,2026-01-01,2026-01-15
2026-08-21 06:41:06,V20_Range_Breakout,MRF.NS,132920.0,127603.2,156845.6,22.50%,2026-01-01,2026-01-15
2026-08-21 06:41:06,V20_Range_Breakout,KOTAKBANK.NS,403.0,386.88,475.54,22.50%,2026-01-01,2026-01-15
2026-08-21 06:41:06,V20_Range_Breakout,MEDANTA.NS,1408.3,1009.28,1259.1,24.75%,2025-04-07,2025-04-08
2026-08-21 06:41:06,V20_Range_Breakout,ASTRAZEN.NS,7439.5,7758.7,9954.35,28.30%,2025-05-29,2025-06-05
2026-08-21 06:41:06,V20_Range_Breakout,APOLLOHOSP.NS,8664.5,8317.92,10224.11,22.50%,2026-01-01,2026-01-15
2026-08-21 06:41:06,V20_Range_Breakout,INFY.NS,1132.3,1087.01,1336.11,22.50%,2026-01-01,2026-01-15
2026-08-21 06:41:06,V20_Range_Breakout,FORTIS.NS,908.4,872.06,1071.91,22.50%,2026-01-01,2026-01-15
2026-08-21 06:41:06,V20_Range_Breakout,GILLETTE.NS,7532.5,7265.28,8796.35,21.07%,2025-02-18,2025-02-20
2026-08-21 06:41:06,V20_Range_Breakout,PFIZER.NS,4947.8,4212.44,5601.44,32.97%,2025-05-19,2025-06-05
2026-08-21 06:41:06,V20_Range_Breakout,VBL.NS,433.85,393.99,474.22,20.36%,2026-04-07,2026-04-17
2026-08-21 06:41:06,V20_Range_Breakout,PGHH.NS,8225.0,7896.0,9705.5,22.50%,2026-01-01,2026-01-15
2026-08-21 06:41:06,V20_Range_Breakout,MARICO.NS,847.75,813.84,1000.34,22.50%,2026-01-01,2026-01-15
2026-08-21 06:41:06,V20_Range_Breakout,M&M.NS,3425.9,3288.86,4042.56,22.50%,2026-01-01,2026-01-15
2026-08-21 06:41:06,V20_Range_Breakout,ABBOTINDIA.NS,26000.0,24960.0,30680.0,22.50%,2026-01-01,2026-01-15
2026-08-21 06:41:06,V20_Range_Breakout,JIOFIN.NS,244.9,270.84,345.65,27.62%,2024-02-19,2024-02-23
2026-08-21 06:41:06,V20_Range_Breakout,ITC.NS,269.8,259.01,318.36,22.50%,2026-01-01,2026-01-15
2026-08-21 06:41:06,V20_Range_Breakout,BOSCHLTD.NS,48240.0,28929.63,37423.73,29.36%,2026-04-01,2026-04-10
2026-08-21 06:41:06,V20_Range_Breakout,AWL.NS,190.62,183.0,224.93,22.50%,2026-01-01,2026-01-15
2026-08-21 06:41:06,V20_Range_Breakout,BAJAJ-AUTO.NS,11695.0,11227.2,13800.1,22.50%,2026-01-01,2026-01-15
2026-08-21 06:41:06,V20_Range_Breakout,ICICIPRULI.NS,513.25,492.72,605.63,22.50%,2026-01-01,2026-01-15
2026-08-21 06:41:06,V20_Range_Breakout,SBIN.NS,1046.9,1005.02,1235.34,22.50%,2026-01-01,2026-01-15
2026-08-21 06:41:06,V20_Range_Breakout,BAJFINANCE.NS,1094.4,1050.62,1291.39,22.50%,2026-01-01,2026-01-15
2026-08-21 06:41:06,V20_Range_Breakout,TITAN.NS,5041.6,4839.94,5949.09,22.50%,2026-01-01,2026-01-15
2026-08-21 06:41:06,V20_Range_Breakout,SANOFI.NS,3344.9,5620.1,10037.9,78.61%,2024-06-07,2024-06-13
2026-08-21 06:41:06,V20_Range_Breakout,ULTRACEMCO.NS,11560.0,11097.6,13640.8,22.50%,2026-01-01,2026-01-15
2026-08-21 06:41:06,V20_Range_Breakout,QUESS.NS,341.05,238.3,299.62,25.73%,2026-06-30,2026-07-07
2026-08-21 06:41:06,V20_Range_Breakout,HCLTECH.NS,1315.5,1262.88,1552.29,22.50%,2026-01-01,2026-01-15
2026-08-21 06:41:06,V20_Range_Breakout,HAVELLS.NS,1265.4,1373.11,1654.06,20.46%,2025-04-07,2025-04-22
2026-08-21 06:41:06,V20_Range_Breakout,ACC.NS,1314.9,1262.3,1551.58,22.50%,2026-01-01,2026-01-15
2026-08-21 06:41:06,V20_Range_Breakout,DABUR.NS,398.55,382.61,470.29,22.50%,2026-01-01,2026-01-15
2026-08-21 06:41:06,V20_Range_Breakout,TEAMLEASE.NS,1241.8,2854.65,3478.0,21.84%,2024-07-23,2024-07-29
2026-08-21 06:41:06,V20_Range_Breakout,PAGEIND.NS,35500.0,34080.0,41890.0,22.50%,2026-01-01,2026-01-15
2026-08-21 06:41:06,V20_Range_Breakout,NAM-INDIA.NS,1256.2,304.5,369.14,21.23%,2023-10-09,2023-10-13
2026-08-21 06:41:06,V20_Range_Breakout,BSE.NS,3249.5,2384.72,2910.33,22.04%,2025-05-29,2025-06-05
2026-08-21 06:41:06,V20_Range_Breakout,DMART.NS,3884.0,3685.1,4562.6,23.81%,2026-03-24,2026-04-06
2026-08-21 06:41:06,V20_Range_Breakout,HYUNDAI.NS,2225.7,2136.67,2626.33,22.50%,2026-01-01,2026-01-15
2026-08-21 06:41:06,V20_Range_Breakout,BAJAJFINSV.NS,2017.6,1936.9,2380.77,22.50%,2026-01-01,2026-01-15
2026-08-21 06:41:06,V20_Range_Breakout,RELAXO.NS,376.25,363.7,439.95,20.97%,2026-07-17,2026-07-17
2026-08-21 06:41:06,V20_Range_Breakout,BATAINDIA.NS,709.1,680.74,836.74,22.50%,2026-01-01,2026-01-15
2026-08-21 06:41:06,V20_Range_Breakout,HDFCBANK.NS,731.0,701.76,862.58,22.50%,2026-01-01,2026-01-15
2026-08-21 06:41:06,V20_Range_Breakout,CIPLA.NS,1413.1,1356.58,1667.46,22.50%,2026-01-01,2026-01-15
2026-08-21 06:41:06,V20_Range_Breakout,GLAXO.NS,2930.7,1894.45,2642.36,39.48%,2025-02-14,2025-02-20
2026-08-21 06:41:06,V20_Range_Breakout,RELIANCE.NS,1312.1,1259.62,1548.28,22.50%,2026-01-01,2026-01-15
2026-08-21 06:41:06,V20_Range_Breakout,ADANIPORTS.NS,1691.5,1623.84,1995.97,22.50%,2026-01-01,2026-01-15
2026-08-21 06:41:06,V20_Range_Breakout,HONAUT.NS,36890.0,28459.53,36446.95,28.07%,2026-05-19,2026-05-22
2026-08-21 06:41:06,V20_Range_Breakout,ERIS.NS,1310.8,1091.34,1389.64,27.33%,2025-04-07,2025-04-11
2026-08-21 06:41:06,V20_Range_Breakout,JSWINFRA.NS,335.6,322.18,396.01,22.50%,2026-01-01,2026-01-15
2026-08-21 10:27:05,V20_Range_Breakout,ICICIBANK.NS,1420.0,1363.2,1675.6,22.50%,2026-01-01,2026-01-15
2026-08-21 10:27:05,V20_Range_Breakout,PFIZER.NS,4978.2,4212.44,5601.44,32.97%,2025-05-19,2025-06-05
2026-08-21 10:27:05,V20_Range_Breakout,UBL.NS,1348.9,1294.94,1591.7,22.50%,2026-01-01,2026-01-15
2026-08-21 10:27:05,V20_Range_Breakout,BLUESTARCO.NS,1511.9,1573.78,1911.62,21.47%,2026-04-08,2026-04-20
2026-08-21 10:27:05,V20_Range_Breakout,APOLLOHOSP.NS,8693.0,8345.28,10257.74,22.50%,2026-01-01,2026-01-15
2026-08-21 10:27:05,V20_Range_Breakout,VBL.NS,430.1,393.99,474.22,20.36%,2026-04-07,2026-04-17
2026-08-21 10:27:05,V20_Range_Breakout,ANGELONE.NS,287.8,227.75,283.32,24.40%,2026-04-01,2026-04-09
2026-08-21 10:27:05,V20_Range_Breakout,MEDANTA.NS,1409.7,1009.28,1259.1,24.75%,2025-04-07,2025-04-08
2026-08-21 10:27:05,V20_Range_Breakout,EICHERMOT.NS,8010.0,7689.6,9451.8,22.50%,2026-01-01,2026-01-15
2026-08-21 10:27:05,V20_Range_Breakout,SANOFI.NS,3352.8,5620.1,10037.9,78.61%,2024-06-07,2024-06-13
2026-08-21 10:27:05,V20_Range_Breakout,HCLTECH.NS,1302.5,1250.4,1536.95,22.50%,2026-01-01,2026-01-15
2026-08-21 10:27:05,V20_Range_Breakout,HDFCLIFE.NS,554.8,532.61,654.66,22.50%,2026-01-01,2026-01-15
2026-08-21 10:27:05,V20_Range_Breakout,ABBOTINDIA.NS,26230.0,25180.8,30951.4,22.50%,2026-01-01,2026-01-15
2026-08-21 10:27:05,V20_Range_Breakout,TEAMLEASE.NS,1245.2,2854.65,3478.0,21.84%,2024-07-23,2024-07-29
2026-08-21 10:27:05,V20_Range_Breakout,GILLETTE.NS,7498.5,7265.28,8796.35,21.07%,2025-02-18,2025-02-20
2026-08-21 10:27:05,V20_Range_Breakout,AWL.NS,188.12,180.6,221.98,22.50%,2026-01-01,2026-01-15
2026-08-21 10:27:05,V20_Range_Breakout,BAJAJFINSV.NS,2032.5,1951.2,2398.35,22.50%,2026-01-01,2026-01-15
2026-08-21 10:27:05,V20_Range_Breakout,ITC.NS,269.4,258.62,317.89,22.50%,2026-01-01,2026-01-15
2026-08-21 10:27:05,V20_Range_Breakout,PIDILITIND.NS,1649.0,1583.04,1945.82,22.50%,2026-01-01,2026-01-15
2026-08-21 10:27:05,V20_Range_Breakout,INFY.NS,1121.0,1076.16,1322.78,22.50%,2026-01-01,2026-01-15
2026-08-21 10:27:05,V20_Range_Breakout,ICICIGI.NS,1617.0,1552.32,1908.06,22.50%,2026-01-01,2026-01-15
2026-08-21 10:27:05,V20_Range_Breakout,DIXON.NS,14850.0,12749.33,16820.51,31.93%,2025-04-09,2025-04-22
2026-08-21 10:27:05,V20_Range_Breakout,ADANIPORTS.NS,1700.0,1632.0,2006.0,22.50%,2026-01-01,2026-01-15
2026-08-21 10:27:05,V20_Range_Breakout,RELAXO.NS,376.6,363.7,439.95,20.97%,2026-07-17,2026-07-17
2026-08-21 10:27:05,V20_Range_Breakout,BOSCHLTD.NS,48200.0,28929.63,37423.73,29.36%,2026-04-01,2026-04-10
2026-08-21 10:27:05,V20_Range_Breakout,PAGEIND.NS,35480.0,34060.8,41866.4,22.50%,2026-01-01,2026-01-15
2026-08-21 10:27:05,V20_Range_Breakout,ULTRACEMCO.NS,11570.0,11107.2,13652.6,22.50%,2026-01-01,2026-01-15
2026-08-21 10:27:05,V20_Range_Breakout,NESTLEIND.NS,1477.1,1418.02,1742.98,22.50%,2026-01-01,2026-01-15
2026-08-21 10:27:05,V20_Range_Breakout,CIPLA.NS,1432.2,1374.91,1690.0,22.50%,2026-01-01,2026-01-15
2026-08-21 10:27:05,V20_Range_Breakout,GODREJCP.NS,933.0,895.68,1100.94,22.50%,2026-01-01,2026-01-15
2026-08-21 10:27:05,V20_Range_Breakout,HINDUNILVR.NS,2015.0,1934.4,2377.7,22.50%,2026-01-01,2026-01-15
2026-08-21 10:27:05,V20_Range_Breakout,TITAN.NS,5086.1,4882.66,6001.6,22.50%,2026-01-01,2026-01-15
2026-08-21 10:27:05,V20_Range_Breakout,CDSL.NS,1388.9,1333.34,1638.9,22.50%,2026-01-01,2026-01-15
2026-08-21 10:27:05,V20_Range_Breakout,MARICO.NS,849.25,815.28,1002.11,22.50%,2026-01-01,2026-01-15
2026-08-21 10:27:05,V20_Range_Breakout,HONAUT.NS,36700.0,28459.53,36446.95,28.07%,2026-05-19,2026-05-22
2026-08-21 10:27:05,V20_Range_Breakout,CAMS.NS,753.0,867.21,1041.1,20.05%,2024-11-25,2024-12-05
2026-08-21 10:27:05,V20_Range_Breakout,HYUNDAI.NS,2218.8,2130.05,2618.18,22.50%,2026-01-01,2026-01-15
2026-08-21 10:27:05,V20_Range_Breakout,DABUR.NS,400.5,384.48,472.59,22.50%,2026-01-01,2026-01-15
2026-08-21 10:27:05,V20_Range_Breakout,HDFCBANK.NS,726.95,697.87,857.8,22.50%,2026-01-01,2026-01-15
2026-08-21 10:27:05,V20_Range_Breakout,HDFCAMC.NS,2610.0,2505.6,3079.8,22.50%,2026-01-01,2026-01-15
2026-08-21 10:27:05,V20_Range_Breakout,ICICIPRULI.NS,515.0,494.4,607.7,22.50%,2026-01-01,2026-01-15
2026-08-21 10:27:05,V20_Range_Breakout,VOLTAS.NS,1235.0,1125.16,1394.41,23.93%,2025-02-01,2025-02-03
2026-08-21 10:27:05,V20_Range_Breakout,MRF.NS,132665.0,127358.4,156544.7,22.50%,2026-01-01,2026-01-15
2026-08-21 10:27:05,V20_Range_Breakout,BAJAJ-AUTO.NS,11700.0,11232.0,13806.0,22.50%,2026-01-01,2026-01-15
2026-08-21 10:27:05,V20_Range_Breakout,RELIANCE.NS,1316.0,1263.36,1552.88,22.50%,2026-01-01,2026-01-15
2026-08-21 10:27:05,V20_Range_Breakout,NAM-INDIA.NS,1251.0,304.5,369.14,21.23%,2023-10-09,2023-10-13
2026-08-21 10:27:05,V20_Range_Breakout,JIOFIN.NS,244.0,270.84,345.65,27.62%,2024-02-19,2024-02-23
2026-08-21 10:27:05,V20_Range_Breakout,ACC.NS,1307.4,1255.1,1542.73,22.50%,2026-01-01,2026-01-15
2026-08-21 10:27:05,V20_Range_Breakout,INDHOTEL.NS,730.0,700.8,861.4,22.50%,2026-01-01,2026-01-15
2026-08-21 10:27:05,V20_Range_Breakout,BAJFINANCE.NS,1095.0,1051.2,1292.1,22.50%,2026-01-01,2026-01-15
2026-08-21 10:27:05,V20_Range_Breakout,LALPATHLAB.NS,1894.2,1818.43,2235.16,22.50%,2026-01-01,2026-01-15
2026-08-21 10:27:05,V20_Range_Breakout,BSE.NS,3241.0,2384.72,2910.33,22.04%,2025-05-29,2025-06-05
2026-08-21 10:27:05,V20_Range_Breakout,DMART.NS,3906.0,3685.1,4562.6,23.81%,2026-03-24,2026-04-06
2026-08-21 10:27:05,V20_Range_Breakout,GLAXO.NS,2902.2,1894.45,2642.36,39.48%,2025-02-14,2025-02-20
2026-08-21 10:27:05,V20_Range_Breakout,ASTRAZEN.NS,7415.5,7758.7,9954.35,28.30%,2025-05-29,2025-06-05
2026-08-21 10:27:05,V20_Range_Breakout,JSWINFRA.NS,335.7,322.27,396.13,22.50%,2026-01-01,2026-01-15
2026-08-21 10:27:05,V20_Range_Breakout,KAJARIACER.NS,1208.5,945.5,1178.0,24.59%,2026-04-01,2026-04-15
2026-08-21 10:27:05,V20_Range_Breakout,ERIS.NS,1328.2,1091.34,1389.64,27.33%,2025-04-07,2025-04-11
2026-08-21 10:27:05,V20_Range_Breakout,PGHH.NS,8189.0,7861.44,9663.02,22.50%,2026-01-01,2026-01-15
2026-08-21 10:27:05,V20_Range_Breakout,HAVELLS.NS,1268.0,1373.11,1654.06,20.46%,2025-04-07,2025-04-22
2026-08-21 10:27:05,V20_Range_Breakout,MARUTI.NS,13565.0,13022.4,16006.7,22.50%,2026-01-01,2026-01-15
2026-08-21 10:27:05,V20_Range_Breakout,AXISBANK.NS,1245.8,1195.97,1470.04,22.50%,2026-01-01,2026-01-15
2026-08-21 10:27:05,V20_Range_Breakout,ASIANPAINT.NS,2640.0,2534.4,3115.2,22.50%,2026-01-01,2026-01-15
2026-08-21 10:27:05,V20_Range_Breakout,RADICO.NS,4639.8,2704.0,3357.55,24.17%,2026-04-10,2026-04-20
2026-08-21 10:27:05,V20_Range_Breakout,COLPAL.NS,1889.0,1813.44,2229.02,22.50%,2026-01-01,2026-01-15
2026-08-21 10:27:05,V20_Range_Breakout,LT.NS,4093.0,3929.28,4829.74,22.50%,2026-01-01,2026-01-15
2026-08-21 10:27:05,V20_Range_Breakout,QUESS.NS,335.85,238.3,299.62,25.73%,2026-06-30,2026-07-07
2026-08-21 10:27:05,V20_Range_Breakout,UNITDSPR.NS,1556.0,1493.76,1836.08,22.50%,2026-01-01,2026-01-15
2026-08-21 10:27:05,V20_Range_Breakout,KOTAKBANK.NS,402.8,386.69,475.3,22.50%,2026-01-01,2026-01-15
2026-08-21 10:27:05,V20_Range_Breakout,BATAINDIA.NS,701.05,673.01,827.24,22.50%,2026-01-01,2026-01-15
2026-08-21 10:27:05,V20_Range_Breakout,MCX.NS,3185.0,903.55,1187.07,31.38%,2025-04-07,2025-04-21
2026-08-21 10:27:05,V20_Range_Breakout,SBIN.NS,1048.7,1006.75,1237.47,22.50%,2026-01-01,2026-01-15
2026-08-21 10:27:05,V20_Range_Breakout,M&M.NS,3412.2,3275.71,4026.4,22.50%,2026-01-01,2026-01-15
2026-08-21 10:27:05,V20_Range_Breakout,FORTIS.NS,907.1,870.82,1070.38,22.50%,2026-01-01,2026-01-15
2026-08-21 10:27:05,V20_Range_Breakout,TCS.NS,2302.0,2209.92,2716.36,22.50%,2026-01-01,2026-01-15
2026-08-24 06:52:50,V20_Range_Breakout,HYUNDAI.NS,2219.6,2130.82,2619.13,22.50%,2026-01-01,2026-01-15
2026-08-24 06:52:50,V20_Range_Breakout,RELIANCE.NS,1308.0,1255.68,1543.44,22.50%,2026-01-01,2026-01-15
2026-08-24 06:52:50,V20_Range_Breakout,PAGEIND.NS,35550.0,34128.0,41949.0,22.50%,2026-01-01,2026-01-15
2026-08-24 06:52:50,V20_Range_Breakout,HDFCAMC.NS,2610.8,2506.37,3080.74,22.50%,2026-01-01,2026-01-15
2026-08-24 06:52:50,V20_Range_Breakout,PIDILITIND.NS,1642.5,1576.8,1938.15,22.50%,2026-01-01,2026-01-15
2026-08-24 06:52:50,V20_Range_Breakout,INDHOTEL.NS,727.6,698.5,858.57,22.50%,2026-01-01,2026-01-15
2026-08-24 06:52:50,V20_Range_Breakout,BLUESTARCO.NS,1506.5,1573.78,1911.62,21.47%,2026-04-08,2026-04-20
2026-08-24 06:52:50,V20_Range_Breakout,AWL.NS,191.94,184.26,226.49,22.50%,2026-01-01,2026-01-15
2026-08-24 06:52:50,V20_Range_Breakout,QUESS.NS,341.5,238.3,299.62,25.73%,2026-06-30,2026-07-07
2026-08-24 06:52:50,V20_Range_Breakout,VOLTAS.NS,1231.9,1125.16,1394.41,23.93%,2025-02-01,2025-02-03
2026-08-24 06:52:50,V20_Range_Breakout,CAMS.NS,757.2,867.21,1041.1,20.05%,2024-11-25,2024-12-05
2026-08-24 06:52:50,V20_Range_Breakout,FORTIS.NS,911.7,875.23,1075.81,22.50%,2026-01-01,2026-01-15
2026-08-24 06:52:50,V20_Range_Breakout,ICICIPRULI.NS,509.7,489.31,601.45,22.50%,2026-01-01,2026-01-15
2026-08-24 06:52:50,V20_Range_Breakout,LALPATHLAB.NS,1893.0,1817.28,2233.74,22.50%,2026-01-01,2026-01-15
2026-08-24 06:52:50,V20_Range_Breakout,TITAN.NS,5056.0,4853.76,5966.08,22.50%,2026-01-01,2026-01-15
2026-08-24 06:52:50,V20_Range_Breakout,ICICIBANK.NS,1415.2,1358.59,1669.94,22.50%,2026-01-01,2026-01-15
2026-08-24 06:52:50,V20_Range_Breakout,APOLLOHOSP.NS,8656.5,8310.24,10214.67,22.50%,2026-01-01,2026-01-15
2026-08-24 06:52:50,V20_Range_Breakout,MCX.NS,3284.5,903.55,1187.07,31.38%,2025-04-07,2025-04-21
2026-08-24 06:52:50,V20_Range_Breakout,DMART.NS,3886.3,3685.1,4562.6,23.81%,2026-03-24,2026-04-06
2026-08-24 06:52:50,V20_Range_Breakout,ASIANPAINT.NS,2630.6,2525.38,3104.11,22.50%,2026-01-01,2026-01-15
2026-08-24 06:52:50,V20_Range_Breakout,ANGELONE.NS,287.8,227.75,283.32,24.40%,2026-04-01,2026-04-09
2026-08-24 06:52:50,V20_Range_Breakout,TCS.NS,2301.5,2209.44,2715.77,22.50%,2026-01-01,2026-01-15
2026-08-24 06:52:50,V20_Range_Breakout,BSE.NS,3325.0,2384.72,2910.33,22.04%,2025-05-29,2025-06-05
2026-08-24 06:52:50,V20_Range_Breakout,ERIS.NS,1322.2,1091.34,1389.64,27.33%,2025-04-07,2025-04-11
2026-08-24 06:52:50,V20_Range_Breakout,KOTAKBANK.NS,400.3,384.29,472.35,22.50%,2026-01-01,2026-01-15
2026-08-24 06:52:50,V20_Range_Breakout,VBL.NS,425.0,393.99,474.22,20.36%,2026-04-07,2026-04-17
2026-08-24 06:52:50,V20_Range_Breakout,DIXON.NS,14575.0,12749.33,16820.51,31.93%,2025-04-09,2025-04-22
2026-08-24 06:52:50,V20_Range_Breakout,NESTLEIND.NS,1458.7,1400.35,1721.27,22.50%,2026-01-01,2026-01-15
2026-08-24 06:52:50,V20_Range_Breakout,CIPLA.NS,1427.0,1369.92,1683.86,22.50%,2026-01-01,2026-01-15
2026-08-24 06:52:50,V20_Range_Breakout,ABBOTINDIA.NS,26135.0,25089.6,30839.3,22.50%,2026-01-01,2026-01-15
2026-08-24 06:52:50,V20_Range_Breakout,COLPAL.NS,1877.8,1802.69,2215.8,22.50%,2026-01-01,2026-01-15
2026-08-24 06:52:50,V20_Range_Breakout,PFIZER.NS,4904.9,4212.44,5601.44,32.97%,2025-05-19,2025-06-05
2026-08-24 06:52:50,V20_Range_Breakout,HAVELLS.NS,1258.3,1373.11,1654.06,20.46%,2025-04-07,2025-04-22
2026-08-24 06:52:50,V20_Range_Breakout,ULTRACEMCO.NS,11529.0,11067.84,13604.22,22.50%,2026-01-01,2026-01-15
2026-08-24 06:52:50,V20_Range_Breakout,GODREJCP.NS,922.3,885.41,1088.31,22.50%,2026-01-01,2026-01-15
2026-08-24 06:52:50,V20_Range_Breakout,BAJFINANCE.NS,1086.6,1043.14,1282.19,22.50%,2026-01-01,2026-01-15
2026-08-24 06:52:50,V20_Range_Breakout,ADANIPORTS.NS,1676.8,1609.73,1978.62,22.50%,2026-01-01,2026-01-15
2026-08-24 06:52:50,V20_Range_Breakout,EICHERMOT.NS,8054.5,7732.32,9504.31,22.50%,2026-01-01,2026-01-15
2026-08-24 06:52:50,V20_Range_Breakout,RELAXO.NS,373.8,363.7,439.95,20.97%,2026-07-17,2026-07-17
2026-08-24 06:52:50,V20_Range_Breakout,CDSL.NS,1393.4,1337.66,1644.21,22.50%,2026-01-01,2026-01-15
2026-08-24 06:52:50,V20_Range_Breakout,TEAMLEASE.NS,1235.8,2854.65,3478.0,21.84%,2024-07-23,2024-07-29
2026-08-24 06:52:50,V20_Range_Breakout,HDFCBANK.NS,726.5,697.44,857.27,22.50%,2026-01-01,2026-01-15
2026-08-24 06:52:50,V20_Range_Breakout,ICICIGI.NS,1616.3,1551.65,1907.23,22.50%,2026-01-01,2026-01-15
2026-08-24 06:52:50,V20_Range_Breakout,NAM-INDIA.NS,1253.4,304.5,369.14,21.23%,2023-10-09,2023-10-13
2026-08-24 06:52:50,V20_Range_Breakout,HDFCLIFE.NS,551.05,529.01,650.24,22.50%,2026-01-01,2026-01-15
2026-08-24 06:52:50,V20_Range_Breakout,DABUR.NS,396.55,380.69,467.93,22.50%,2026-01-01,2026-01-15
2026-08-24 06:52:50,V20_Range_Breakout,UNITDSPR.NS,1550.8,1488.77,1829.94,22.50%,2026-01-01,2026-01-15
2026-08-24 06:52:50,V20_Range_Breakout,JIOFIN.NS,243.3,270.84,345.65,27.62%,2024-02-19,2024-02-23
2026-08-24 06:52:50,V20_Range_Breakout,ITC.NS,267.5,256.8,315.65,22.50%,2026-01-01,2026-01-15
2026-08-24 06:52:50,V20_Range_Breakout,JSWINFRA.NS,342.05,328.37,403.62,22.50%,2026-01-01,2026-01-15
2026-08-24 06:52:50,V20_Range_Breakout,ASTRAZEN.NS,7259.0,7758.7,9954.35,28.30%,2025-05-29,2025-06-05
2026-08-24 06:52:50,V20_Range_Breakout,RADICO.NS,4590.9,2704.0,3357.55,24.17%,2026-04-10,2026-04-20
2026-08-24 06:52:50,V20_Range_Breakout,UBL.NS,1343.5,1289.76,1585.33,22.50%,2026-01-01,2026-01-15
2026-08-24 06:52:50,V20_Range_Breakout,MARICO.NS,843.55,809.81,995.39,22.50%,2026-01-01,2026-01-15
2026-08-24 06:52:50,V20_Range_Breakout,BAJAJ-AUTO.NS,11799.0,11327.04,13922.82,22.50%,2026-01-01,2026-01-15
2026-08-24 06:52:50,V20_Range_Breakout,AXISBANK.NS,1233.6,1184.26,1455.65,22.50%,2026-01-01,2026-01-15
2026-08-24 06:52:50,V20_Range_Breakout,HONAUT.NS,36870.0,28459.53,36446.95,28.07%,2026-05-19,2026-05-22
2026-08-24 06:52:50,V20_Range_Breakout,MEDANTA.NS,1405.0,1009.28,1259.1,24.75%,2025-04-07,2025-04-08
2026-08-24 06:52:50,V20_Range_Breakout,HINDUNILVR.NS,2009.8,1929.41,2371.56,22.50%,2026-01-01,2026-01-15
2026-08-24 06:52:50,V20_Range_Breakout,GILLETTE.NS,7447.0,7207.14,8725.96,21.07%,2025-02-18,2025-02-20
2026-08-24 06:52:50,V20_Range_Breakout,KAJARIACER.NS,1200.5,945.5,1178.0,24.59%,2026-04-01,2026-04-15
2026-08-24 06:52:50,V20_Range_Breakout,BATAINDIA.NS,688.35,660.82,812.25,22.50%,2026-01-01,2026-01-15
2026-08-24 06:52:50,V20_Range_Breakout,M&M.NS,3428.9,3291.74,4046.1,22.50%,2026-01-01,2026-01-15
2026-08-24 06:52:50,V20_Range_Breakout,ACC.NS,1304.4,1252.22,1539.19,22.50%,2026-01-01,2026-01-15
2026-08-24 06:52:50,V20_Range_Breakout,LT.NS,4085.3,3921.89,4820.65,22.50%,2026-01-01,2026-01-15
2026-08-24 06:52:50,V20_Range_Breakout,MARUTI.NS,13521.0,12980.16,15954.78,22.50%,2026-01-01,2026-01-15
2026-08-24 06:52:50,V20_Range_Breakout,SANOFI.NS,3289.0,5620.1,10037.9,78.61%,2024-06-07,2024-06-13
2026-08-24 06:52:50,V20_Range_Breakout,SBIN.NS,1034.8,993.41,1221.06,22.50%,2026-01-01,2026-01-15
2026-08-24 06:52:50,V20_Range_Breakout,MRF.NS,134305.0,128932.8,158479.9,22.50%,2026-01-01,2026-01-15
2026-08-24 06:52:50,V20_Range_Breakout,HCLTECH.NS,1318.1,1265.38,1555.36,22.50%,2026-01-01,2026-01-15
2026-08-24 06:52:50,V20_Range_Breakout,GLAXO.NS,2940.0,1894.45,2642.36,39.48%,2025-02-14,2025-02-20
2026-08-24 06:52:50,V20_Range_Breakout,BOSCHLTD.NS,47930.0,28929.63,37423.73,29.36%,2026-04-01,2026-04-10
2026-08-24 06:52:50,V20_Range_Breakout,INFY.NS,1135.5,1090.08,1339.89,22.50%,2026-01-01,2026-01-15
2026-08-24 06:52:50,V20_Range_Breakout,PGHH.NS,8138.5,7812.96,9603.43,22.50%,2026-01-01,2026-01-15
2026-08-24 06:52:50,V20_Range_Breakout,BAJAJFINSV.NS,2010.3,1929.89,2372.15,22.50%,2026-01-01,2026-01-15
2026-08-24 10:34:40,V20_Range_Breakout,UNITDSPR.NS,1555.0,1492.8,1834.9,22.50%,2026-01-01,2026-01-15
2026-08-24 10:34:40,V20_Range_Breakout,DMART.NS,3940.0,3685.1,4562.6,23.81%,2026-03-24,2026-04-06
2026-08-24 10:34:40,V20_Range_Breakout,GODREJCP.NS,928.9,891.74,1096.1,22.50%,2026-01-01,2026-01-15
2026-08-24 10:34:40,V20_Range_Breakout,JIOFIN.NS,242.0,270.84,345.65,27.62%,2024-02-19,2024-02-23
2026-08-24 10:34:40,V20_Range_Breakout,INFY.NS,1130.0,1084.8,1333.4,22.50%,2026-01-01,2026-01-15
2026-08-24 10:34:40,V20_Range_Breakout,HYUNDAI.NS,2207.0,2118.72,2604.26,22.50%,2026-01-01,2026-01-15
2026-08-24 10:34:40,V20_Range_Breakout,NESTLEIND.NS,1471.3,1412.45,1736.13,22.50%,2026-01-01,2026-01-15
2026-08-24 10:34:40,V20_Range_Breakout,PIDILITIND.NS,1660.0,1593.6,1958.8,22.50%,2026-01-01,2026-01-15
2026-08-24 10:34:40,V20_Range_Breakout,MRF.NS,134365.0,128990.4,158550.7,22.50%,2026-01-01,2026-01-15
2026-08-24 10:34:40,V20_Range_Breakout,MEDANTA.NS,1405.5,1009.28,1259.1,24.75%,2025-04-07,2025-04-08
2026-08-24 10:34:40,V20_Range_Breakout,BOSCHLTD.NS,48100.0,28929.63,37423.73,29.36%,2026-04-01,2026-04-10
2026-08-24 10:34:40,V20_Range_Breakout,BAJFINANCE.NS,1077.0,1033.92,1270.86,22.50%,2026-01-01,2026-01-15
2026-08-24 10:34:40,V20_Range_Breakout,ASTRAZEN.NS,7232.0,7758.7,9954.35,28.30%,2025-05-29,2025-06-05
2026-08-24 10:34:40,V20_Range_Breakout,ANGELONE.NS,286.0,227.75,283.32,24.40%,2026-04-01,2026-04-09
2026-08-24 10:34:40,V20_Range_Breakout,ERIS.NS,1325.6,1091.34,1389.64,27.33%,2025-04-07,2025-04-11
2026-08-24 10:34:40,V20_Range_Breakout,CAMS.NS,752.0,867.21,1041.1,20.05%,2024-11-25,2024-12-05
2026-08-24 10:34:40,V20_Range_Breakout,NAM-INDIA.NS,1247.8,304.5,369.14,21.23%,2023-10-09,2023-10-13
2026-08-24 10:34:40,V20_Range_Breakout,BAJAJ-AUTO.NS,11800.0,11328.0,13924.0,22.50%,2026-01-01,2026-01-15
2026-08-24 10:34:40,V20_Range_Breakout,ICICIBANK.NS,1415.0,1358.4,1669.7,22.50%,2026-01-01,2026-01-15
2026-08-24 10:34:40,V20_Range_Breakout,TITAN.NS,5079.0,4875.84,5993.22,22.50%,2026-01-01,2026-01-15
2026-08-24 10:34:40,V20_Range_Breakout,SBIN.NS,1039.5,997.92,1226.61,22.50%,2026-01-01,2026-01-15
2026-08-24 10:34:40,V20_Range_Breakout,HCLTECH.NS,1322.0,1269.12,1559.96,22.50%,2026-01-01,2026-01-15
2026-08-24 10:34:40,V20_Range_Breakout,GILLETTE.NS,7406.5,7207.14,8725.96,21.07%,2025-02-18,2025-02-20
2026-08-24 10:34:40,V20_Range_Breakout,DABUR.NS,398.45,382.51,470.17,22.50%,2026-01-01,2026-01-15
2026-08-24 10:34:40,V20_Range_Breakout,VBL.NS,428.0,393.99,474.22,20.36%,2026-04-07,2026-04-17
2026-08-24 10:34:40,V20_Range_Breakout,PFIZER.NS,4881.5,4212.44,5601.44,32.97%,2025-05-19,2025-06-05
2026-08-24 10:34:40,V20_Range_Breakout,TEAMLEASE.NS,1247.4,2854.65,3478.0,21.84%,2024-07-23,2024-07-29
2026-08-24 10:34:40,V20_Range_Breakout,ABBOTINDIA.NS,26420.0,25363.2,31175.6,22.50%,2026-01-01,2026-01-15
2026-08-24 10:34:40,V20_Range_Breakout,BAJAJFINSV.NS,2001.7,1921.63,2362.01,22.50%,2026-01-01,2026-01-15
2026-08-24 10:34:40,V20_Range_Breakout,VOLTAS.NS,1242.0,1125.16,1394.41,23.93%,2025-02-01,2025-02-03
2026-08-24 10:34:40,V20_Range_Breakout,MARUTI.NS,13620.0,13075.2,16071.6,22.50%,2026-01-01,2026-01-15
2026-08-24 10:34:40,V20_Range_Breakout,PAGEIND.NS,35560.0,34137.6,41960.8,22.50%,2026-01-01,2026-01-15
2026-08-24 10:34:40,V20_Range_Breakout,EICHERMOT.NS,8047.0,7725.12,9495.46,22.50%,2026-01-01,2026-01-15
2026-08-24 10:34:40,V20_Range_Breakout,ACC.NS,1300.9,1248.86,1535.06,22.50%,2026-01-01,2026-01-15
2026-08-24 10:34:40,V20_Range_Breakout,HDFCAMC.NS,2618.0,2513.28,3089.24,22.50%,2026-01-01,2026-01-15
2026-08-24 10:34:40,V20_Range_Breakout,CIPLA.NS,1437.9,1380.38,1696.72,22.50%,2026-01-01,2026-01-15
2026-08-24 10:34:40,V20_Range_Breakout,DIXON.NS,14570.0,12749.33,16820.51,31.93%,2025-04-09,2025-04-22
2026-08-24 10:34:40,V20_Range_Breakout,FORTIS.NS,918.0,881.28,1083.24,22.50%,2026-01-01,2026-01-15
2026-08-24 10:34:40,V20_Range_Breakout,KOTAKBANK.NS,401.45,385.39,473.71,22.50%,2026-01-01,2026-01-15
2026-08-24 10:34:40,V20_Range_Breakout,BLUESTARCO.NS,1504.0,1573.78,1911.62,21.47%,2026-04-08,2026-04-20
2026-08-24 10:34:40,V20_Range_Breakout,ASIANPAINT.NS,2640.8,2535.17,3116.14,22.50%,2026-01-01,2026-01-15
2026-08-24 10:34:40,V20_Range_Breakout,RELAXO.NS,377.55,363.7,439.95,20.97%,2026-07-17,2026-07-17
2026-08-24 10:34:40,V20_Range_Breakout,M&M.NS,3414.1,3277.54,4028.64,22.50%,2026-01-01,2026-01-15
2026-08-24 10:34:40,V20_Range_Breakout,RADICO.NS,4600.0,2704.0,3357.55,24.17%,2026-04-10,2026-04-20
2026-08-24 10:34:40,V20_Range_Breakout,MARICO.NS,846.1,812.26,998.4,22.50%,2026-01-01,2026-01-15
2026-08-24 10:34:40,V20_Range_Breakout,APOLLOHOSP.NS,8702.0,8353.92,10268.36,22.50%,2026-01-01,2026-01-15
2026-08-24 10:34:40,V20_Range_Breakout,RELIANCE.NS,1309.8,1257.41,1545.56,22.50%,2026-01-01,2026-01-15
2026-08-24 10:34:40,V20_Range_Breakout,HONAUT.NS,36640.0,28459.53,36446.95,28.07%,2026-05-19,2026-05-22
2026-08-24 10:34:40,V20_Range_Breakout,HINDUNILVR.NS,2030.0,1948.8,2395.4,22.50%,2026-01-01,2026-01-15
2026-08-24 10:34:40,V20_Range_Breakout,HDFCBANK.NS,729.0,699.84,860.22,22.50%,2026-01-01,2026-01-15
2026-08-24 10:34:40,V20_Range_Breakout,QUESS.NS,338.6,238.3,299.62,25.73%,2026-06-30,2026-07-07
2026-08-24 10:34:40,V20_Range_Breakout,JSWINFRA.NS,340.2,326.59,401.44,22.50%,2026-01-01,2026-01-15
2026-08-24 10:34:40,V20_Range_Breakout,TCS.NS,2284.1,2192.74,2695.24,22.50%,2026-01-01,2026-01-15
2026-08-24 10:34:40,V20_Range_Breakout,CDSL.NS,1385.1,1329.7,1634.42,22.50%,2026-01-01,2026-01-15
2026-08-24 10:34:40,V20_Range_Breakout,GLAXO.NS,2931.7,1894.45,2642.36,39.48%,2025-02-14,2025-02-20
2026-08-24 10:34:40,V20_Range_Breakout,HAVELLS.NS,1268.5,1373.11,1654.06,20.46%,2025-04-07,2025-04-22
2026-08-24 10:34:40,V20_Range_Breakout,SANOFI.NS,3274.6,5620.1,10037.9,78.61%,2024-06-07,2024-06-13
2026-08-24 10:34:40,V20_Range_Breakout,AXISBANK.NS,1236.0,1186.56,1458.48,22.50%,2026-01-01,2026-01-15
2026-08-24 10:34:40,V20_Range_Breakout,BATAINDIA.NS,686.25,658.8,809.77,22.50%,2026-01-01,2026-01-15
2026-08-24 10:34:40,V20_Range_Breakout,BSE.NS,3312.7,2384.72,2910.33,22.04%,2025-05-29,2025-06-05
2026-08-24 10:34:40,V20_Range_Breakout,PGHH.NS,8127.5,7802.4,9590.45,22.50%,2026-01-01,2026-01-15
2026-08-24 10:34:40,V20_Range_Breakout,INDHOTEL.NS,728.9,699.74,860.1,22.50%,2026-01-01,2026-01-15
2026-08-24 10:34:40,V20_Range_Breakout,LALPATHLAB.NS,1883.8,1808.45,2222.88,22.50%,2026-01-01,2026-01-15
2026-08-24 10:34:40,V20_Range_Breakout,HDFCLIFE.NS,552.95,530.83,652.48,22.50%,2026-01-01,2026-01-15
2026-08-24 10:34:40,V20_Range_Breakout,KAJARIACER.NS,1205.6,945.5,1178.0,24.59%,2026-04-01,2026-04-15
2026-08-24 10:34:40,V20_Range_Breakout,ICICIGI.NS,1620.0,1555.2,1911.6,22.50%,2026-01-01,2026-01-15
2026-08-24 10:34:40,V20_Range_Breakout,AWL.NS,193.88,186.12,228.78,22.50%,2026-01-01,2026-01-15
2026-08-24 10:34:40,V20_Range_Breakout,UBL.NS,1346.7,1292.83,1589.11,22.50%,2026-01-01,2026-01-15
2026-08-24 10:34:40,V20_Range_Breakout,ICICIPRULI.NS,511.25,490.8,603.27,22.50%,2026-01-01,2026-01-15
2026-08-24 10:34:40,V20_Range_Breakout,ADANIPORTS.NS,1672.1,1605.22,1973.08,22.50%,2026-01-01,2026-01-15
2026-08-24 10:34:40,V20_Range_Breakout,COLPAL.NS,1879.0,1803.84,2217.22,22.50%,2026-01-01,2026-01-15
2026-08-24 10:34:40,V20_Range_Breakout,ITC.NS,269.7,258.91,318.25,22.50%,2026-01-01,2026-01-15
2026-08-24 10:34:40,V20_Range_Breakout,LT.NS,4090.0,3926.4,4826.2,22.50%,2026-01-01,2026-01-15
2026-08-24 10:34:40,V20_Range_Breakout,ULTRACEMCO.NS,11504.0,11043.84,13574.72,22.50%,2026-01-01,2026-01-15
2026-08-24 10:34:40,V20_Range_Breakout,MCX.NS,3268.0,903.55,1187.07,31.38%,2025-04-07,2025-04-21
2026-08-25 06:41:36,V20_Range_Breakout,M&M.NS,3415.1,3278.5,4029.82,22.50%,2026-01-01,2026-01-15
2026-08-25 06:41:36,V20_Range_Breakout,INFY.NS,1128.4,1083.26,1331.51,22.50%,2026-01-01,2026-01-15
2026-08-25 06:41:36,V20_Range_Breakout,PGHH.NS,8113.5,7788.96,9573.93,22.50%,2026-01-01,2026-01-15
2026-08-25 06:41:36,V20_Range_Breakout,JIOFIN.NS,241.0,270.84,345.65,27.62%,2024-02-19,2024-02-23
2026-08-25 06:41:36,V20_Range_Breakout,RELAXO.NS,371.75,363.7,439.95,20.97%,2026-07-17,2026-07-17
2026-08-25 06:41:36,V20_Range_Breakout,HINDUNILVR.NS,2020.1,1939.3,2383.72,22.50%,2026-01-01,2026-01-15
2026-08-25 06:41:36,V20_Range_Breakout,ABBOTINDIA.NS,26450.0,25392.0,31211.0,22.50%,2026-01-01,2026-01-15
2026-08-25 06:41:36,V20_Range_Breakout,HDFCBANK.NS,726.5,697.44,857.27,22.50%,2026-01-01,2026-01-15
2026-08-25 06:41:36,V20_Range_Breakout,RELIANCE.NS,1304.8,1252.61,1539.66,22.50%,2026-01-01,2026-01-15
2026-08-25 06:41:36,V20_Range_Breakout,BSE.NS,3303.4,2384.72,2910.33,22.04%,2025-05-29,2025-06-05
2026-08-25 06:41:36,V20_Range_Breakout,NESTLEIND.NS,1469.3,1410.53,1733.77,22.50%,2026-01-01,2026-01-15
2026-08-25 06:41:36,V20_Range_Breakout,HONAUT.NS,36500.0,28459.53,36446.95,28.07%,2026-05-19,2026-05-22
2026-08-25 06:41:36,V20_Range_Breakout,MEDANTA.NS,1405.0,1009.28,1259.1,24.75%,2025-04-07,2025-04-08
2026-08-25 06:41:36,V20_Range_Breakout,HDFCAMC.NS,2647.8,2541.89,3124.4,22.50%,2026-01-01,2026-01-15
2026-08-25 06:41:36,V20_Range_Breakout,BAJFINANCE.NS,1079.7,1036.51,1274.05,22.50%,2026-01-01,2026-01-15
2026-08-25 06:41:36,V20_Range_Breakout,ACC.NS,1292.1,1240.42,1524.68,22.50%,2026-01-01,2026-01-15
2026-08-25 06:41:36,V20_Range_Breakout,FORTIS.NS,909.85,873.46,1073.62,22.50%,2026-01-01,2026-01-15
2026-08-25 06:41:36,V20_Range_Breakout,ICICIPRULI.NS,509.6,489.22,601.33,22.50%,2026-01-01,2026-01-15
2026-08-25 06:41:36,V20_Range_Breakout,BAJAJ-AUTO.NS,11746.0,11276.16,13860.28,22.50%,2026-01-01,2026-01-15
2026-08-25 06:41:36,V20_Range_Breakout,CDSL.NS,1384.4,1329.02,1633.59,22.50%,2026-01-01,2026-01-15
2026-08-25 06:41:36,V20_Range_Breakout,INDHOTEL.NS,726.4,697.34,857.15,22.50%,2026-01-01,2026-01-15
2026-08-25 06:41:36,V20_Range_Breakout,MARICO.NS,842.55,808.85,994.21,22.50%,2026-01-01,2026-01-15
2026-08-25 06:41:36,V20_Range_Breakout,HCLTECH.NS,1300.4,1248.38,1534.47,22.50%,2026-01-01,2026-01-15
2026-08-25 06:41:36,V20_Range_Breakout,TITAN.NS,5060.7,4858.27,5971.63,22.50%,2026-01-01,2026-01-15
2026-08-25 06:41:36,V20_Range_Breakout,BOSCHLTD.NS,47885.0,28929.63,37423.73,29.36%,2026-04-01,2026-04-10
2026-08-25 06:41:36,V20_Range_Breakout,ITC.NS,269.45,258.67,317.95,22.50%,2026-01-01,2026-01-15
2026-08-25 06:41:36,V20_Range_Breakout,RADICO.NS,4614.7,2704.0,3357.55,24.17%,2026-04-10,2026-04-20
2026-08-25 06:41:36,V20_Range_Breakout,UNITDSPR.NS,1548.1,1486.18,1826.76,22.50%,2026-01-01,2026-01-15
2026-08-25 06:41:36,V20_Range_Breakout,AWL.NS,203.86,195.71,240.55,22.50%,2026-01-01,2026-01-15
2026-08-25 06:41:36,V20_Range_Breakout,NAM-INDIA.NS,1223.4,304.5,369.14,21.23%,2023-10-09,2023-10-13
2026-08-25 06:41:36,V20_Range_Breakout,MRF.NS,133860.0,128505.6,157954.8,22.50%,2026-01-01,2026-01-15
2026-08-25 06:41:36,V20_Range_Breakout,PAGEIND.NS,35305.0,33892.8,41659.9,22.50%,2026-01-01,2026-01-15
2026-08-25 06:41:36,V20_Range_Breakout,UBL.NS,1347.2,1293.31,1589.7,22.50%,2026-01-01,2026-01-15
2026-08-25 06:41:36,V20_Range_Breakout,LT.NS,4075.9,3912.86,4809.56,22.50%,2026-01-01,2026-01-15
2026-08-25 06:41:36,V20_Range_Breakout,KOTAKBANK.NS,400.65,384.62,472.77,22.50%,2026-01-01,2026-01-15
2026-08-25 06:41:36,V20_Range_Breakout,BAJAJFINSV.NS,1992.7,1912.99,2351.39,22.50%,2026-01-01,2026-01-15
2026-08-25 06:41:36,V20_Range_Breakout,MCX.NS,3268.8,903.55,1187.07,31.38%,2025-04-07,2025-04-21
2026-08-25 06:41:36,V20_Range_Breakout,GODREJCP.NS,922.5,885.6,1088.55,22.50%,2026-01-01,2026-01-15
2026-08-25 06:41:36,V20_Range_Breakout,GLAXO.NS,2950.1,1894.45,2642.36,39.48%,2025-02-14,2025-02-20
2026-08-25 06:41:36,V20_Range_Breakout,PFIZER.NS,4782.8,4212.44,5601.44,32.97%,2025-05-19,2025-06-05
2026-08-25 06:41:36,V20_Range_Breakout,CIPLA.NS,1422.5,1365.6,1678.55,22.50%,2026-01-01,2026-01-15
2026-08-25 06:41:36,V20_Range_Breakout,ULTRACEMCO.NS,11457.0,10998.72,13519.26,22.50%,2026-01-01,2026-01-15
2026-08-25 06:41:36,V20_Range_Breakout,KAJARIACER.NS,1215.5,945.5,1178.0,24.59%,2026-04-01,2026-04-15
2026-08-25 06:41:36,V20_Range_Breakout,PIDILITIND.NS,1649.4,1583.42,1946.29,22.50%,2026-01-01,2026-01-15
2026-08-25 06:41:36,V20_Range_Breakout,DABUR.NS,394.2,378.43,465.16,22.50%,2026-01-01,2026-01-15
2026-08-25 06:41:36,V20_Range_Breakout,HAVELLS.NS,1254.2,1373.11,1654.06,20.46%,2025-04-07,2025-04-22
2026-08-25 06:41:36,V20_Range_Breakout,EICHERMOT.NS,8001.5,7681.44,9441.77,22.50%,2026-01-01,2026-01-15
2026-08-25 06:41:36,V20_Range_Breakout,APOLLOHOSP.NS,8714.0,8365.44,10282.52,22.50%,2026-01-01,2026-01-15
2026-08-25 06:41:36,V20_Range_Breakout,VBL.NS,430.85,393.99,474.22,20.36%,2026-04-07,2026-04-17
2026-08-25 06:41:36,V20_Range_Breakout,LALPATHLAB.NS,1898.3,1822.37,2239.99,22.50%,2026-01-01,2026-01-15
2026-08-25 06:41:36,V20_Range_Breakout,AXISBANK.NS,1234.1,1184.74,1456.24,22.50%,2026-01-01,2026-01-15
2026-08-25 06:41:36,V20_Range_Breakout,CAMS.NS,744.0,867.21,1041.1,20.05%,2024-11-25,2024-12-05
2026-08-25 06:41:36,V20_Range_Breakout,ASIANPAINT.NS,2613.9,2509.34,3084.4,22.50%,2026-01-01,2026-01-15
2026-08-25 06:41:36,V20_Range_Breakout,ERIS.NS,1317.0,1091.34,1389.64,27.33%,2025-04-07,2025-04-11
2026-08-25 06:41:36,V20_Range_Breakout,JSWINFRA.NS,341.0,327.36,402.38,22.50%,2026-01-01,2026-01-15
2026-08-25 06:41:36,V20_Range_Breakout,COLPAL.NS,1872.5,1797.6,2209.55,22.50%,2026-01-01,2026-01-15
2026-08-25 06:41:36,V20_Range_Breakout,ICICIBANK.NS,1422.2,1365.31,1678.2,22.50%,2026-01-01,2026-01-15
2026-08-25 06:41:36,V20_Range_Breakout,HYUNDAI.NS,2202.0,2113.92,2598.36,22.50%,2026-01-01,2026-01-15
2026-08-25 06:41:36,V20_Range_Breakout,TEAMLEASE.NS,1240.3,2854.65,3478.0,21.84%,2024-07-23,2024-07-29
2026-08-25 06:41:36,V20_Range_Breakout,SBIN.NS,1041.6,999.94,1229.09,22.50%,2026-01-01,2026-01-15
2026-08-25 06:41:36,V20_Range_Breakout,QUESS.NS,342.55,238.3,299.62,25.73%,2026-06-30,2026-07-07
2026-08-25 06:41:36,V20_Range_Breakout,DIXON.NS,14493.0,12749.33,16820.51,31.93%,2025-04-09,2025-04-22
2026-08-25 06:41:36,V20_Range_Breakout,BLUESTARCO.NS,1510.2,1573.78,1911.62,21.47%,2026-04-08,2026-04-20
2026-08-25 06:41:36,V20_Range_Breakout,TCS.NS,2279.2,2188.03,2689.46,22.50%,2026-01-01,2026-01-15
2026-08-25 06:41:36,V20_Range_Breakout,BATAINDIA.NS,684.25,656.88,807.41,22.50%,2026-01-01,2026-01-15
2026-08-25 06:41:36,V20_Range_Breakout,ANGELONE.NS,294.3,227.75,283.32,24.40%,2026-04-01,2026-04-09
2026-08-25 06:41:36,V20_Range_Breakout,DMART.NS,3930.9,3685.1,4562.6,23.81%,2026-03-24,2026-04-06
2026-08-25 06:41:36,V20_Range_Breakout,MARUTI.NS,13513.0,12972.48,15945.34,22.50%,2026-01-01,2026-01-15
2026-08-25 06:41:36,V20_Range_Breakout,GILLETTE.NS,7410.0,7207.14,8725.96,21.07%,2025-02-18,2025-02-20
2026-08-25 06:41:36,V20_Range_Breakout,ADANIPORTS.NS,1683.0,1615.68,1985.94,22.50%,2026-01-01,2026-01-15
2026-08-25 06:41:36,V20_Range_Breakout,HDFCLIFE.NS,549.95,527.95,648.94,22.50%,2026-01-01,2026-01-15
2026-08-25 06:41:36,V20_Range_Breakout,ASTRAZEN.NS,7255.5,7758.7,9954.35,28.30%,2025-05-29,2025-06-05
2026-08-25 06:41:36,V20_Range_Breakout,SANOFI.NS,3217.0,5620.1,10037.9,78.61%,2024-06-07,2024-06-13
2026-08-25 06:41:36,V20_Range_Breakout,VOLTAS.NS,1233.0,1125.16,1394.41,23.93%,2025-02-01,2025-02-03
2026-08-25 06:41:36,V20_Range_Breakout,ICICIGI.NS,1610.4,1545.98,1900.27,22.50%,2026-01-01,2026-01-15
2026-08-25 10:29:19,V20_Range_Breakout,FORTIS.NS,923.95,886.99,1090.26,22.50%,2026-01-01,2026-01-15
2026-08-25 10:29:19,V20_Range_Breakout,BOSCHLTD.NS,48680.0,28929.63,37423.73,29.36%,2026-04-01,2026-04-10
2026-08-25 10:29:19,V20_Range_Breakout,RELAXO.NS,368.55,363.7,439.95,20.97%,2026-07-17,2026-07-17
2026-08-25 10:29:19,V20_Range_Breakout,PFIZER.NS,4758.0,4212.44,5601.44,32.97%,2025-05-19,2025-06-05
2026-08-25 10:29:19,V20_Range_Breakout,KOTAKBANK.NS,401.6,385.54,473.89,22.50%,2026-01-01,2026-01-15
2026-08-25 10:29:19,V20_Range_Breakout,JSWINFRA.NS,343.95,330.19,405.86,22.50%,2026-01-01,2026-01-15
2026-08-25 10:29:19,V20_Range_Breakout,HONAUT.NS,36740.0,28459.53,36446.95,28.07%,2026-05-19,2026-05-22
2026-08-25 10:29:19,V20_Range_Breakout,BAJFINANCE.NS,1087.4,1043.9,1283.13,22.50%,2026-01-01,2026-01-15
2026-08-25 10:29:19,V20_Range_Breakout,ICICIGI.NS,1616.0,1551.36,1906.88,22.50%,2026-01-01,2026-01-15
2026-08-25 10:29:19,V20_Range_Breakout,BSE.NS,3303.0,2384.72,2910.33,22.04%,2025-05-29,2025-06-05
2026-08-25 10:29:19,V20_Range_Breakout,ABBOTINDIA.NS,26415.0,25358.4,31169.7,22.50%,2026-01-01,2026-01-15
2026-08-25 10:29:19,V20_Range_Breakout,VBL.NS,438.0,393.99,474.22,20.36%,2026-04-07,2026-04-17
2026-08-25 10:29:19,V20_Range_Breakout,BLUESTARCO.NS,1515.0,1573.78,1911.62,21.47%,2026-04-08,2026-04-20
2026-08-25 10:29:19,V20_Range_Breakout,EICHERMOT.NS,8055.0,7732.8,9504.9,22.50%,2026-01-01,2026-01-15
2026-08-25 10:29:19,V20_Range_Breakout,MCX.NS,3280.0,903.55,1187.07,31.38%,2025-04-07,2025-04-21
2026-08-25 10:29:19,V20_Range_Breakout,MRF.NS,132295.0,127003.2,156108.1,22.50%,2026-01-01,2026-01-15
2026-08-25 10:29:19,V20_Range_Breakout,KAJARIACER.NS,1213.9,945.5,1178.0,24.59%,2026-04-01,2026-04-15
2026-08-25 10:29:19,V20_Range_Breakout,ACC.NS,1305.9,1253.66,1540.96,22.50%,2026-01-01,2026-01-15
2026-08-25 10:29:19,V20_Range_Breakout,ICICIPRULI.NS,510.0,489.6,601.8,22.50%,2026-01-01,2026-01-15
2026-08-25 10:29:19,V20_Range_Breakout,HCLTECH.NS,1315.8,1263.17,1552.64,22.50%,2026-01-01,2026-01-15
2026-08-25 10:29:19,V20_Range_Breakout,MARICO.NS,847.5,813.6,1000.05,22.50%,2026-01-01,2026-01-15
2026-08-25 10:29:19,V20_Range_Breakout,CIPLA.NS,1422.0,1365.12,1677.96,22.50%,2026-01-01,2026-01-15
2026-08-25 10:29:19,V20_Range_Breakout,MARUTI.NS,13678.0,13130.88,16140.04,22.50%,2026-01-01,2026-01-15
2026-08-25 10:29:19,V20_Range_Breakout,INFY.NS,1144.0,1098.24,1349.92,22.50%,2026-01-01,2026-01-15
2026-08-25 10:29:19,V20_Range_Breakout,AWL.NS,200.64,192.61,236.76,22.50%,2026-01-01,2026-01-15
2026-08-25 10:29:19,V20_Range_Breakout,ASTRAZEN.NS,7146.0,7758.7,9954.35,28.30%,2025-05-29,2025-06-05
2026-08-25 10:29:19,V20_Range_Breakout,DIXON.NS,14990.0,12749.33,16820.51,31.93%,2025-04-09,2025-04-22
2026-08-25 10:29:19,V20_Range_Breakout,DABUR.NS,395.05,379.25,466.16,22.50%,2026-01-01,2026-01-15
2026-08-25 10:29:19,V20_Range_Breakout,ANGELONE.NS,300.9,227.75,283.32,24.40%,2026-04-01,2026-04-09
2026-08-25 10:29:19,V20_Range_Breakout,ITC.NS,271.4,260.54,320.25,22.50%,2026-01-01,2026-01-15
2026-08-25 10:29:19,V20_Range_Breakout,PGHH.NS,8089.0,7765.44,9545.02,22.50%,2026-01-01,2026-01-15
2026-08-25 10:29:19,V20_Range_Breakout,ERIS.NS,1309.6,1091.34,1389.64,27.33%,2025-04-07,2025-04-11
2026-08-25 10:29:19,V20_Range_Breakout,UNITDSPR.NS,1550.0,1488.0,1829.0,22.50%,2026-01-01,2026-01-15
2026-08-25 10:29:19,V20_Range_Breakout,BAJAJ-AUTO.NS,11927.0,11449.92,14073.86,22.50%,2026-01-01,2026-01-15
2026-08-25 10:29:19,V20_Range_Breakout,QUESS.NS,347.0,238.3,299.62,25.73%,2026-06-30,2026-07-07
2026-08-25 10:29:19,V20_Range_Breakout,HDFCBANK.NS,727.5,698.4,858.45,22.50%,2026-01-01,2026-01-15
2026-08-25 10:29:19,V20_Range_Breakout,JIOFIN.NS,243.15,270.84,345.65,27.62%,2024-02-19,2024-02-23
2026-08-25 10:29:19,V20_Range_Breakout,ADANIPORTS.NS,1702.7,1634.59,2009.19,22.50%,2026-01-01,2026-01-15
2026-08-25 10:29:19,V20_Range_Breakout,SBIN.NS,1048.0,1006.08,1236.64,22.50%,2026-01-01,2026-01-15
2026-08-25 10:29:19,V20_Range_Breakout,GODREJCP.NS,929.2,892.03,1096.46,22.50%,2026-01-01,2026-01-15
2026-08-25 10:29:19,V20_Range_Breakout,RADICO.NS,4630.0,2704.0,3357.55,24.17%,2026-04-10,2026-04-20
2026-08-25 10:29:19,V20_Range_Breakout,ICICIBANK.NS,1422.7,1365.79,1678.79,22.50%,2026-01-01,2026-01-15
2026-08-25 10:29:19,V20_Range_Breakout,COLPAL.NS,1876.8,1801.73,2214.62,22.50%,2026-01-01,2026-01-15
2026-08-25 10:29:19,V20_Range_Breakout,DMART.NS,3909.6,3685.1,4562.6,23.81%,2026-03-24,2026-04-06
2026-08-25 10:29:19,V20_Range_Breakout,INDHOTEL.NS,730.0,700.8,861.4,22.50%,2026-01-01,2026-01-15
2026-08-25 10:29:19,V20_Range_Breakout,HAVELLS.NS,1269.1,1373.11,1654.06,20.46%,2025-04-07,2025-04-22
2026-08-25 10:29:19,V20_Range_Breakout,BATAINDIA.NS,684.7,657.31,807.95,22.50%,2026-01-01,2026-01-15
2026-08-25 10:29:19,V20_Range_Breakout,BAJAJFINSV.NS,2004.0,1923.84,2364.72,22.50%,2026-01-01,2026-01-15
2026-08-25 10:29:19,V20_Range_Breakout,M&M.NS,3443.0,3305.28,4062.74,22.50%,2026-01-01,2026-01-15
2026-08-25 10:29:19,V20_Range_Breakout,GILLETTE.NS,7439.0,7207.14,8725.96,21.07%,2025-02-18,2025-02-20
2026-08-25 10:29:19,V20_Range_Breakout,CAMS.NS,749.95,867.21,1041.1,20.05%,2024-11-25,2024-12-05
2026-08-25 10:29:19,V20_Range_Breakout,HINDUNILVR.NS,2024.2,1943.23,2388.56,22.50%,2026-01-01,2026-01-15
2026-08-25 10:29:19,V20_Range_Breakout,AXISBANK.NS,1235.0,1185.6,1457.3,22.50%,2026-01-01,2026-01-15
2026-08-25 10:29:19,V20_Range_Breakout,UBL.NS,1348.6,1294.66,1591.35,22.50%,2026-01-01,2026-01-15
2026-08-25 10:29:19,V20_Range_Breakout,TITAN.NS,5124.8,4919.81,6047.26,22.50%,2026-01-01,2026-01-15
2026-08-25 10:29:19,V20_Range_Breakout,TEAMLEASE.NS,1236.8,2854.65,3478.0,21.84%,2024-07-23,2024-07-29
2026-08-25 10:29:19,V20_Range_Breakout,HYUNDAI.NS,2232.5,2143.2,2634.35,22.50%,2026-01-01,2026-01-15
2026-08-25 10:29:19,V20_Range_Breakout,SANOFI.NS,3198.2,5620.1,10037.9,78.61%,2024-06-07,2024-06-13
2026-08-25 10:29:19,V20_Range_Breakout,HDFCAMC.NS,2698.0,2590.08,3183.64,22.50%,2026-01-01,2026-01-15
2026-08-25 10:29:19,V20_Range_Breakout,TCS.NS,2296.2,2204.35,2709.52,22.50%,2026-01-01,2026-01-15
2026-08-25 10:29:19,V20_Range_Breakout,RELIANCE.NS,1317.0,1264.32,1554.06,22.50%,2026-01-01,2026-01-15
2026-08-25 10:29:19,V20_Range_Breakout,LT.NS,4119.0,3954.24,4860.42,22.50%,2026-01-01,2026-01-15
2026-08-25 10:29:19,V20_Range_Breakout,MEDANTA.NS,1404.4,1009.28,1259.1,24.75%,2025-04-07,2025-04-08
2026-08-25 10:29:19,V20_Range_Breakout,ULTRACEMCO.NS,11540.0,11078.4,13617.2,22.50%,2026-01-01,2026-01-15
2026-08-25 10:29:19,V20_Range_Breakout,APOLLOHOSP.NS,8889.0,8533.44,10489.02,22.50%,2026-01-01,2026-01-15
2026-08-25 10:29:19,V20_Range_Breakout,CDSL.NS,1394.8,1339.01,1645.86,22.50%,2026-01-01,2026-01-15
2026-08-25 10:29:19,V20_Range_Breakout,PIDILITIND.NS,1651.1,1585.06,1948.3,22.50%,2026-01-01,2026-01-15
2026-08-25 10:29:19,V20_Range_Breakout,VOLTAS.NS,1243.0,1125.16,1394.41,23.93%,2025-02-01,2025-02-03
2026-08-25 10:29:19,V20_Range_Breakout,GLAXO.NS,2963.4,1894.45,2642.36,39.48%,2025-02-14,2025-02-20
2026-08-25 10:29:19,V20_Range_Breakout,NESTLEIND.NS,1479.0,1419.84,1745.22,22.50%,2026-01-01,2026-01-15
2026-08-25 10:29:19,V20_Range_Breakout,PAGEIND.NS,35500.0,34080.0,41890.0,22.50%,2026-01-01,2026-01-15
2026-08-25 10:29:19,V20_Range_Breakout,HDFCLIFE.NS,546.7,524.83,645.11,22.50%,2026-01-01,2026-01-15
2026-08-25 10:29:19,V20_Range_Breakout,LALPATHLAB.NS,1913.7,1837.15,2258.17,22.50%,2026-01-01,2026-01-15
2026-08-25 10:29:19,V20_Range_Breakout,ASIANPAINT.NS,2639.8,2534.21,3114.96,22.50%,2026-01-01,2026-01-15
2026-08-25 10:29:19,V20_Range_Breakout,NAM-INDIA.NS,1224.4,304.5,369.14,21.23%,2023-10-09,2023-10-13
2026-08-26 06:43:01,V20_Range_Breakout,HINDUNILVR.NS,2029.4,1948.22,2394.69,22.50%,2026-01-01,2026-01-15
2026-08-26 06:43:01,V20_Range_Breakout,HCLTECH.NS,1299.8,1247.81,1533.76,22.50%,2026-01-01,2026-01-15
2026-08-26 06:43:01,V20_Range_Breakout,VOLTAS.NS,1220.9,1125.16,1394.41,23.93%,2025-02-01,2025-02-03
2026-08-26 06:43:01,V20_Range_Breakout,HDFCBANK.NS,727.8,698.69,858.8,22.50%,2026-01-01,2026-01-15
2026-08-26 06:43:01,V20_Range_Breakout,TCS.NS,2273.3,2182.37,2682.49,22.50%,2026-01-01,2026-01-15
2026-08-26 06:43:01,V20_Range_Breakout,CDSL.NS,1441.6,1383.94,1701.09,22.50%,2026-01-01,2026-01-15
2026-08-26 06:43:01,V20_Range_Breakout,GLAXO.NS,3001.0,1894.45,2642.36,39.48%,2025-02-14,2025-02-20
2026-08-26 06:43:01,V20_Range_Breakout,PIDILITIND.NS,1646.2,1580.35,1942.52,22.50%,2026-01-01,2026-01-15
2026-08-26 06:43:01,V20_Range_Breakout,NESTLEIND.NS,1453.2,1395.07,1714.78,22.50%,2026-01-01,2026-01-15
2026-08-26 06:43:01,V20_Range_Breakout,DIXON.NS,14863.0,12749.33,16820.51,31.93%,2025-04-09,2025-04-22
2026-08-26 06:43:01,V20_Range_Breakout,RELAXO.NS,367.85,363.7,439.95,20.97%,2026-07-17,2026-07-17
2026-08-26 06:43:01,V20_Range_Breakout,RELIANCE.NS,1305.9,1253.66,1540.96,22.50%,2026-01-01,2026-01-15
2026-08-26 06:43:01,V20_Range_Breakout,ICICIPRULI.NS,524.4,503.42,618.79,22.50%,2026-01-01,2026-01-15
2026-08-26 06:43:01,V20_Range_Breakout,BAJAJ-AUTO.NS,11754.0,11283.84,13869.72,22.50%,2026-01-01,2026-01-15
2026-08-26 06:43:01,V20_Range_Breakout,UNITDSPR.NS,1523.2,1462.27,1797.38,22.50%,2026-01-01,2026-01-15
2026-08-26 06:43:01,V20_Range_Breakout,APOLLOHOSP.NS,8799.0,8447.04,10382.82,22.50%,2026-01-01,2026-01-15
2026-08-26 06:43:01,V20_Range_Breakout,LT.NS,4062.1,3899.62,4793.28,22.50%,2026-01-01,2026-01-15
2026-08-26 06:43:01,V20_Range_Breakout,PGHH.NS,8097.0,7773.12,9554.46,22.50%,2026-01-01,2026-01-15
2026-08-26 06:43:01,V20_Range_Breakout,QUESS.NS,365.45,238.3,299.62,25.73%,2026-06-30,2026-07-07
2026-08-26 06:43:01,V20_Range_Breakout,RADICO.NS,4627.6,2704.0,3357.55,24.17%,2026-04-10,2026-04-20
2026-08-26 06:43:01,V20_Range_Breakout,MARICO.NS,834.6,801.22,984.83,22.50%,2026-01-01,2026-01-15
2026-08-26 06:43:01,V20_Range_Breakout,COLPAL.NS,1865.5,1790.88,2201.29,22.50%,2026-01-01,2026-01-15
2026-08-26 06:43:01,V20_Range_Breakout,ABBOTINDIA.NS,26545.0,25483.2,31323.1,22.50%,2026-01-01,2026-01-15
2026-08-26 06:43:01,V20_Range_Breakout,ASTRAZEN.NS,7199.0,7758.7,9954.35,28.30%,2025-05-29,2025-06-05
2026-08-26 06:43:01,V20_Range_Breakout,ADANIPORTS.NS,1693.3,1625.57,1998.09,22.50%,2026-01-01,2026-01-15
2026-08-26 06:43:01,V20_Range_Breakout,FORTIS.NS,926.85,889.78,1093.68,22.50%,2026-01-01,2026-01-15
2026-08-26 06:43:01,V20_Range_Breakout,ACC.NS,1326.0,1272.96,1564.68,22.50%,2026-01-01,2026-01-15
2026-08-26 06:43:01,V20_Range_Breakout,HDFCLIFE.NS,560.35,537.94,661.21,22.50%,2026-01-01,2026-01-15
2026-08-26 06:43:01,V20_Range_Breakout,KOTAKBANK.NS,413.5,396.96,487.93,22.50%,2026-01-01,2026-01-15
2026-08-26 06:43:01,V20_Range_Breakout,INDHOTEL.NS,727.1,698.02,857.98,22.50%,2026-01-01,2026-01-15
2026-08-26 06:43:01,V20_Range_Breakout,PAGEIND.NS,35450.0,34032.0,41831.0,22.50%,2026-01-01,2026-01-15
2026-08-26 06:43:01,V20_Range_Breakout,JSWINFRA.NS,344.8,331.01,406.86,22.50%,2026-01-01,2026-01-15
2026-08-26 06:43:01,V20_Range_Breakout,MCX.NS,3305.9,903.55,1187.07,31.38%,2025-04-07,2025-04-21
2026-08-26 06:43:01,V20_Range_Breakout,HONAUT.NS,36885.0,28459.53,36446.95,28.07%,2026-05-19,2026-05-22
2026-08-26 06:43:01,V20_Range_Breakout,HYUNDAI.NS,2262.7,2172.19,2669.99,22.50%,2026-01-01,2026-01-15
2026-08-26 06:43:01,V20_Range_Breakout,SANOFI.NS,3183.8,5620.1,10037.9,78.61%,2024-06-07,2024-06-13
2026-08-26 06:43:01,V20_Range_Breakout,TITAN.NS,5100.0,4896.0,6018.0,22.50%,2026-01-01,2026-01-15
2026-08-26 06:43:01,V20_Range_Breakout,BATAINDIA.NS,689.3,661.73,813.37,22.50%,2026-01-01,2026-01-15
2026-08-26 06:43:01,V20_Range_Breakout,ANGELONE.NS,300.5,227.75,283.32,24.40%,2026-04-01,2026-04-09
2026-08-26 06:43:01,V20_Range_Breakout,MEDANTA.NS,1464.8,1009.28,1259.1,24.75%,2025-04-07,2025-04-08
2026-08-26 06:43:01,V20_Range_Breakout,JIOFIN.NS,242.75,270.84,345.65,27.62%,2024-02-19,2024-02-23
2026-08-26 06:43:01,V20_Range_Breakout,MARUTI.NS,13611.0,13066.56,16060.98,22.50%,2026-01-01,2026-01-15
2026-08-26 06:43:01,V20_Range_Breakout,DABUR.NS,393.9,378.14,464.8,22.50%,2026-01-01,2026-01-15
2026-08-26 06:43:01,V20_Range_Breakout,ICICIBANK.NS,1437.4,1379.9,1696.13,22.50%,2026-01-01,2026-01-15
2026-08-26 06:43:01,V20_Range_Breakout,ERIS.NS,1310.2,1091.34,1389.64,27.33%,2025-04-07,2025-04-11
2026-08-26 06:43:01,V20_Range_Breakout,DMART.NS,3906.9,3685.1,4562.6,23.81%,2026-03-24,2026-04-06
2026-08-26 06:43:01,V20_Range_Breakout,INFY.NS,1122.4,1077.5,1324.43,22.50%,2026-01-01,2026-01-15
2026-08-26 06:43:01,V20_Range_Breakout,HAVELLS.NS,1261.0,1373.11,1654.06,20.46%,2025-04-07,2025-04-22
2026-08-26 06:43:01,V20_Range_Breakout,BLUESTARCO.NS,1500.0,1573.78,1911.62,21.47%,2026-04-08,2026-04-20
2026-08-26 06:43:01,V20_Range_Breakout,UBL.NS,1350.0,1296.0,1593.0,22.50%,2026-01-01,2026-01-15
2026-08-26 06:43:01,V20_Range_Breakout,PFIZER.NS,4749.7,4212.44,5601.44,32.97%,2025-05-19,2025-06-05
2026-08-26 06:43:01,V20_Range_Breakout,HDFCAMC.NS,2691.0,2583.36,3175.38,22.50%,2026-01-01,2026-01-15
2026-08-26 06:43:01,V20_Range_Breakout,SBIN.NS,1056.2,1013.95,1246.32,22.50%,2026-01-01,2026-01-15
2026-08-26 06:43:01,V20_Range_Breakout,BOSCHLTD.NS,48510.0,28929.63,37423.73,29.36%,2026-04-01,2026-04-10
2026-08-26 06:43:01,V20_Range_Breakout,BAJFINANCE.NS,1088.5,1044.96,1284.43,22.50%,2026-01-01,2026-01-15
2026-08-26 06:43:01,V20_Range_Breakout,ASIANPAINT.NS,2645.4,2539.58,3121.57,22.50%,2026-01-01,2026-01-15
2026-08-26 06:43:01,V20_Range_Breakout,CIPLA.NS,1405.0,1348.8,1657.9,22.50%,2026-01-01,2026-01-15
2026-08-26 06:43:01,V20_Range_Breakout,BAJAJFINSV.NS,2012.6,1932.1,2374.87,22.50%,2026-01-01,2026-01-15
2026-08-26 06:43:01,V20_Range_Breakout,M&M.NS,3425.0,3288.0,4041.5,22.50%,2026-01-01,2026-01-15
2026-08-26 06:43:01,V20_Range_Breakout,NAM-INDIA.NS,1230.2,304.5,369.14,21.23%,2023-10-09,2023-10-13
2026-08-26 06:43:01,V20_Range_Breakout,KAJARIACER.NS,1221.1,945.5,1178.0,24.59%,2026-04-01,2026-04-15
2026-08-26 06:43:01,V20_Range_Breakout,TEAMLEASE.NS,1255.9,2854.65,3478.0,21.84%,2024-07-23,2024-07-29
2026-08-26 06:43:01,V20_Range_Breakout,VBL.NS,424.4,393.99,474.22,20.36%,2026-04-07,2026-04-17
2026-08-26 06:43:01,V20_Range_Breakout,ICICIGI.NS,1617.5,1552.8,1908.65,22.50%,2026-01-01,2026-01-15
2026-08-26 06:43:01,V20_Range_Breakout,ULTRACEMCO.NS,11677.0,11209.92,13778.86,22.50%,2026-01-01,2026-01-15
2026-08-26 06:43:01,V20_Range_Breakout,GODREJCP.NS,929.0,891.84,1096.22,22.50%,2026-01-01,2026-01-15
2026-08-26 06:43:01,V20_Range_Breakout,AXISBANK.NS,1252.2,1202.11,1477.6,22.50%,2026-01-01,2026-01-15
2026-08-26 06:43:01,V20_Range_Breakout,MRF.NS,133660.0,128313.6,157718.8,22.50%,2026-01-01,2026-01-15
2026-08-26 06:43:01,V20_Range_Breakout,CAMS.NS,753.85,867.21,1041.1,20.05%,2024-11-25,2024-12-05
2026-08-26 06:43:01,V20_Range_Breakout,GILLETTE.NS,7448.0,7207.14,8725.96,21.07%,2025-02-18,2025-02-20
2026-08-26 06:43:01,V20_Range_Breakout,EICHERMOT.NS,8079.0,7755.84,9533.22,22.50%,2026-01-01,2026-01-15
2026-08-26 06:43:01,V20_Range_Breakout,ITC.NS,271.1,260.26,319.9,22.50%,2026-01-01,2026-01-15
2026-08-26 06:43:01,V20_Range_Breakout,AWL.NS,202.96,194.84,239.49,22.50%,2026-01-01,2026-01-15
2026-08-26 06:43:01,V20_Range_Breakout,LALPATHLAB.NS,1934.4,1857.02,2282.59,22.50%,2026-01-01,2026-01-15
2026-08-26 06:43:01,V20_Range_Breakout,BSE.NS,3326.0,2384.72,2910.33,22.04%,2025-05-29,2025-06-05
2026-08-26 10:32:33,V20_Range_Breakout,TITAN.NS,5100.0,4896.0,6018.0,22.50%,2026-01-01,2026-01-15
2026-08-26 10:32:33,V20_Range_Breakout,RADICO.NS,4614.0,2704.0,3357.55,24.17%,2026-04-10,2026-04-20
2026-08-26 10:32:33,V20_Range_Breakout,LALPATHLAB.NS,1937.3,1859.81,2286.01,22.50%,2026-01-01,2026-01-15
2026-08-26 10:32:33,V20_Range_Breakout,ULTRACEMCO.NS,11717.0,11248.32,13826.06,22.50%,2026-01-01,2026-01-15
2026-08-26 10:32:33,V20_Range_Breakout,NESTLEIND.NS,1451.5,1393.44,1712.77,22.50%,2026-01-01,2026-01-15
2026-08-26 10:32:33,V20_Range_Breakout,SANOFI.NS,3191.2,5620.1,10037.9,78.61%,2024-06-07,2024-06-13
2026-08-26 10:32:33,V20_Range_Breakout,VBL.NS,421.25,393.99,474.22,20.36%,2026-04-07,2026-04-17
2026-08-26 10:32:33,V20_Range_Breakout,HONAUT.NS,36445.0,28459.53,36446.95,28.07%,2026-05-19,2026-05-22
2026-08-26 10:32:33,V20_Range_Breakout,ICICIPRULI.NS,515.05,494.45,607.76,22.50%,2026-01-01,2026-01-15
2026-08-26 10:32:33,V20_Range_Breakout,ABBOTINDIA.NS,26555.0,25492.8,31334.9,22.50%,2026-01-01,2026-01-15
2026-08-26 10:32:33,V20_Range_Breakout,HDFCBANK.NS,727.2,698.11,858.1,22.50%,2026-01-01,2026-01-15
2026-08-26 10:32:33,V20_Range_Breakout,RELIANCE.NS,1298.0,1246.08,1531.64,22.50%,2026-01-01,2026-01-15
2026-08-26 10:32:33,V20_Range_Breakout,HDFCAMC.NS,2667.9,2561.18,3148.12,22.50%,2026-01-01,2026-01-15
2026-08-26 10:32:33,V20_Range_Breakout,M&M.NS,3398.2,3262.27,4009.88,22.50%,2026-01-01,2026-01-15
2026-08-26 10:32:33,V20_Range_Breakout,BAJAJFINSV.NS,2010.0,1929.6,2371.8,22.50%,2026-01-01,2026-01-15
2026-08-26 10:32:33,V20_Range_Breakout,PAGEIND.NS,35155.0,33748.8,41482.9,22.50%,2026-01-01,2026-01-15
2026-08-26 10:32:33,V20_Range_Breakout,ASIANPAINT.NS,2626.5,2521.44,3099.27,22.50%,2026-01-01,2026-01-15
2026-08-26 10:32:33,V20_Range_Breakout,UNITDSPR.NS,1538.5,1476.96,1815.43,22.50%,2026-01-01,2026-01-15
2026-08-26 10:32:33,V20_Range_Breakout,APOLLOHOSP.NS,8766.5,8415.84,10344.47,22.50%,2026-01-01,2026-01-15
2026-08-26 10:32:33,V20_Range_Breakout,HINDUNILVR.NS,2021.0,1940.16,2384.78,22.50%,2026-01-01,2026-01-15
2026-08-26 10:32:33,V20_Range_Breakout,SBIN.NS,1052.0,1009.92,1241.36,22.50%,2026-01-01,2026-01-15
2026-08-26 10:32:33,V20_Range_Breakout,BAJFINANCE.NS,1085.0,1041.6,1280.3,22.50%,2026-01-01,2026-01-15
2026-08-26 10:32:33,V20_Range_Breakout,TEAMLEASE.NS,1248.8,2854.65,3478.0,21.84%,2024-07-23,2024-07-29
2026-08-26 10:32:33,V20_Range_Breakout,MARICO.NS,833.0,799.68,982.94,22.50%,2026-01-01,2026-01-15
2026-08-26 10:32:33,V20_Range_Breakout,ICICIGI.NS,1596.9,1533.02,1884.34,22.50%,2026-01-01,2026-01-15
2026-08-26 10:32:33,V20_Range_Breakout,INFY.NS,1120.0,1075.2,1321.6,22.50%,2026-01-01,2026-01-15
2026-08-26 10:32:33,V20_Range_Breakout,GODREJCP.NS,922.8,885.89,1088.9,22.50%,2026-01-01,2026-01-15
2026-08-26 10:32:33,V20_Range_Breakout,BLUESTARCO.NS,1485.0,1573.78,1911.62,21.47%,2026-04-08,2026-04-20
2026-08-26 10:32:33,V20_Range_Breakout,MEDANTA.NS,1458.9,1009.28,1259.1,24.75%,2025-04-07,2025-04-08
2026-08-26 10:32:33,V20_Range_Breakout,CDSL.NS,1434.0,1376.64,1692.12,22.50%,2026-01-01,2026-01-15
2026-08-26 10:32:33,V20_Range_Breakout,ACC.NS,1331.7,1278.43,1571.41,22.50%,2026-01-01,2026-01-15
2026-08-26 10:32:33,V20_Range_Breakout,GILLETTE.NS,7403.5,7207.14,8725.96,21.07%,2025-02-18,2025-02-20
2026-08-26 10:32:33,V20_Range_Breakout,AWL.NS,201.9,193.82,238.24,22.50%,2026-01-01,2026-01-15
2026-08-26 10:32:33,V20_Range_Breakout,KAJARIACER.NS,1209.5,945.5,1178.0,24.59%,2026-04-01,2026-04-15
2026-08-26 10:32:33,V20_Range_Breakout,UBL.NS,1353.7,1299.55,1597.37,22.50%,2026-01-01,2026-01-15
2026-08-26 10:32:33,V20_Range_Breakout,HAVELLS.NS,1258.7,1373.11,1654.06,20.46%,2025-04-07,2025-04-22
2026-08-26 10:32:33,V20_Range_Breakout,LT.NS,4038.1,3876.58,4764.96,22.50%,2026-01-01,2026-01-15
2026-08-26 10:32:33,V20_Range_Breakout,GLAXO.NS,3034.4,1894.45,2642.36,39.48%,2025-02-14,2025-02-20
2026-08-26 10:32:33,V20_Range_Breakout,JIOFIN.NS,241.0,270.84,345.65,27.62%,2024-02-19,2024-02-23
2026-08-26 10:32:33,V20_Range_Breakout,DMART.NS,3826.9,3685.1,4562.6,23.81%,2026-03-24,2026-04-06
2026-08-26 10:32:33,V20_Range_Breakout,BATAINDIA.NS,685.55,658.13,808.95,22.50%,2026-01-01,2026-01-15
2026-08-26 10:32:33,V20_Range_Breakout,QUESS.NS,370.7,238.3,299.62,25.73%,2026-06-30,2026-07-07
2026-08-26 10:32:33,V20_Range_Breakout,EICHERMOT.NS,8035.0,7713.6,9481.3,22.50%,2026-01-01,2026-01-15
2026-08-26 10:32:33,V20_Range_Breakout,AXISBANK.NS,1255.0,1204.8,1480.9,22.50%,2026-01-01,2026-01-15
2026-08-26 10:32:33,V20_Range_Breakout,MRF.NS,133520.0,128179.2,157553.6,22.50%,2026-01-01,2026-01-15
2026-08-26 10:32:33,V20_Range_Breakout,CIPLA.NS,1402.7,1346.59,1655.19,22.50%,2026-01-01,2026-01-15
2026-08-26 10:32:33,V20_Range_Breakout,NAM-INDIA.NS,1223.0,304.5,369.14,21.23%,2023-10-09,2023-10-13
2026-08-26 10:32:33,V20_Range_Breakout,DIXON.NS,14735.0,12749.33,16820.51,31.93%,2025-04-09,2025-04-22
2026-08-26 10:32:33,V20_Range_Breakout,ADANIPORTS.NS,1691.5,1623.84,1995.97,22.50%,2026-01-01,2026-01-15
2026-08-26 10:32:33,V20_Range_Breakout,DABUR.NS,392.2,376.51,462.8,22.50%,2026-01-01,2026-01-15
2026-08-26 10:32:33,V20_Range_Breakout,BAJAJ-AUTO.NS,11724.0,11255.04,13834.32,22.50%,2026-01-01,2026-01-15
2026-08-26 10:32:33,V20_Range_Breakout,MCX.NS,3350.0,903.55,1187.07,31.38%,2025-04-07,2025-04-21
2026-08-26 10:32:33,V20_Range_Breakout,CAMS.NS,746.0,867.21,1041.1,20.05%,2024-11-25,2024-12-05
2026-08-26 10:32:33,V20_Range_Breakout,COLPAL.NS,1860.0,1785.6,2194.8,22.50%,2026-01-01,2026-01-15
2026-08-26 10:32:33,V20_Range_Breakout,PFIZER.NS,4802.5,4212.44,5601.44,32.97%,2025-05-19,2025-06-05
2026-08-26 10:32:33,V20_Range_Breakout,HCLTECH.NS,1298.5,1246.56,1532.23,22.50%,2026-01-01,2026-01-15
2026-08-26 10:32:33,V20_Range_Breakout,PIDILITIND.NS,1650.0,1584.0,1947.0,22.50%,2026-01-01,2026-01-15
2026-08-26 10:32:33,V20_Range_Breakout,ICICIBANK.NS,1430.0,1372.8,1687.4,22.50%,2026-01-01,2026-01-15
2026-08-26 10:32:33,V20_Range_Breakout,MARUTI.NS,13520.0,12979.2,15953.6,22.50%,2026-01-01,2026-01-15
2026-08-26 10:32:33,V20_Range_Breakout,ERIS.NS,1310.7,1091.34,1389.64,27.33%,2025-04-07,2025-04-11
2026-08-26 10:32:33,V20_Range_Breakout,FORTIS.NS,913.85,877.3,1078.34,22.50%,2026-01-01,2026-01-15
2026-08-26 10:32:33,V20_Range_Breakout,BSE.NS,3325.6,2384.72,2910.33,22.04%,2025-05-29,2025-06-05
2026-08-26 10:32:33,V20_Range_Breakout,ASTRAZEN.NS,7153.0,7758.7,9954.35,28.30%,2025-05-29,2025-06-05
2026-08-26 10:32:33,V20_Range_Breakout,BOSCHLTD.NS,48895.0,28929.63,37423.73,29.36%,2026-04-01,2026-04-10
2026-08-26 10:32:33,V20_Range_Breakout,JSWINFRA.NS,344.95,331.15,407.04,22.50%,2026-01-01,2026-01-15
2026-08-26 10:32:33,V20_Range_Breakout,VOLTAS.NS,1217.0,1125.16,1394.41,23.93%,2025-02-01,2025-02-03
2026-08-26 10:32:33,V20_Range_Breakout,RELAXO.NS,367.4,363.7,439.95,20.97%,2026-07-17,2026-07-17
2026-08-26 10:32:33,V20_Range_Breakout,INDHOTEL.NS,721.0,692.16,850.78,22.50%,2026-01-01,2026-01-15
2026-08-26 10:32:33,V20_Range_Breakout,ITC.NS,270.25,259.44,318.89,22.50%,2026-01-01,2026-01-15
2026-08-26 10:32:33,V20_Range_Breakout,TCS.NS,2270.0,2179.2,2678.6,22.50%,2026-01-01,2026-01-15
2026-08-26 10:32:33,V20_Range_Breakout,HDFCLIFE.NS,553.0,530.88,652.54,22.50%,2026-01-01,2026-01-15
2026-08-26 10:32:33,V20_Range_Breakout,HYUNDAI.NS,2250.0,2160.0,2655.0,22.50%,2026-01-01,2026-01-15
2026-08-26 10:32:33,V20_Range_Breakout,KOTAKBANK.NS,416.7,400.03,491.71,22.50%,2026-01-01,2026-01-15
2026-08-26 10:32:33,V20_Range_Breakout,ANGELONE.NS,298.85,227.75,283.32,24.40%,2026-04-01,2026-04-09
2026-08-26 10:32:33,V20_Range_Breakout,PGHH.NS,8136.5,7811.04,9601.07,22.50%,2026-01-01,2026-01-15
2026-08-27 17:18:43,V20_Range_Breakout,APOLLOHOSP.NS,8800.0,8448.0,10384.0,22.50%,2026-01-01,2026-01-15
2026-08-27 17:18:43,V20_Range_Breakout,MRF.NS,133600.0,128256.0,157648.0,22.50%,2026-01-01,2026-01-15
2026-08-27 17:18:43,V20_Range_Breakout,INFY.NS,1110.8,1066.37,1310.74,22.50%,2026-01-01,2026-01-15
2026-08-27 17:18:43,V20_Range_Breakout,ABBOTINDIA.NS,26350.0,25296.0,31093.0,22.50%,2026-01-01,2026-01-15
2026-08-27 17:18:43,V20_Range_Breakout,RELAXO.NS,356.1,363.7,439.95,20.97%,2026-07-17,2026-07-17
2026-08-27 17:18:43,V20_Range_Breakout,AXISBANK.NS,1256.0,1205.76,1482.08,22.50%,2026-01-01,2026-01-15
2026-08-27 17:18:43,V20_Range_Breakout,JSWINFRA.NS,337.95,324.43,398.78,22.50%,2026-01-01,2026-01-15
2026-08-27 17:18:43,V20_Range_Breakout,HYUNDAI.NS,2253.0,2162.88,2658.54,22.50%,2026-01-01,2026-01-15
2026-08-27 17:18:43,V20_Range_Breakout,SBIN.NS,1042.9,1001.18,1230.62,22.50%,2026-01-01,2026-01-15
2026-08-27 17:18:43,V20_Range_Breakout,BAJFINANCE.NS,1083.0,1039.68,1277.94,22.50%,2026-01-01,2026-01-15
2026-08-27 17:18:43,V20_Range_Breakout,BAJAJFINSV.NS,2011.0,1930.56,2372.98,22.50%,2026-01-01,2026-01-15
2026-08-27 17:18:43,V20_Range_Breakout,ASTRAZEN.NS,7136.0,7758.7,9954.35,28.30%,2025-05-29,2025-06-05
2026-08-27 17:18:43,V20_Range_Breakout,BLUESTARCO.NS,1497.0,1573.78,1911.62,21.47%,2026-04-08,2026-04-20
2026-08-27 17:18:43,V20_Range_Breakout,MEDANTA.NS,1508.9,1009.28,1259.1,24.75%,2025-04-07,2025-04-08
2026-08-27 17:18:43,V20_Range_Breakout,PIDILITIND.NS,1656.0,1589.76,1954.08,22.50%,2026-01-01,2026-01-15
2026-08-27 17:18:43,V20_Range_Breakout,EICHERMOT.NS,8100.0,7776.0,9558.0,22.50%,2026-01-01,2026-01-15
2026-08-27 17:18:43,V20_Range_Breakout,MARUTI.NS,13440.0,12902.4,15859.2,22.50%,2026-01-01,2026-01-15
2026-08-27 17:18:43,V20_Range_Breakout,NESTLEIND.NS,1450.0,1392.0,1711.0,22.50%,2026-01-01,2026-01-15
2026-08-27 17:18:43,V20_Range_Breakout,UNITDSPR.NS,1522.0,1461.12,1795.96,22.50%,2026-01-01,2026-01-15
2026-08-27 17:18:43,V20_Range_Breakout,M&M.NS,3330.0,3196.8,3929.4,22.50%,2026-01-01,2026-01-15
2026-08-27 17:18:43,V20_Range_Breakout,ICICIBANK.NS,1443.0,1385.28,1702.74,22.50%,2026-01-01,2026-01-15
2026-08-27 17:18:43,V20_Range_Breakout,LALPATHLAB.NS,1936.4,1858.94,2284.95,22.50%,2026-01-01,2026-01-15
2026-08-27 17:18:43,V20_Range_Breakout,ICICIPRULI.NS,510.0,489.6,601.8,22.50%,2026-01-01,2026-01-15
2026-08-27 17:18:43,V20_Range_Breakout,VOLTAS.NS,1217.5,1125.16,1394.41,23.93%,2025-02-01,2025-02-03
2026-08-27 17:18:43,V20_Range_Breakout,GLAXO.NS,3069.1,1894.45,2642.36,39.48%,2025-02-14,2025-02-20
2026-08-27 17:18:43,V20_Range_Breakout,VBL.NS,418.75,393.99,474.22,20.36%,2026-04-07,2026-04-17
2026-08-27 17:18:43,V20_Range_Breakout,PGHH.NS,8102.5,7778.4,9560.95,22.50%,2026-01-01,2026-01-15
2026-08-27 17:18:43,V20_Range_Breakout,DABUR.NS,386.2,370.75,455.72,22.50%,2026-01-01,2026-01-15
2026-08-27 17:18:43,V20_Range_Breakout,CIPLA.NS,1420.0,1363.2,1675.6,22.50%,2026-01-01,2026-01-15
2026-08-27 17:18:43,V20_Range_Breakout,ASIANPAINT.NS,2631.0,2525.76,3104.58,22.50%,2026-01-01,2026-01-15
2026-08-27 17:18:43,V20_Range_Breakout,MCX.NS,3273.0,903.55,1187.07,31.38%,2025-04-07,2025-04-21
2026-08-27 17:18:43,V20_Range_Breakout,ITC.NS,269.0,258.24,317.42,22.50%,2026-01-01,2026-01-15
2026-08-27 17:18:43,V20_Range_Breakout,GILLETTE.NS,7409.0,7207.14,8725.96,21.07%,2025-02-18,2025-02-20
2026-08-27 17:18:43,V20_Range_Breakout,LT.NS,4027.0,3865.92,4751.86,22.50%,2026-01-01,2026-01-15
2026-08-27 17:18:43,V20_Range_Breakout,KOTAKBANK.NS,424.2,407.23,500.56,22.50%,2026-01-01,2026-01-15
2026-08-27 17:18:43,V20_Range_Breakout,TITAN.NS,5139.3,4933.73,6064.37,22.50%,2026-01-01,2026-01-15
2026-08-27 17:18:43,V20_Range_Breakout,QUESS.NS,356.95,238.3,299.62,25.73%,2026-06-30,2026-07-07
2026-08-27 17:18:43,V20_Range_Breakout,AWL.NS,199.74,191.75,235.69,22.50%,2026-01-01,2026-01-15
2026-08-27 17:18:43,V20_Range_Breakout,HAVELLS.NS,1241.0,1373.11,1654.06,20.46%,2025-04-07,2025-04-22
2026-08-27 17:18:43,V20_Range_Breakout,BATAINDIA.NS,681.6,654.34,804.29,22.50%,2026-01-01,2026-01-15
2026-08-27 17:18:43,V20_Range_Breakout,RELIANCE.NS,1282.2,1230.91,1513.0,22.50%,2026-01-01,2026-01-15
2026-08-27 17:18:43,V20_Range_Breakout,SANOFI.NS,3181.0,5620.1,10037.9,78.61%,2024-06-07,2024-06-13
2026-08-27 17:18:43,V20_Range_Breakout,ADANIPORTS.NS,1714.0,1645.44,2022.52,22.50%,2026-01-01,2026-01-15
2026-08-27 17:18:43,V20_Range_Breakout,ICICIGI.NS,1588.1,1524.58,1873.96,22.50%,2026-01-01,2026-01-15
2026-08-27 17:18:43,V20_Range_Breakout,HINDUNILVR.NS,2009.0,1928.64,2370.62,22.50%,2026-01-01,2026-01-15
2026-08-27 17:18:43,V20_Range_Breakout,CAMS.NS,740.9,867.21,1041.1,20.05%,2024-11-25,2024-12-05
2026-08-27 17:18:43,V20_Range_Breakout,NAM-INDIA.NS,1204.0,304.5,369.14,21.23%,2023-10-09,2023-10-13
2026-08-27 17:18:43,V20_Range_Breakout,ERIS.NS,1312.2,1091.34,1389.64,27.33%,2025-04-07,2025-04-11
2026-08-27 17:18:43,V20_Range_Breakout,FORTIS.NS,915.65,879.02,1080.47,22.50%,2026-01-01,2026-01-15
2026-08-27 17:18:43,V20_Range_Breakout,HCLTECH.NS,1282.0,1230.72,1512.76,22.50%,2026-01-01,2026-01-15
2026-08-27 17:18:43,V20_Range_Breakout,PFIZER.NS,4740.4,4212.44,5601.44,32.97%,2025-05-19,2025-06-05
2026-08-27 17:18:43,V20_Range_Breakout,GODREJCP.NS,923.0,886.08,1089.14,22.50%,2026-01-01,2026-01-15
2026-08-27 17:18:43,V20_Range_Breakout,BSE.NS,3328.0,2384.72,2910.33,22.04%,2025-05-29,2025-06-05
2026-08-27 17:18:43,V20_Range_Breakout,HDFCBANK.NS,711.0,682.56,838.98,22.50%,2026-01-01,2026-01-15
2026-08-27 17:18:43,V20_Range_Breakout,TEAMLEASE.NS,1252.7,2854.65,3478.0,21.84%,2024-07-23,2024-07-29
2026-08-27 17:18:43,V20_Range_Breakout,ACC.NS,1310.6,1258.18,1546.51,22.50%,2026-01-01,2026-01-15
2026-08-27 17:18:43,V20_Range_Breakout,UBL.NS,1346.6,1292.74,1588.99,22.50%,2026-01-01,2026-01-15
2026-08-27 17:18:43,V20_Range_Breakout,INDHOTEL.NS,718.5,689.76,847.83,22.50%,2026-01-01,2026-01-15
2026-08-27 17:18:43,V20_Range_Breakout,HONAUT.NS,36800.0,28459.53,36446.95,28.07%,2026-05-19,2026-05-22
2026-08-27 17:18:43,V20_Range_Breakout,COLPAL.NS,1845.0,1771.2,2177.1,22.50%,2026-01-01,2026-01-15
2026-08-27 17:18:43,V20_Range_Breakout,HDFCLIFE.NS,548.0,526.08,646.64,22.50%,2026-01-01,2026-01-15
2026-08-27 17:18:43,V20_Range_Breakout,CDSL.NS,1410.8,1354.37,1664.74,22.50%,2026-01-01,2026-01-15
2026-08-27 17:18:43,V20_Range_Breakout,DMART.NS,3847.4,3685.1,4562.6,23.81%,2026-03-24,2026-04-06
2026-08-27 17:18:43,V20_Range_Breakout,ANGELONE.NS,295.9,227.75,283.32,24.40%,2026-04-01,2026-04-09
2026-08-27 17:18:43,V20_Range_Breakout,TCS.NS,2248.4,2158.46,2653.11,22.50%,2026-01-01,2026-01-15
2026-08-27 17:18:43,V20_Range_Breakout,HDFCAMC.NS,2575.0,2472.0,3038.5,22.50%,2026-01-01,2026-01-15
2026-08-27 17:18:43,V20_Range_Breakout,BAJAJ-AUTO.NS,11720.0,11251.2,13829.6,22.50%,2026-01-01,2026-01-15
2026-08-27 17:18:43,V20_Range_Breakout,PAGEIND.NS,35800.0,34368.0,42244.0,22.50%,2026-01-01,2026-01-15
2026-08-27 17:18:43,V20_Range_Breakout,JIOFIN.NS,238.1,270.84,345.65,27.62%,2024-02-19,2024-02-23
2026-08-27 17:18:43,V20_Range_Breakout,DIXON.NS,14711.0,12749.33,16820.51,31.93%,2025-04-09,2025-04-22
2026-08-27 17:18:43,V20_Range_Breakout,RADICO.NS,4606.0,2704.0,3357.55,24.17%,2026-04-10,2026-04-20
2026-08-27 17:18:43,V20_Range_Breakout,BOSCHLTD.NS,48780.0,28929.63,37423.73,29.36%,2026-04-01,2026-04-10
2026-08-27 17:18:43,V20_Range_Breakout,KAJARIACER.NS,1200.4,945.5,1178.0,24.59%,2026-04-01,2026-04-15
2026-08-27 17:18:43,V20_Range_Breakout,ULTRACEMCO.NS,11717.0,11248.32,13826.06,22.50%,2026-01-01,2026-01-15
2026-08-27 17:18:43,V20_Range_Breakout,MARICO.NS,833.5,800.16,983.53,22.50%,2026-01-01,2026-01-15
2026-08-28 18:11:14,V20_Range_Breakout,HAVELLS.NS,1222.9,1373.11,1654.06,20.46%,2025-04-07,2025-04-22
2026-08-28 18:11:14,V20_Range_Breakout,CDSL.NS,1414.7,1358.11,1669.35,22.50%,2026-01-01,2026-01-15
2026-08-28 18:11:14,V20_Range_Breakout,GODREJCP.NS,915.0,878.4,1079.7,22.50%,2026-01-01,2026-01-15
2026-08-28 18:11:14,V20_Range_Breakout,ANGELONE.NS,294.0,227.75,283.32,24.40%,2026-04-01,2026-04-09
2026-08-28 18:11:14,V20_Range_Breakout,ASIANPAINT.NS,2608.7,2504.35,3078.27,22.50%,2026-01-01,2026-01-15
2026-08-28 18:11:14,V20_Range_Breakout,UNITDSPR.NS,1510.0,1449.6,1781.8,22.50%,2026-01-01,2026-01-15
2026-08-28 18:11:14,V20_Range_Breakout,RELAXO.NS,356.75,363.7,439.95,20.97%,2026-07-17,2026-07-17
2026-08-28 18:11:14,V20_Range_Breakout,BAJFINANCE.NS,1079.9,1036.7,1274.28,22.50%,2026-01-01,2026-01-15
2026-08-28 18:11:14,V20_Range_Breakout,HINDUNILVR.NS,2010.4,1929.98,2372.27,22.50%,2026-01-01,2026-01-15
2026-08-28 18:11:14,V20_Range_Breakout,BAJAJ-AUTO.NS,11910.0,11433.6,14053.8,22.50%,2026-01-01,2026-01-15
2026-08-28 18:11:14,V20_Range_Breakout,DABUR.NS,386.0,370.56,455.48,22.50%,2026-01-01,2026-01-15
2026-08-28 18:11:14,V20_Range_Breakout,KAJARIACER.NS,1215.5,945.5,1178.0,24.59%,2026-04-01,2026-04-15
2026-08-28 18:11:14,V20_Range_Breakout,JSWINFRA.NS,342.95,329.23,404.68,22.50%,2026-01-01,2026-01-15
2026-08-28 18:11:14,V20_Range_Breakout,SBIN.NS,1047.5,1005.6,1236.05,22.50%,2026-01-01,2026-01-15
2026-08-28 18:11:14,V20_Range_Breakout,AXISBANK.NS,1265.0,1214.4,1492.7,22.50%,2026-01-01,2026-01-15
2026-08-28 18:11:14,V20_Range_Breakout,VOLTAS.NS,1200.0,1125.16,1394.41,23.93%,2025-02-01,2025-02-03
2026-08-28 18:11:14,V20_Range_Breakout,NAM-INDIA.NS,1194.4,304.5,369.14,21.23%,2023-10-09,2023-10-13
2026-08-28 18:11:14,V20_Range_Breakout,ICICIGI.NS,1562.0,1499.52,1843.16,22.50%,2026-01-01,2026-01-15
2026-08-28 18:11:14,V20_Range_Breakout,DIXON.NS,14650.0,12749.33,16820.51,31.93%,2025-04-09,2025-04-22
2026-08-28 18:11:14,V20_Range_Breakout,AWL.NS,196.27,188.42,231.6,22.50%,2026-01-01,2026-01-15
2026-08-28 18:11:14,V20_Range_Breakout,ICICIBANK.NS,1422.8,1365.89,1678.9,22.50%,2026-01-01,2026-01-15
2026-08-28 18:11:14,V20_Range_Breakout,MARICO.NS,829.65,796.46,978.99,22.50%,2026-01-01,2026-01-15
2026-08-28 18:11:14,V20_Range_Breakout,KOTAKBANK.NS,423.7,406.75,499.97,22.50%,2026-01-01,2026-01-15
2026-08-28 18:11:14,V20_Range_Breakout,ADANIPORTS.NS,1707.5,1639.2,2014.85,22.50%,2026-01-01,2026-01-15
2026-08-28 18:11:14,V20_Range_Breakout,HONAUT.NS,36635.0,28459.53,36446.95,28.07%,2026-05-19,2026-05-22
2026-08-28 18:11:14,V20_Range_Breakout,CAMS.NS,762.0,867.21,1041.1,20.05%,2024-11-25,2024-12-05
2026-08-28 18:11:14,V20_Range_Breakout,BATAINDIA.NS,681.3,654.05,803.93,22.50%,2026-01-01,2026-01-15
2026-08-28 18:11:14,V20_Range_Breakout,MCX.NS,3332.0,901.34,1184.16,31.38%,2025-04-07,2025-04-21
2026-08-28 18:11:14,V20_Range_Breakout,TCS.NS,2342.0,2248.32,2763.56,22.50%,2026-01-01,2026-01-15
2026-08-28 18:11:14,V20_Range_Breakout,TEAMLEASE.NS,1272.7,2854.65,3478.0,21.84%,2024-07-23,2024-07-29
2026-08-28 18:11:14,V20_Range_Breakout,HDFCBANK.NS,720.3,691.49,849.95,22.50%,2026-01-01,2026-01-15
2026-08-28 18:11:14,V20_Range_Breakout,BAJAJFINSV.NS,2002.0,1921.92,2362.36,22.50%,2026-01-01,2026-01-15
2026-08-28 18:11:14,V20_Range_Breakout,FORTIS.NS,926.75,889.68,1093.57,22.50%,2026-01-01,2026-01-15
2026-08-28 18:11:14,V20_Range_Breakout,BSE.NS,3405.0,2384.72,2910.33,22.04%,2025-05-29,2025-06-05
2026-08-28 18:11:14,V20_Range_Breakout,VBL.NS,414.0,393.99,474.22,20.36%,2026-04-07,2026-04-17
2026-08-28 18:11:14,V20_Range_Breakout,BOSCHLTD.NS,48640.0,28929.63,37423.73,29.36%,2026-04-01,2026-04-10
2026-08-28 18:11:14,V20_Range_Breakout,LT.NS,4045.8,3883.97,4774.04,22.50%,2026-01-01,2026-01-15
2026-08-28 18:11:14,V20_Range_Breakout,COLPAL.NS,1826.9,1753.82,2155.74,22.50%,2026-01-01,2026-01-15
2026-08-28 18:11:14,V20_Range_Breakout,RELIANCE.NS,1287.0,1235.52,1518.66,22.50%,2026-01-01,2026-01-15
2026-08-28 18:11:14,V20_Range_Breakout,HYUNDAI.NS,2267.0,2176.32,2675.06,22.50%,2026-01-01,2026-01-15
2026-08-28 18:11:14,V20_Range_Breakout,HDFCAMC.NS,2569.0,2466.24,3031.42,22.50%,2026-01-01,2026-01-15
2026-08-28 18:11:14,V20_Range_Breakout,CIPLA.NS,1423.5,1366.56,1679.73,22.50%,2026-01-01,2026-01-15
2026-08-28 18:11:14,V20_Range_Breakout,HDFCLIFE.NS,548.0,526.08,646.64,22.50%,2026-01-01,2026-01-15
2026-08-28 18:11:14,V20_Range_Breakout,ASTRAZEN.NS,7106.5,7758.7,9954.35,28.30%,2025-05-29,2025-06-05
2026-08-28 18:11:14,V20_Range_Breakout,PIDILITIND.NS,1629.5,1564.32,1922.81,22.50%,2026-01-01,2026-01-15
2026-08-28 18:11:14,V20_Range_Breakout,MARUTI.NS,13376.0,12840.96,15783.68,22.50%,2026-01-01,2026-01-15
2026-08-28 18:11:14,V20_Range_Breakout,TITAN.NS,5169.2,4962.43,6099.66,22.50%,2026-01-01,2026-01-15
2026-08-28 18:11:14,V20_Range_Breakout,RADICO.NS,4605.0,2704.0,3357.55,24.17%,2026-04-10,2026-04-20
2026-08-28 18:11:14,V20_Range_Breakout,HCLTECH.NS,1316.1,1263.46,1553.0,22.50%,2026-01-01,2026-01-15
2026-08-28 18:11:14,V20_Range_Breakout,INDHOTEL.NS,706.4,678.14,833.55,22.50%,2026-01-01,2026-01-15
2026-08-28 18:11:14,V20_Range_Breakout,DMART.NS,3830.6,3685.1,4562.6,23.81%,2026-03-24,2026-04-06
2026-08-28 18:11:14,V20_Range_Breakout,MRF.NS,132080.0,126796.8,155854.4,22.50%,2026-01-01,2026-01-15
2026-08-28 18:11:14,V20_Range_Breakout,MEDANTA.NS,1472.2,1009.28,1259.1,24.75%,2025-04-07,2025-04-08
2026-08-28 18:11:14,V20_Range_Breakout,ULTRACEMCO.NS,11589.0,11125.44,13675.02,22.50%,2026-01-01,2026-01-15
2026-08-28 18:11:14,V20_Range_Breakout,PAGEIND.NS,35985.0,34545.6,42462.3,22.50%,2026-01-01,2026-01-15
2026-08-28 18:11:14,V20_Range_Breakout,BLUESTARCO.NS,1480.0,1573.78,1911.62,21.47%,2026-04-08,2026-04-20
2026-08-28 18:11:14,V20_Range_Breakout,GLAXO.NS,3106.4,1894.45,2642.36,39.48%,2025-02-14,2025-02-20
2026-08-28 18:11:14,V20_Range_Breakout,EICHERMOT.NS,8059.0,7736.64,9509.62,22.50%,2026-01-01,2026-01-15
2026-08-28 18:11:14,V20_Range_Breakout,APOLLOHOSP.NS,8838.5,8484.96,10429.43,22.50%,2026-01-01,2026-01-15
2026-08-28 18:11:14,V20_Range_Breakout,ICICIPRULI.NS,506.0,485.76,597.08,22.50%,2026-01-01,2026-01-15
2026-08-28 18:11:14,V20_Range_Breakout,JIOFIN.NS,238.4,270.84,345.65,27.62%,2024-02-19,2024-02-23
2026-08-28 18:11:14,V20_Range_Breakout,SANOFI.NS,3181.6,5620.1,10037.9,78.61%,2024-06-07,2024-06-13
2026-08-28 18:11:14,V20_Range_Breakout,GILLETTE.NS,7316.0,7207.14,8725.96,21.07%,2025-02-18,2025-02-20
2026-08-28 18:11:14,V20_Range_Breakout,ACC.NS,1306.4,1254.14,1541.55,22.50%,2026-01-01,2026-01-15
2026-08-28 18:11:14,V20_Range_Breakout,ABBOTINDIA.NS,26175.0,25128.0,30886.5,22.50%,2026-01-01,2026-01-15
2026-08-28 18:11:14,V20_Range_Breakout,ITC.NS,266.0,255.36,313.88,22.50%,2026-01-01,2026-01-15
2026-08-28 18:11:14,V20_Range_Breakout,UBL.NS,1334.1,1280.74,1574.24,22.50%,2026-01-01,2026-01-15
2026-08-28 18:11:14,V20_Range_Breakout,INFY.NS,1144.0,1098.24,1349.92,22.50%,2026-01-01,2026-01-15
2026-08-28 18:11:14,V20_Range_Breakout,LALPATHLAB.NS,1931.1,1853.86,2278.7,22.50%,2026-01-01,2026-01-15
2026-08-28 18:11:14,V20_Range_Breakout,PFIZER.NS,4703.8,4212.44,5601.44,32.97%,2025-05-19,2025-06-05
2026-08-28 18:11:14,V20_Range_Breakout,QUESS.NS,372.25,238.3,299.62,25.73%,2026-06-30,2026-07-07
2026-08-28 18:11:14,V20_Range_Breakout,ERIS.NS,1314.8,1091.34,1389.64,27.33%,2025-04-07,2025-04-11
2026-08-28 18:11:14,V20_Range_Breakout,NESTLEIND.NS,1454.6,1396.42,1716.43,22.50%,2026-01-01,2026-01-15
2026-08-28 18:11:14,V20_Range_Breakout,PGHH.NS,8092.0,7768.32,9548.56,22.50%,2026-01-01,2026-01-15
2026-08-28 18:11:14,V20_Range_Breakout,M&M.NS,3334.0,3200.64,3934.12,22.50%,2026-01-01,2026-01-15
